Date,Tournament,Series,Surface,Round,Best of,Player_1,Player_2,Winner,Rank_1,Rank_2,Pts_1,Pts_2,Score
2025-09-01,US Open,Grand Slam,Hard,4th Round,5,Musetti L.,Munar J.,Musetti L.,10.0,44.0,3205.0,1117.0,6-3 6-0 6-1
2025-09-01,US Open,Grand Slam,Hard,4th Round,5,Riedi L.,De Minaur A.,De Minaur A.,435.0,8.0,104.0,3545.0,3-6 2-6 1-6
2025-09-01,US Open,Grand Slam,Hard,4th Round,5,Rublev A.,Auger-Aliassime F.,Auger-Aliassime F.,15.0,27.0,2610.0,1965.0,5-7 3-6 4-6
2025-09-01,US Open,Grand Slam,Hard,4th Round,5,Struff J.L.,Djokovic N.,Djokovic N.,144.0,7.0,428.0,4130.0,3-6 3-6 2-6
2025-09-02,US Open,Grand Slam,Hard,4th Round,5,Bublik A.,Sinner J.,Sinner J.,24.0,1.0,2055.0,11480.0,1-6 1-6 1-6
2025-09-02,US Open,Grand Slam,Hard,Quarterfinals,5,Alcaraz C.,Lehecka J.,Alcaraz C.,2.0,21.0,9590.0,2115.0,6-4 6-2 6-4
2025-09-03,US Open,Grand Slam,Hard,Quarterfinals,5,Auger-Aliassime F.,De Minaur A.,Auger-Aliassime F.,27.0,8.0,1965.0,3545.0,4-6 7-6 7-5 7-6
2025-09-03,US Open,Grand Slam,Hard,Quarterfinals,5,Fritz T.,Djokovic N.,Djokovic N.,4.0,7.0,5575.0,4130.0,3-6 5-7 6-3 4-6
2025-09-04,US Open,Grand Slam,Hard,Quarterfinals,5,Sinner J.,Musetti L.,Sinner J.,1.0,10.0,11480.0,3205.0,6-1 6-4 6-2
2025-09-05,US Open,Grand Slam,Hard,Semifinals,5,Djokovic N.,Alcaraz C.,Alcaraz C.,7.0,2.0,4130.0,9590.0,4-6 6-7 2-6
2025-09-06,US Open,Grand Slam,Hard,Semifinals,5,Auger-Aliassime F.,Sinner J.,Sinner J.,27.0,1.0,1965.0,11480.0,1-6 6-3 3-6 4-6
2025-09-07,US Open,Grand Slam,Hard,The Final,5,Alcaraz C.,Sinner J.,Alcaraz C.,2.0,1.0,9590.0,11480.0,6-2 3-6 6-1 6-4
2025-09-17,Chengdu Open,ATP250,Hard,1st Round,3,Bergs Z.,Shang J.,Shang J.,46.0,138.0,1089.0,460.0,1-6 7-5 4-6
2025-09-17,Chengdu Open,ATP250,Hard,1st Round,3,Giron M.,Quinn E.,Giron M.,50.0,81.0,1000.0,773.0,7-5 6-4
2025-09-17,Chengdu Open,ATP250,Hard,1st Round,3,Halys Q.,O Connell C.,O Connell C.,75.0,103.0,806.0,619.0,7-6 3-6 4-6
2025-09-17,Chengdu Open,ATP250,Hard,1st Round,3,Norrie C.,Zhou Y.,Zhou Y.,34.0,304.0,1397.0,170.0,7-6 4-6 6-7
2025-09-17,Hangzhou Open,ATP250,Hard,1st Round,3,Mannarino A.,Wu Y.,Wu Y.,53.0,196.0,947.0,272.0,6-4 6-7 5-7
2025-09-17,Hangzhou Open,ATP250,Hard,1st Round,3,Navone M.,Tien L.,Tien L.,82.0,54.0,770.0,945.0,7-5 3-6 4-6
2025-09-18,Chengdu Open,ATP250,Hard,1st Round,3,Atmane T.,Prizmic D.,Prizmic D.,70.0,121.0,852.0,536.0,4-6 3-6
2025-09-18,Chengdu Open,ATP250,Hard,1st Round,3,Cerundolo J.M.,Sonego L.,Sonego L.,72.0,44.0,829.0,1090.0,6-4 3-6 1-6
2025-09-18,Chengdu Open,ATP250,Hard,1st Round,3,Harris B.,Basilashvili N.,Basilashvili N.,131.0,114.0,492.0,558.0,6-7 3-6
2025-09-18,Chengdu Open,ATP250,Hard,1st Round,3,McDonald M.,Van De Zandschulp B.,McDonald M.,98.0,83.0,642.0,759.0,6-4 3-6 6-3
2025-09-18,Chengdu Open,ATP250,Hard,1st Round,3,Misolic F.,Mpetshi G.,Mpetshi G.,92.0,36.0,671.0,1275.0,6-3 1-6 4-6
2025-09-18,Chengdu Open,ATP250,Hard,1st Round,3,Thompson J.,Tabilo A.,Tabilo A.,78.0,112.0,795.0,567.0,4-6 3-6
2025-09-18,Chengdu Open,ATP250,Hard,1st Round,3,Wong C.,Daniel T.,Daniel T.,149.0,168.0,418.0,326.0,3-6 2-6
2025-09-18,Hangzhou Open,ATP250,Hard,1st Round,3,Basavareddy N.,Cilic M.,Basavareddy N.,109.0,59.0,590.0,914.0,4-6 6-4 6-3
2025-09-18,Hangzhou Open,ATP250,Hard,1st Round,3,Berrettini M.,Svrcina D.,Svrcina D.,57.0,99.0,925.0,641.0,3-6 3-6
2025-09-18,Hangzhou Open,ATP250,Hard,1st Round,3,Bu Y.,Zhang Zh.,Zhang Zh.,74.0,192.0,811.0,275.0,7-6 4-6 6-7
2025-09-18,Hangzhou Open,ATP250,Hard,1st Round,3,Dzumhur D.,Etcheverry T.,Etcheverry T.,68.0,63.0,868.0,890.0,2-6 4-6
2025-09-18,Hangzhou Open,ATP250,Hard,1st Round,3,Zeppieri G.,Sun F.,Zeppieri G.,169.0,236.0,324.0,241.0,6-3 6-2
2025-09-19,Chengdu Open,ATP250,Hard,2nd Round,3,Darderi L.,Tabilo A.,Tabilo A.,30.0,112.0,1584.0,567.0,4-6 3-6
2025-09-19,Chengdu Open,ATP250,Hard,2nd Round,3,Giron M.,Sonego L.,Giron M.,50.0,44.0,1000.0,1090.0,6-4 6-4
2025-09-19,Chengdu Open,ATP250,Hard,2nd Round,3,Nakashima B.,Shang J.,Nakashima B.,33.0,138.0,1420.0,460.0,7-5 6-3
2025-09-19,Chengdu Open,ATP250,Hard,2nd Round,3,Zhou Y.,O Connell C.,O Connell C.,304.0,103.0,170.0,619.0,2-6 4-6
2025-09-19,Hangzhou Open,ATP250,Hard,1st Round,3,Arnaldi M.,Cazaux A.,Cazaux A.,73.0,84.0,825.0,757.0,4-6 6-3 5-7
2025-09-19,Hangzhou Open,ATP250,Hard,1st Round,3,Korda S.,Walton A.,Korda S.,79.0,76.0,795.0,803.0,7-5 6-3
2025-09-19,Hangzhou Open,ATP250,Hard,1st Round,3,Kovacevic A.,Royer V.,Royer V.,69.0,88.0,862.0,677.0,6-4 6-7 3-6
2025-09-19,Hangzhou Open,ATP250,Hard,1st Round,3,Ugo Carabelli C.,Hijikata R.,Hijikata R.,43.0,111.0,1123.0,583.0,6-7 4-6
2025-09-19,Hangzhou Open,ATP250,Hard,1st Round,3,Vukic A.,Goffin D.,Vukic A.,93.0,87.0,668.0,734.0,6-4 1-6 6-1
2025-09-20,Chengdu Open,ATP250,Hard,2nd Round,3,Griekspoor T.,Daniel T.,Daniel T.,31.0,168.0,1565.0,326.0,6-3 4-6 3-6
2025-09-20,Chengdu Open,ATP250,Hard,2nd Round,3,McDonald M.,Basilashvili N.,Basilashvili N.,98.0,114.0,642.0,558.0,2-6 6-7
2025-09-20,Chengdu Open,ATP250,Hard,2nd Round,3,Mpetshi G.,Shevchenko A.,Shevchenko A.,36.0,96.0,1275.0,652.0,7-6 6-7 4-6
2025-09-20,Chengdu Open,ATP250,Hard,2nd Round,3,Musetti L.,Prizmic D.,Musetti L.,9.0,121.0,3505.0,536.0,7-5 3-6 6-2
2025-09-20,Hangzhou Open,ATP250,Hard,2nd Round,3,Basavareddy N.,Medvedev D.,Medvedev D.,109.0,18.0,590.0,2370.0,2-6 3-6
2025-09-20,Hangzhou Open,ATP250,Hard,2nd Round,3,Bublik A.,Vukic A.,Bublik A.,19.0,93.0,2245.0,668.0,6-7 6-4 6-4
2025-09-20,Hangzhou Open,ATP250,Hard,2nd Round,3,Cazaux A.,Moutet C.,Moutet C.,84.0,39.0,757.0,1146.0,7-6 3-6 6-7
2025-09-20,Hangzhou Open,ATP250,Hard,2nd Round,3,Hijikata R.,Etcheverry T.,Etcheverry T.,111.0,63.0,583.0,890.0,1-6 4-6
2025-09-20,Hangzhou Open,ATP250,Hard,2nd Round,3,Royer V.,Rublev A.,Royer V.,88.0,14.0,677.0,2610.0,6-4 7-6
2025-09-20,Hangzhou Open,ATP250,Hard,2nd Round,3,Svrcina D.,Zhang Zh.,Svrcina D.,99.0,192.0,641.0,275.0,6-4 6-3
2025-09-20,Hangzhou Open,ATP250,Hard,2nd Round,3,Tien L.,Zeppieri G.,Tien L.,54.0,169.0,945.0,324.0,6-4 6-3
2025-09-20,Hangzhou Open,ATP250,Hard,2nd Round,3,Wu Y.,Korda S.,Wu Y.,196.0,79.0,272.0,795.0,4-6 6-1 6-4
2025-09-21,Chengdu Open,ATP250,Hard,Quarterfinals,3,Daniel T.,Shevchenko A.,Shevchenko A.,168.0,96.0,326.0,652.0,6-7 6-3 2-6
2025-09-21,Chengdu Open,ATP250,Hard,Quarterfinals,3,Giron M.,Nakashima B.,Nakashima B.,50.0,33.0,1000.0,1420.0,3-6 6-2 6-7
2025-09-21,Chengdu Open,ATP250,Hard,Quarterfinals,3,Musetti L.,Basilashvili N.,Musetti L.,9.0,114.0,3505.0,558.0,6-3 6-3
2025-09-21,Chengdu Open,ATP250,Hard,Quarterfinals,3,O Connell C.,Tabilo A.,Tabilo A.,103.0,112.0,619.0,567.0,6-4 5-7 2-6
2025-09-21,Hangzhou Open,ATP250,Hard,Quarterfinals,3,Royer V.,Tien L.,Royer V.,88.0,54.0,677.0,945.0,7-6 4-6 6-2
2025-09-21,Hangzhou Open,ATP250,Hard,Quarterfinals,3,Svrcina D.,Bublik A.,Bublik A.,99.0,19.0,641.0,2245.0,1-6 1-6
2025-09-21,Hangzhou Open,ATP250,Hard,Quarterfinals,3,Wu Y.,Medvedev D.,Wu Y.,196.0,18.0,272.0,2370.0,5-7 7-6 6-4
2025-09-22,Chengdu Open,ATP250,Hard,Semifinals,3,Musetti L.,Shevchenko A.,Musetti L.,9.0,96.0,3505.0,652.0,6-3 6-1
2025-09-22,Chengdu Open,ATP250,Hard,Semifinals,3,Tabilo A.,Nakashima B.,Tabilo A.,112.0,33.0,567.0,1420.0,6-4 7-6
2025-09-22,Hangzhou Open,ATP250,Hard,Semifinals,3,Royer V.,Moutet C.,Royer V.,88.0,39.0,677.0,1146.0,6-3 6-2
2025-09-22,Hangzhou Open,ATP250,Hard,Semifinals,3,Wu Y.,Bublik A.,Bublik A.,196.0,19.0,272.0,2245.0,3-6 3-6
2025-09-23,Chengdu Open,ATP250,Hard,The Final,3,Musetti L.,Tabilo A.,Tabilo A.,9.0,112.0,96.0,567.0,3-6 6-2 6-7
2025-09-23,Hangzhou Open,ATP250,Hard,The Final,3,Bublik A.,Royer V.,Bublik A.,19.0,88.0,2245.0,677.0,7-6 7-6
2025-09-24,Japan Open Tennis Championships,ATP500,Hard,1st Round,3,Altmaier D.,Shapovalov D.,Altmaier D.,50.0,26.0,1003.0,1838.0,7-5 6-3
2025-09-24,Japan Open Tennis Championships,ATP500,Hard,1st Round,3,Berrettini M.,Munar J.,Berrettini M.,56.0,40.0,925.0,1138.0,6-4 6-2
2025-09-24,Japan Open Tennis Championships,ATP500,Hard,1st Round,3,Tiafoe F.,Fucsovics M.,Fucsovics M.,29.0,58.0,1640.0,916.0,6-3 1-6 5-7
2025-09-24,Japan Open Tennis Championships,ATP500,Hard,1st Round,3,Watanuki Y.,Borges N.,Borges N.,147.0,51.0,401.0,995.0,6-2 4-6 1-6
2025-09-25,China Open,ATP500,Hard,1st Round,3,Bonzi B.,Marozsan F.,Marozsan F.,47.0,57.0,1083.0,920.0,6-7 3-6
2025-09-25,China Open,ATP500,Hard,1st Round,3,Cilic M.,Sinner J.,Sinner J.,97.0,2.0,664.0,10780.0,2-6 2-6
2025-09-25,China Open,ATP500,Hard,1st Round,3,Khachanov K.,Muller A.,Muller A.,10.0,38.0,3280.0,1168.0,6-4 6-7 4-6
2025-09-25,China Open,ATP500,Hard,1st Round,3,Ugo Carabelli C.,Davidovich Fokina A.,Davidovich Fokina A.,43.0,20.0,1123.0,2225.0,1-6 3-6
2025-09-25,China Open,ATP500,Hard,1st Round,3,Zhang Zh.,Atmane T.,Atmane T.,370.0,68.0,135.0,839.0,4-6 2-6
2025-09-25,Japan Open Tennis Championships,ATP500,Hard,1st Round,3,Baez S.,Alcaraz C.,Alcaraz C.,41.0,1.0,1135.0,11540.0,4-6 2-6
2025-09-25,Japan Open Tennis Championships,ATP500,Hard,1st Round,3,Brooksby J.,Humbert U.,Brooksby J.,86.0,24.0,737.0,2045.0,7-6 6-3
2025-09-25,Japan Open Tennis Championships,ATP500,Hard,1st Round,3,Darderi L.,Nishioka Y.,Darderi L.,30.0,157.0,1584.0,374.0,7-6 6-3
2025-09-25,Japan Open Tennis Championships,ATP500,Hard,1st Round,3,Fritz T.,Diallo G.,Fritz T.,5.0,35.0,4675.0,1308.0,4-6 6-3 7-6
2025-09-25,Japan Open Tennis Championships,ATP500,Hard,1st Round,3,Giron M.,Korda S.,Korda S.,48.0,74.0,1040.0,820.0,6-4 3-6 6-7
2025-09-25,Japan Open Tennis Championships,ATP500,Hard,1st Round,3,Machac T.,Shimabukuro S.,Shimabukuro S.,22.0,273.0,2110.0,198.0,3-6 6-7
2025-09-25,Japan Open Tennis Championships,ATP500,Hard,1st Round,3,Medjedovic H.,Rune H.,Rune H.,63.0,11.0,883.0,3090.0,6-7 1-6
2025-09-25,Japan Open Tennis Championships,ATP500,Hard,1st Round,3,Mochizuki S.,Ruud C.,Ruud C.,106.0,12.0,607.0,2755.0,6-4 1-6 1-6
2025-09-25,Japan Open Tennis Championships,ATP500,Hard,1st Round,3,Nakashima B.,Thompson J.,Nakashima B.,33.0,78.0,1420.0,795.0,6-7 7-6 6-2
2025-09-25,Japan Open Tennis Championships,ATP500,Hard,1st Round,3,Quinn E.,Michelsen A.,Quinn E.,81.0,32.0,773.0,1485.0,7-5 6-2
2025-09-25,Japan Open Tennis Championships,ATP500,Hard,1st Round,3,Tabilo A.,Bergs Z.,Bergs Z.,72.0,45.0,826.0,1089.0,6-1 6-7 6-7
2025-09-25,Japan Open Tennis Championships,ATP500,Hard,1st Round,3,Vukic A.,Dzumhur D.,Vukic A.,95.0,66.0,668.0,868.0,6-4 3-6 6-3
2025-09-26,China Open,ATP500,Hard,1st Round,3,Bublik A.,Mannarino A.,Mannarino A.,16.0,60.0,2445.0,897.0,3-6 2-6
2025-09-26,China Open,ATP500,Hard,1st Round,3,De Minaur A.,Bu Y.,De Minaur A.,8.0,89.0,3545.0,721.0,6-4 6-0
2025-09-26,China Open,ATP500,Hard,1st Round,3,Griekspoor T.,Moutet C.,Moutet C.,31.0,37.0,1565.0,1233.0,4-6 5-7
2025-09-26,China Open,ATP500,Hard,1st Round,3,Kecmanovic M.,Mensik J.,Mensik J.,46.0,19.0,1086.0,2380.0,5-7 4-6
2025-09-26,China Open,ATP500,Hard,1st Round,3,Mpetshi G.,Musetti L.,Musetti L.,36.0,9.0,1275.0,3505.0,6-7 7-6 4-6
2025-09-26,China Open,ATP500,Hard,1st Round,3,Norrie C.,Medvedev D.,Medvedev D.,34.0,18.0,1397.0,2410.0,3-6 4-6
2025-09-26,China Open,ATP500,Hard,1st Round,3,Rinderknech A.,Goffin D.,Rinderknech A.,54.0,87.0,932.0,734.0,6-4 3-6 6-4
2025-09-26,China Open,ATP500,Hard,1st Round,3,Rublev A.,Cobolli F.,Cobolli F.,14.0,25.0,2610.0,2040.0,6-7 3-6
2025-09-26,China Open,ATP500,Hard,1st Round,3,Shang J.,Cazaux A.,Cazaux A.,238.0,80.0,235.0,782.0,6-0 6-7 5-7
2025-09-26,China Open,ATP500,Hard,1st Round,3,Tien L.,Cerundolo F.,Tien L.,52.0,21.0,985.0,2135.0,4-6 6-3 6-4
2025-09-26,China Open,ATP500,Hard,1st Round,3,Zverev A.,Sonego L.,Zverev A.,3.0,44.0,5930.0,1105.0,6-4 6-3
2025-09-26,Japan Open Tennis Championships,ATP500,Hard,2nd Round,3,Altmaier D.,Vukic A.,Vukic A.,50.0,95.0,1003.0,668.0,4-6 2-6
2025-09-26,Japan Open Tennis Championships,ATP500,Hard,2nd Round,3,Berrettini M.,Ruud C.,Ruud C.,56.0,12.0,925.0,2755.0,6-7 2-6
2025-09-26,Japan Open Tennis Championships,ATP500,Hard,2nd Round,3,Fritz T.,Borges N.,Fritz T.,5.0,51.0,4675.0,995.0,7-5 7-6
2025-09-26,Japan Open Tennis Championships,ATP500,Hard,2nd Round,3,Korda S.,Shimabukuro S.,Korda S.,74.0,273.0,820.0,198.0,6-1 6-4
2025-09-27,China Open,ATP500,Hard,2nd Round,3,Atmane T.,Sinner J.,Sinner J.,68.0,2.0,839.0,10780.0,4-6 7-5 0-6
2025-09-27,China Open,ATP500,Hard,2nd Round,3,De Minaur A.,Rinderknech A.,De Minaur A.,8.0,54.0,3545.0,932.0,6-3 3-6 7-6
2025-09-27,China Open,ATP500,Hard,2nd Round,3,Mensik J.,Cazaux A.,Mensik J.,19.0,80.0,2380.0,782.0,6-3 2-6 6-4
2025-09-27,China Open,ATP500,Hard,2nd Round,3,Muller A.,Marozsan F.,Marozsan F.,38.0,57.0,1168.0,920.0,3-6 6-7
2025-09-27,Japan Open Tennis Championships,ATP500,Hard,2nd Round,3,Alcaraz C.,Bergs Z.,Alcaraz C.,1.0,45.0,11540.0,1089.0,6-4 6-3
2025-09-27,Japan Open Tennis Championships,ATP500,Hard,2nd Round,3,Brooksby J.,Darderi L.,Brooksby J.,86.0,30.0,737.0,1584.0,7-6 6-1
2025-09-27,Japan Open Tennis Championships,ATP500,Hard,2nd Round,3,Nakashima B.,Fucsovics M.,Nakashima B.,33.0,58.0,1420.0,916.0,7-5 6-3
2025-09-27,Japan Open Tennis Championships,ATP500,Hard,2nd Round,3,Quinn E.,Rune H.,Rune H.,81.0,11.0,773.0,3090.0,4-6 2-6
2025-09-28,China Open,ATP500,Hard,2nd Round,3,Mannarino A.,Musetti L.,Musetti L.,60.0,9.0,897.0,3505.0,3-6 3-6
2025-09-28,China Open,ATP500,Hard,2nd Round,3,Medvedev D.,Davidovich Fokina A.,Medvedev D.,18.0,20.0,2410.0,2225.0,6-3 6-3
2025-09-28,China Open,ATP500,Hard,2nd Round,3,Tien L.,Cobolli F.,Tien L.,52.0,25.0,985.0,2040.0,6-3 6-2
2025-09-28,China Open,ATP500,Hard,2nd Round,3,Zverev A.,Moutet C.,Zverev A.,3.0,37.0,5930.0,1233.0,7-5 3-6 6-3
2025-09-28,Japan Open Tennis Championships,ATP500,Hard,Quarterfinals,3,Alcaraz C.,Nakashima B.,Alcaraz C.,1.0,33.0,11540.0,1420.0,6-2 6-4
2025-09-28,Japan Open Tennis Championships,ATP500,Hard,Quarterfinals,3,Brooksby J.,Rune H.,Brooksby J.,86.0,11.0,737.0,3090.0,6-3 6-3
2025-09-28,Japan Open Tennis Championships,ATP500,Hard,Quarterfinals,3,Fritz T.,Korda S.,Fritz T.,5.0,74.0,4675.0,820.0,6-3 6-7 6-3
2025-09-28,Japan Open Tennis Championships,ATP500,Hard,Quarterfinals,3,Vukic A.,Ruud C.,Ruud C.,95.0,12.0,668.0,2755.0,3-6 2-6
2025-09-29,China Open,ATP500,Hard,Quarterfinals,3,Marozsan F.,Sinner J.,Sinner J.,57.0,2.0,920.0,10780.0,1-6 5-7
2025-09-29,China Open,ATP500,Hard,Quarterfinals,3,Medvedev D.,Zverev A.,Medvedev D.,18.0,3.0,2410.0,5930.0,6-3 6-3
2025-09-29,Japan Open Tennis Championships,ATP500,Hard,Semifinals,3,Alcaraz C.,Ruud C.,Alcaraz C.,1.0,12.0,11540.0,2755.0,3-6 6-3 6-4
2025-09-29,Japan Open Tennis Championships,ATP500,Hard,Semifinals,3,Brooksby J.,Fritz T.,Fritz T.,86.0,5.0,737.0,4675.0,4-6 3-6
2025-09-30,China Open,ATP500,Hard,Semifinals,3,Sinner J.,De Minaur A.,Sinner J.,2.0,8.0,10780.0,3545.0,6-3 4-6 6-2
2025-09-30,Japan Open Tennis Championships,ATP500,Hard,The Final,3,Fritz T.,Alcaraz C.,Alcaraz C.,5.0,1.0,4675.0,11540.0,4-6 4-6
2025-10-01,China Open,ATP500,Hard,The Final,3,Tien L.,Sinner J.,Sinner J.,52.0,2.0,985.0,10780.0,2-6 2-6
2025-10-01,Shanghai Masters,Masters 1000,Hard,1st Round,3,Basilashvili N.,Cilic M.,Cilic M.,100.0,94.0,618.0,664.0,3-6 6-7
2025-10-01,Shanghai Masters,Masters 1000,Hard,1st Round,3,Bellucci M.,Walton A.,Bellucci M.,69.0,77.0,857.0,802.0,7-6 6-1
2025-10-01,Shanghai Masters,Masters 1000,Hard,1st Round,3,Bergs Z.,Korda S.,Bergs Z.,44.0,63.0,1129.0,910.0,6-4 7-5
2025-10-01,Shanghai Masters,Masters 1000,Hard,1st Round,3,Holmgren A.,Thompson J.,Thompson J.,178.0,85.0,315.0,745.0,6-4 3-6 4-6
2025-10-01,Shanghai Masters,Masters 1000,Hard,1st Round,3,Mannarino A.,Berrettini M.,Mannarino A.,60.0,59.0,922.0,925.0,7-5 7-6
2025-10-01,Shanghai Masters,Masters 1000,Hard,1st Round,3,Marozsan F.,Wawrinka S.,Marozsan F.,52.0,131.0,1010.0,502.0,6-1 4-6 6-4
2025-10-01,Shanghai Masters,Masters 1000,Hard,1st Round,3,Muller A.,Goffin D.,Goffin D.,39.0,83.0,1205.0,759.0,7-6 1-6 1-6
2025-10-01,Shanghai Masters,Masters 1000,Hard,1st Round,3,Munar J.,Fucsovics M.,Munar J.,41.0,53.0,1138.0,984.0,4-6 7-5 6-1
2025-10-01,Shanghai Masters,Masters 1000,Hard,1st Round,3,Nardi L.,Ofner S.,Nardi L.,88.0,138.0,727.0,453.0,3-6 6-3 6-2
2025-10-01,Shanghai Masters,Masters 1000,Hard,1st Round,3,Nishioka Y.,Shevchenko A.,Nishioka Y.,173.0,89.0,324.0,727.0,6-1 6-2
2025-10-01,Shanghai Masters,Masters 1000,Hard,1st Round,3,Schoolkate T.,Altmaier D.,Altmaier D.,96.0,49.0,654.0,1043.0,3-6 4-6
2025-10-01,Shanghai Masters,Masters 1000,Hard,1st Round,3,Sonego L.,Hanfmann Y.,Hanfmann Y.,46.0,150.0,1105.0,394.0,6-2 3-6 1-6
2025-10-01,Shanghai Masters,Masters 1000,Hard,1st Round,3,Vacherot V.,Djere L.,Vacherot V.,204.0,82.0,263.0,766.0,6-3 6-4
2025-10-01,Shanghai Masters,Masters 1000,Hard,1st Round,3,Zhang Zh.,Baez S.,Baez S.,368.0,42.0,135.0,1135.0,6-2 3-6 4-6
2025-10-02,Shanghai Masters,Masters 1000,Hard,1st Round,3,Arnaldi M.,Sakamoto R.,Arnaldi M.,71.0,188.0,838.0,292.0,7-6 6-4
2025-10-02,Shanghai Masters,Masters 1000,Hard,1st Round,3,Bu Y.,Cerundolo J.M.,Bu Y.,121.0,87.0,531.0,742.0,6-3 6-7 6-3
2025-10-02,Shanghai Masters,Masters 1000,Hard,1st Round,3,Cazaux A.,Martinez P.,Cazaux A.,70.0,73.0,843.0,833.0,6-3 3-6 7-5
2025-10-02,Shanghai Masters,Masters 1000,Hard,1st Round,3,Comesana F.,Blanchet U.,Comesana F.,62.0,151.0,912.0,390.0,6-4 6-2
2025-10-02,Shanghai Masters,Masters 1000,Hard,1st Round,3,De Jong J.,Zhou Y.,De Jong J.,81.0,308.0,772.0,170.0,6-7 6-2 7-6
2025-10-02,Shanghai Masters,Masters 1000,Hard,1st Round,3,Halys Q.,McDonald M.,Halys Q.,75.0,99.0,809.0,642.0,6-3 6-2
2025-10-02,Shanghai Masters,Masters 1000,Hard,1st Round,3,Kovacevic A.,Shang J.,Shang J.,68.0,237.0,862.0,235.0,4-6 6-3 3-6
2025-10-02,Shanghai Masters,Masters 1000,Hard,1st Round,3,Majchrzak K.,Quinn E.,Majchrzak K.,66.0,72.0,868.0,836.0,6-3 6-4
2025-10-02,Shanghai Masters,Masters 1000,Hard,1st Round,3,Navone M.,Royer V.,Royer V.,86.0,76.0,745.0,805.0,6-3 4-6 4-6
2025-10-02,Shanghai Masters,Masters 1000,Hard,1st Round,3,O Connell C.,Dzumhur D.,O Connell C.,109.0,67.0,582.0,868.0,6-2 6-4
2025-10-02,Shanghai Masters,Masters 1000,Hard,1st Round,3,Opelka R.,Bonzi B.,Bonzi B.,64.0,48.0,895.0,1075.0,6-7 4-6
2025-10-02,Shanghai Masters,Masters 1000,Hard,1st Round,3,Tabilo A.,Giron M.,Tabilo A.,74.0,50.0,826.0,1040.0,6-4 6-3
2025-10-02,Shanghai Masters,Masters 1000,Hard,1st Round,3,Trotter J.K.,Brooksby J.,Brooksby J.,213.0,57.0,257.0,937.0,6-7 1-6
2025-10-02,Shanghai Masters,Masters 1000,Hard,1st Round,3,Van De Zandschulp B.,Borges N.,Borges N.,84.0,51.0,747.0,1020.0,6-7 6-7
2025-10-03,Shanghai Masters,Masters 1000,Hard,1st Round,3,Tien L.,Kecmanovic M.,Tien L.,36.0,47.0,1303.0,1086.0,4-6 6-3 6-4
2025-10-03,Shanghai Masters,Masters 1000,Hard,2nd Round,3,Brooksby J.,Griekspoor T.,Griekspoor T.,57.0,31.0,937.0,1565.0,1-6 6-1 1-6
2025-10-03,Shanghai Masters,Masters 1000,Hard,2nd Round,3,Cerundolo F.,Mannarino A.,Cerundolo F.,21.0,60.0,2135.0,922.0,7-6 7-6
2025-10-03,Shanghai Masters,Masters 1000,Hard,2nd Round,3,Diallo G.,Bonzi B.,Diallo G.,35.0,48.0,1308.0,1075.0,6-4 6-4
2025-10-03,Shanghai Masters,Masters 1000,Hard,2nd Round,3,Djokovic N.,Cilic M.,Djokovic N.,5.0,94.0,4830.0,664.0,7-6 6-4
2025-10-03,Shanghai Masters,Masters 1000,Hard,2nd Round,3,Hanfmann Y.,Tiafoe F.,Hanfmann Y.,150.0,28.0,394.0,1640.0,6-7 6-2 6-1
2025-10-03,Shanghai Masters,Masters 1000,Hard,2nd Round,3,Humbert U.,Thompson J.,Humbert U.,26.0,85.0,1725.0,745.0,6-3 7-6
2025-10-03,Shanghai Masters,Masters 1000,Hard,2nd Round,3,Machac T.,Bellucci M.,Machac T.,23.0,69.0,1920.0,857.0,6-3 6-4
2025-10-03,Shanghai Masters,Masters 1000,Hard,2nd Round,3,Marozsan F.,Fritz T.,Fritz T.,52.0,4.0,1010.0,4995.0,6-2 6-7 6-7
2025-10-03,Shanghai Masters,Masters 1000,Hard,2nd Round,3,Munar J.,Cobolli F.,Munar J.,41.0,22.0,1138.0,1990.0,7-5 6-1
2025-10-03,Shanghai Masters,Masters 1000,Hard,2nd Round,3,Nardi L.,Mpetshi G.,Mpetshi G.,88.0,37.0,727.0,1275.0,3-6 6-7
2025-10-03,Shanghai Masters,Masters 1000,Hard,2nd Round,3,Rune H.,Baez S.,Rune H.,11.0,42.0,2990.0,1135.0,7-5 6-4
2025-10-03,Shanghai Masters,Masters 1000,Hard,2nd Round,3,Shelton B.,Goffin D.,Goffin D.,6.0,83.0,4190.0,759.0,2-6 4-6
2025-10-03,Shanghai Masters,Masters 1000,Hard,2nd Round,3,Vacherot V.,Bublik A.,Vacherot V.,204.0,17.0,263.0,2445.0,3-6 6-3 6-4
2025-10-04,Shanghai Masters,Masters 1000,Hard,2nd Round,3,Auger-Aliassime F.,Tabilo A.,Auger-Aliassime F.,13.0,74.0,2755.0,826.0,6-3 6-3
2025-10-04,Shanghai Masters,Masters 1000,Hard,2nd Round,3,Cazaux A.,Norrie C.,Norrie C.,70.0,33.0,843.0,1397.0,3-6 6-0 6-7
2025-10-04,Shanghai Masters,Masters 1000,Hard,2nd Round,3,Darderi L.,Bu Y.,Darderi L.,29.0,121.0,1609.0,531.0,6-4 6-4
2025-10-04,Shanghai Masters,Masters 1000,Hard,2nd Round,3,Davidovich Fokina A.,Arnaldi M.,Davidovich Fokina A.,20.0,71.0,2240.0,838.0,6-4 6-4
2025-10-04,Shanghai Masters,Masters 1000,Hard,2nd Round,3,De Jong J.,Mensik J.,De Jong J.,81.0,16.0,772.0,2455.0,4-6 7-6 6-4
2025-10-04,Shanghai Masters,Masters 1000,Hard,2nd Round,3,De Minaur A.,Ugo Carabelli C.,De Minaur A.,7.0,45.0,3735.0,1123.0,6-4 6-2
2025-10-04,Shanghai Masters,Masters 1000,Hard,2nd Round,3,Lehecka J.,Halys Q.,Lehecka J.,19.0,75.0,2365.0,809.0,6-4 7-5
2025-10-04,Shanghai Masters,Masters 1000,Hard,2nd Round,3,Majchrzak K.,Nakashima B.,Majchrzak K.,66.0,32.0,868.0,1470.0,6-4 6-0
2025-10-04,Shanghai Masters,Masters 1000,Hard,2nd Round,3,Medvedev D.,Svrcina D.,Medvedev D.,18.0,91.0,2410.0,684.0,6-1 6-1
2025-10-04,Shanghai Masters,Masters 1000,Hard,2nd Round,3,Michelsen A.,Rinderknech A.,Rinderknech A.,34.0,54.0,1385.0,982.0,3-6 4-6
2025-10-04,Shanghai Masters,Masters 1000,Hard,2nd Round,3,Moutet C.,Tien L.,Tien L.,38.0,36.0,1258.0,1303.0,6-4 4-6 4-6
2025-10-04,Shanghai Masters,Masters 1000,Hard,2nd Round,3,Musetti L.,Comesana F.,Musetti L.,9.0,62.0,3555.0,912.0,6-4 6-0
2025-10-04,Shanghai Masters,Masters 1000,Hard,2nd Round,3,Nishioka Y.,Rublev A.,Nishioka Y.,173.0,14.0,324.0,2560.0,2-6 6-1 6-4
2025-10-04,Shanghai Masters,Masters 1000,Hard,2nd Round,3,Royer V.,Zverev A.,Zverev A.,76.0,3.0,805.0,5980.0,4-6 4-6
2025-10-04,Shanghai Masters,Masters 1000,Hard,2nd Round,3,Shang J.,Khachanov K.,Shang J.,237.0,10.0,235.0,3190.0,7-6 6-3
2025-10-04,Shanghai Masters,Masters 1000,Hard,2nd Round,3,Shapovalov D.,O Connell C.,Shapovalov D.,24.0,109.0,1838.0,582.0,6-3 6-2
2025-10-04,Shanghai Masters,Masters 1000,Hard,2nd Round,3,Sinner J.,Altmaier D.,Sinner J.,2.0,49.0,10950.0,1043.0,6-3 6-3
2025-10-04,Shanghai Masters,Masters 1000,Hard,2nd Round,3,Vukic A.,Borges N.,Borges N.,79.0,51.0,783.0,1020.0,6-7 4-6
2025-10-05,Shanghai Masters,Masters 1000,Hard,3rd Round,3,Cerundolo F.,Bergs Z.,Bergs Z.,21.0,44.0,2135.0,1129.0,6-7 3-6
2025-10-05,Shanghai Masters,Masters 1000,Hard,3rd Round,3,Fritz T.,Mpetshi G.,Mpetshi G.,4.0,37.0,4995.0,1275.0,4-6 5-7
2025-10-05,Shanghai Masters,Masters 1000,Hard,3rd Round,3,Hanfmann Y.,Djokovic N.,Djokovic N.,150.0,5.0,394.0,4830.0,6-4 5-7 3-6
2025-10-05,Shanghai Masters,Masters 1000,Hard,3rd Round,3,Munar J.,Nishioka Y.,Munar J.,41.0,173.0,1138.0,324.0,6-4 5-7 6-1
2025-10-05,Shanghai Masters,Masters 1000,Hard,3rd Round,3,Rune H.,Humbert U.,Rune H.,11.0,26.0,2990.0,1725.0,6-4 6-4
2025-10-06,Shanghai Masters,Masters 1000,Hard,3rd Round,3,De Jong J.,Auger-Aliassime F.,Auger-Aliassime F.,81.0,13.0,772.0,2755.0,4-6 5-7
2025-10-06,Shanghai Masters,Masters 1000,Hard,3rd Round,3,De Minaur A.,Majchrzak K.,De Minaur A.,7.0,66.0,3735.0,868.0,6-1 7-5
2025-10-06,Shanghai Masters,Masters 1000,Hard,3rd Round,3,Medvedev D.,Davidovich Fokina A.,Medvedev D.,18.0,20.0,2410.0,2240.0,6-3 7-6
2025-10-06,Shanghai Masters,Masters 1000,Hard,3rd Round,3,Musetti L.,Darderi L.,Musetti L.,9.0,29.0,3555.0,1609.0,7-5 7-6
2025-10-06,Shanghai Masters,Masters 1000,Hard,3rd Round,3,Norrie C.,Tien L.,Tien L.,33.0,36.0,1397.0,1303.0,6-7 3-6
2025-10-06,Shanghai Masters,Masters 1000,Hard,3rd Round,3,Shang J.,Borges N.,Borges N.,237.0,51.0,235.0,1020.0,6-7 6-4 3-6
2025-10-06,Shanghai Masters,Masters 1000,Hard,3rd Round,3,Shapovalov D.,Lehecka J.,Lehecka J.,24.0,19.0,1838.0,2365.0,4-6 4-6
2025-10-06,Shanghai Masters,Masters 1000,Hard,3rd Round,3,Zverev A.,Rinderknech A.,Rinderknech A.,3.0,54.0,5980.0,982.0,6-4 3-6 2-6
2025-10-07,Shanghai Masters,Masters 1000,Hard,4th Round,3,Bergs Z.,Diallo G.,Bergs Z.,44.0,35.0,1129.0,1308.0,3-6 7-5 7-6
2025-10-07,Shanghai Masters,Masters 1000,Hard,4th Round,3,Djokovic N.,Munar J.,Djokovic N.,5.0,41.0,4830.0,1138.0,6-3 5-7 6-2
2025-10-07,Shanghai Masters,Masters 1000,Hard,4th Round,3,Griekspoor T.,Vacherot V.,Vacherot V.,31.0,204.0,1565.0,263.0,6-4 6-7 4-6
2025-10-07,Shanghai Masters,Masters 1000,Hard,4th Round,3,Rune H.,Mpetshi G.,Rune H.,11.0,37.0,2990.0,1275.0,6-4 6-7 6-3
2025-10-08,Shanghai Masters,Masters 1000,Hard,4th Round,3,De Minaur A.,Borges N.,De Minaur A.,7.0,51.0,3735.0,1020.0,7-5 6-2
2025-10-08,Shanghai Masters,Masters 1000,Hard,4th Round,3,Lehecka J.,Rinderknech A.,Rinderknech A.,19.0,54.0,2365.0,982.0,3-6 6-7
2025-10-08,Shanghai Masters,Masters 1000,Hard,4th Round,3,Medvedev D.,Tien L.,Medvedev D.,18.0,36.0,2410.0,1303.0,7-6 6-7 6-4
2025-10-08,Shanghai Masters,Masters 1000,Hard,4th Round,3,Musetti L.,Auger-Aliassime F.,Auger-Aliassime F.,9.0,13.0,3555.0,2755.0,4-6 2-6
2025-10-09,Shanghai Masters,Masters 1000,Hard,Quarterfinals,3,Bergs Z.,Djokovic N.,Djokovic N.,44.0,5.0,1129.0,4830.0,3-6 5-7
2025-10-09,Shanghai Masters,Masters 1000,Hard,Quarterfinals,3,Rune H.,Vacherot V.,Vacherot V.,11.0,204.0,2990.0,263.0,6-2 6-7 4-6
2025-10-10,Shanghai Masters,Masters 1000,Hard,Quarterfinals,3,Auger-Aliassime F.,Rinderknech A.,Rinderknech A.,13.0,54.0,2755.0,982.0,3-6 4-6
2025-10-10,Shanghai Masters,Masters 1000,Hard,Quarterfinals,3,De Minaur A.,Medvedev D.,Medvedev D.,7.0,18.0,3735.0,2410.0,4-6 4-6
2025-10-11,Shanghai Masters,Masters 1000,Hard,Semifinals,3,Djokovic N.,Vacherot V.,Vacherot V.,5.0,204.0,4830.0,263.0,3-6 4-6
2025-10-11,Shanghai Masters,Masters 1000,Hard,Semifinals,3,Medvedev D.,Rinderknech A.,Rinderknech A.,18.0,54.0,2410.0,982.0,6-4 2-6 4-6
2025-10-12,Shanghai Masters,Masters 1000,Hard,The Final,3,Vacherot V.,Rinderknech A.,Vacherot V.,204.0,54.0,263.0,982.0,4-6 6-3 6-3
2025-10-13,Almaty Open,ATP250,Hard,1st Round,3,Blanchet U.,Duckworth J.,Duckworth J.,150.0,138.0,420.0,465.0,3-6 4-6
2025-10-13,Almaty Open,ATP250,Hard,1st Round,3,Nardi L.,Marozsan F.,Marozsan F.,83.0,52.0,747.0,1040.0,6-7 3-6
2025-10-13,Almaty Open,ATP250,Hard,1st Round,3,Omarkhanov A.,Diallo G.,Diallo G.,1137.0,35.0,10.0,1368.0,3-6 1-6
2025-10-13,Almaty Open,ATP250,Hard,1st Round,3,Tomic B.,Moutet C.,Moutet C.,181.0,41.0,312.0,1243.0,1-6 6-7
2025-10-13,European Open,ATP250,Hard,1st Round,3,Bonzi B.,Opelka R.,Bonzi B.,53.0,62.0,1005.0,895.0,6-4 6-4
2025-10-13,European Open,ATP250,Hard,1st Round,3,Giron M.,Bellucci M.,Giron M.,54.0,71.0,1000.0,837.0,6-3 6-4
2025-10-13,Nordic Open,ATP250,Hard,1st Round,3,Fearnley J.,Griekspoor T.,Fearnley J.,81.0,27.0,764.0,1615.0,6-3 6-7 7-6
2025-10-13,Nordic Open,ATP250,Hard,1st Round,3,Kecmanovic M.,Muller A.,Kecmanovic M.,49.0,43.0,1066.0,1165.0,6-4 6-1
2025-10-13,Nordic Open,ATP250,Hard,1st Round,3,Korda S.,Popyrin A.,Korda S.,60.0,48.0,920.0,1090.0,6-7 6-1 6-3
2025-10-13,Nordic Open,ATP250,Hard,1st Round,3,Ofner S.,Borg L.,Borg L.,140.0,622.0,463.0,57.0,3-6 4-6
2025-10-14,Almaty Open,ATP250,Hard,1st Round,3,Djere L.,Shevchenko A.,Shevchenko A.,79.0,91.0,776.0,687.0,6-7 6-7
2025-10-14,Almaty Open,ATP250,Hard,1st Round,3,Hijikata R.,Skatov T.,Hijikata R.,114.0,236.0,558.0,238.0,7-6 2-6 6-3
2025-10-14,Almaty Open,ATP250,Hard,1st Round,3,Nakashima B.,Medjedovic H.,Nakashima B.,34.0,64.0,1430.0,877.0,7-6 6-2
2025-10-14,Almaty Open,ATP250,Hard,1st Round,3,Schoolkate T.,Walton A.,Walton A.,96.0,76.0,662.0,796.0,6-7 7-6 2-6
2025-10-14,Almaty Open,ATP250,Hard,1st Round,3,Topo M.,Vukic A.,Vukic A.,277.0,84.0,196.0,733.0,4-6 6-3 1-6
2025-10-14,European Open,ATP250,Hard,1st Round,3,Altmaier D.,Bailly G.A.,Bailly G.A.,51.0,247.0,1048.0,221.0,4-6 7-6 3-6
2025-10-14,European Open,ATP250,Hard,1st Round,3,Baez S.,Royer V.,Royer V.,44.0,70.0,1155.0,847.0,2-6 3-6
2025-10-14,European Open,ATP250,Hard,1st Round,3,Bergs Z.,Collignon R.,Collignon R.,39.0,90.0,1299.0,713.0,4-6 6-7
2025-10-14,European Open,ATP250,Hard,1st Round,3,Comesana F.,Goffin D.,Comesana F.,68.0,105.0,867.0,609.0,7-6 6-4
2025-10-14,European Open,ATP250,Hard,1st Round,3,Ruusuvuori E.,Mpetshi G.,Mpetshi G.,608.0,37.0,58.0,1365.0,6-7 7-6 4-6
2025-10-14,European Open,ATP250,Hard,1st Round,3,Spizzirri E.,Martinez P.,Spizzirri E.,111.0,89.0,563.0,718.0,6-4 6-1
2025-10-14,European Open,ATP250,Hard,1st Round,3,Van De Zandschulp B.,Fonseca J.,Van De Zandschulp B.,86.0,45.0,727.0,1129.0,7-5 7-6
2025-10-14,Nordic Open,ATP250,Hard,1st Round,3,Berrettini M.,Zeppieri G.,Berrettini M.,61.0,160.0,905.0,362.0,6-4 6-2
2025-10-14,Nordic Open,ATP250,Hard,1st Round,3,Cilic M.,Budkov Kjaer N.,Cilic M.,92.0,136.0,684.0,473.0,7-5 6-3
2025-10-14,Nordic Open,ATP250,Hard,1st Round,3,Lajal M.,Etcheverry T.,Etcheverry T.,149.0,63.0,423.0,880.0,6-7 7-6 3-6
2025-10-14,Nordic Open,ATP250,Hard,1st Round,3,Majchrzak K.,Misolic F.,Majchrzak K.,75.0,95.0,818.0,663.0,6-2 6-2
2025-10-14,Nordic Open,ATP250,Hard,1st Round,3,Ymer M.,Ymer E.,Ymer E.,617.0,243.0,57.0,225.0,2-6 6-7
2025-10-15,Almaty Open,ATP250,Hard,1st Round,3,Cazaux A.,Mochizuki S.,Mochizuki S.,58.0,102.0,952.0,636.0,4-6 4-6
2025-10-15,Almaty Open,ATP250,Hard,1st Round,3,McDonald M.,Struff J.L.,Struff J.L.,99.0,98.0,646.0,648.0,6-2 3-6 4-6
2025-10-15,Almaty Open,ATP250,Hard,1st Round,3,Michelsen A.,Zhukayev B.,Michelsen A.,36.0,237.0,1365.0,235.0,6-2 6-3
2025-10-15,Almaty Open,ATP250,Hard,2nd Round,3,Diallo G.,Duckworth J.,Duckworth J.,35.0,138.0,1368.0,465.0,6-7 7-6 4-6
2025-10-15,Almaty Open,ATP250,Hard,2nd Round,3,Hijikata R.,Cobolli F.,Cobolli F.,114.0,22.0,558.0,1950.0,4-6 5-7
2025-10-15,Almaty Open,ATP250,Hard,2nd Round,3,Moutet C.,Shevchenko A.,Moutet C.,41.0,91.0,1243.0,687.0,7-5 6-3
2025-10-15,Almaty Open,ATP250,Hard,2nd Round,3,Nakashima B.,Marozsan F.,Marozsan F.,34.0,52.0,1430.0,1040.0,6-7 1-6
2025-10-15,European Open,ATP250,Hard,1st Round,3,Arnaldi M.,Hanfmann Y.,Hanfmann Y.,74.0,139.0,818.0,464.0,7-6 4-6 4-6
2025-10-15,European Open,ATP250,Hard,1st Round,3,Basilashvili N.,Halys Q.,Basilashvili N.,101.0,77.0,642.0,789.0,6-4 6-4
2025-10-15,European Open,ATP250,Hard,1st Round,3,Dzumhur D.,Cina F.,Dzumhur D.,67.0,226.0,868.0,247.0,6-7 6-2 7-6
2025-10-15,European Open,ATP250,Hard,2nd Round,3,Bonzi B.,Royer V.,Bonzi B.,53.0,70.0,1005.0,847.0,7-6 4-6 6-1
2025-10-15,European Open,ATP250,Hard,2nd Round,3,Collignon R.,Comesana F.,Collignon R.,90.0,68.0,713.0,867.0,7-5 3-6 7-6
2025-10-15,European Open,ATP250,Hard,2nd Round,3,Giron M.,Davidovich Fokina A.,Davidovich Fokina A.,54.0,20.0,1000.0,2260.0,7-6 1-6 4-6
2025-10-15,European Open,ATP250,Hard,2nd Round,3,Lehecka J.,Bailly G.A.,Lehecka J.,17.0,247.0,2415.0,221.0,6-3 6-2
2025-10-15,Nordic Open,ATP250,Hard,1st Round,3,De Jong J.,Fucsovics M.,Fucsovics M.,82.0,55.0,760.0,986.0,1-6 2-6
2025-10-15,Nordic Open,ATP250,Hard,1st Round,3,Sonego L.,Fery A.,Sonego L.,47.0,221.0,1105.0,251.0,6-4 6-2
2025-10-15,Nordic Open,ATP250,Hard,2nd Round,3,Borg L.,Shapovalov D.,Shapovalov D.,622.0,23.0,57.0,1838.0,2-6 7-5 1-6
2025-10-15,Nordic Open,ATP250,Hard,2nd Round,3,Cilic M.,Ruud C.,Ruud C.,92.0,12.0,684.0,2945.0,6-7 4-6
2025-10-15,Nordic Open,ATP250,Hard,2nd Round,3,Majchrzak K.,Korda S.,Korda S.,75.0,60.0,818.0,920.0,4-6 6-4 5-7
2025-10-16,Almaty Open,ATP250,Hard,2nd Round,3,Darderi L.,Mochizuki S.,Mochizuki S.,26.0,102.0,1649.0,636.0,3-6 3-6
2025-10-16,Almaty Open,ATP250,Hard,2nd Round,3,Khachanov K.,Struff J.L.,Struff J.L.,10.0,98.0,3190.0,648.0,6-4 6-7 3-6
2025-10-16,Almaty Open,ATP250,Hard,2nd Round,3,Medvedev D.,Walton A.,Medvedev D.,14.0,76.0,2610.0,796.0,7-5 7-6
2025-10-16,Almaty Open,ATP250,Hard,2nd Round,3,Michelsen A.,Vukic A.,Michelsen A.,36.0,84.0,1365.0,733.0,6-3 6-2
2025-10-16,European Open,ATP250,Hard,2nd Round,3,Dzumhur D.,Auger-Aliassime F.,Auger-Aliassime F.,67.0,13.0,868.0,2905.0,6-7 6-4 6-7
2025-10-16,European Open,ATP250,Hard,2nd Round,3,Hanfmann Y.,Musetti L.,Musetti L.,139.0,8.0,464.0,3645.0,6-7 5-7
2025-10-16,European Open,ATP250,Hard,2nd Round,3,Van De Zandschulp B.,Spizzirri E.,Spizzirri E.,86.0,111.0,727.0,563.0,5-7 0-6
2025-10-16,Nordic Open,ATP250,Hard,2nd Round,3,Fucsovics M.,Rune H.,Rune H.,55.0,11.0,986.0,3090.0,4-6 4-6
2025-10-16,Nordic Open,ATP250,Hard,2nd Round,3,Humbert U.,Berrettini M.,Humbert U.,25.0,61.0,1725.0,905.0,7-6 6-3
2025-10-16,Nordic Open,ATP250,Hard,2nd Round,3,Kecmanovic M.,Etcheverry T.,Etcheverry T.,49.0,63.0,1066.0,880.0,4-6 6-4 3-6
2025-10-16,Nordic Open,ATP250,Hard,2nd Round,3,Kovacevic A.,Sonego L.,Sonego L.,69.0,47.0,862.0,1105.0,6-7 1-6
2025-10-16,Nordic Open,ATP250,Hard,2nd Round,3,Ymer E.,Fearnley J.,Ymer E.,243.0,81.0,225.0,764.0,6-2 6-2
2025-10-17,Almaty Open,ATP250,Hard,Quarterfinals,3,Cobolli F.,Duckworth J.,Duckworth J.,22.0,138.0,1950.0,465.0,3-6 2-6
2025-10-17,Almaty Open,ATP250,Hard,Quarterfinals,3,Marozsan F.,Medvedev D.,Medvedev D.,52.0,14.0,1040.0,2610.0,5-7 2-6
2025-10-17,Almaty Open,ATP250,Hard,Quarterfinals,3,Michelsen A.,Mochizuki S.,Michelsen A.,36.0,102.0,1365.0,636.0,6-3 3-6 6-2
2025-10-17,Almaty Open,ATP250,Hard,Quarterfinals,3,Moutet C.,Struff J.L.,Moutet C.,41.0,98.0,1243.0,648.0,6-4 7-5
2025-10-17,European Open,ATP250,Hard,Quarterfinals,3,Auger-Aliassime F.,Spizzirri E.,Auger-Aliassime F.,13.0,111.0,2905.0,563.0,6-2 7-6
2025-10-17,European Open,ATP250,Hard,Quarterfinals,3,Collignon R.,Davidovich Fokina A.,Collignon R.,90.0,20.0,713.0,2260.0,7-6 6-1
2025-10-17,European Open,ATP250,Hard,Quarterfinals,3,Musetti L.,Mpetshi G.,Mpetshi G.,8.0,37.0,3645.0,1365.0,4-6 6-7
2025-10-17,Nordic Open,ATP250,Hard,Quarterfinals,3,Etcheverry T.,Rune H.,Rune H.,63.0,11.0,880.0,3090.0,7-6 3-6 4-6
2025-10-17,Nordic Open,ATP250,Hard,Quarterfinals,3,Humbert U.,Sonego L.,Humbert U.,25.0,47.0,1725.0,1105.0,6-7 6-0 6-3
2025-10-17,Nordic Open,ATP250,Hard,Quarterfinals,3,Korda S.,Ruud C.,Ruud C.,60.0,12.0,920.0,2945.0,7-6 4-6 4-6
2025-10-17,Nordic Open,ATP250,Hard,Quarterfinals,3,Ymer E.,Shapovalov D.,Shapovalov D.,243.0,23.0,225.0,1838.0,4-6 7-6 1-6
2025-10-18,Almaty Open,ATP250,Hard,Semifinals,3,Duckworth J.,Medvedev D.,Medvedev D.,138.0,14.0,465.0,2610.0,7-6 3-6 2-6
2025-10-18,Almaty Open,ATP250,Hard,Semifinals,3,Michelsen A.,Moutet C.,Moutet C.,36.0,41.0,1365.0,1243.0,5-7 4-6
2025-10-18,European Open,ATP250,Hard,Semifinals,3,Collignon R.,Auger-Aliassime F.,Auger-Aliassime F.,90.0,13.0,713.0,2905.0,6-7 4-6
2025-10-18,European Open,ATP250,Hard,Semifinals,3,Lehecka J.,Mpetshi G.,Lehecka J.,17.0,37.0,2415.0,1365.0,7-6 7-6
2025-10-18,Nordic Open,ATP250,Hard,Semifinals,3,Shapovalov D.,Ruud C.,Ruud C.,23.0,12.0,1838.0,2945.0,3-6 4-6
2025-10-19,Almaty Open,ATP250,Hard,The Final,3,Moutet C.,Medvedev D.,Medvedev D.,41.0,14.0,1243.0,2610.0,5-7 6-4 3-6
2025-10-19,European Open,ATP250,Hard,The Final,3,Auger-Aliassime F.,Lehecka J.,Auger-Aliassime F.,13.0,17.0,2905.0,2415.0,7-6 6-7 6-2
2025-10-19,Nordic Open,ATP250,Hard,The Final,3,Humbert U.,Ruud C.,Ruud C.,25.0,12.0,1725.0,2945.0,2-6 3-6
2025-10-20,Swiss Indoors,ATP500,Hard,1st Round,3,Bernet H.,Mensik J.,Mensik J.,481.0,19.0,89.0,2265.0,6-7 7-6 3-6
2025-10-20,Swiss Indoors,ATP500,Hard,1st Round,3,Bertola R.,Munar J.,Munar J.,268.0,42.0,203.0,1208.0,2-6 4-6
2025-10-20,Swiss Indoors,ATP500,Hard,1st Round,3,Muller A.,Brooksby J.,Brooksby J.,44.0,55.0,1153.0,967.0,4-6 3-6
2025-10-20,Swiss Indoors,ATP500,Hard,1st Round,3,Sonego L.,Davidovich Fokina A.,Davidovich Fokina A.,45.0,18.0,1130.0,2285.0,6-7 4-6
2025-10-20,Vienna Open,ATP500,Hard,1st Round,3,Bublik A.,Tabilo A.,Bublik A.,16.0,75.0,2430.0,792.0,6-4 6-4
2025-10-20,Vienna Open,ATP500,Hard,1st Round,3,Darderi L.,Nakashima B.,Nakashima B.,26.0,32.0,1649.0,1470.0,2-6 5-7
2025-10-20,Vienna Open,ATP500,Hard,1st Round,3,De Minaur A.,Rodionov J.,De Minaur A.,7.0,154.0,3935.0,383.0,6-4 6-1
2025-10-20,Vienna Open,ATP500,Hard,1st Round,3,Griekspoor T.,Khachanov K.,Griekspoor T.,28.0,13.0,1565.0,2950.0,6-3 5-7 6-4
2025-10-20,Vienna Open,ATP500,Hard,1st Round,3,Kovacevic A.,Arnaldi M.,Arnaldi M.,65.0,72.0,877.0,818.0,5-7 4-6
2025-10-21,Swiss Indoors,ATP500,Hard,1st Round,3,Cilic M.,Goffin D.,Cilic M.,89.0,104.0,709.0,609.0,7-6 7-5
2025-10-21,Swiss Indoors,ATP500,Hard,1st Round,3,Kecmanovic M.,Wawrinka S.,Wawrinka S.,52.0,158.0,1041.0,372.0,1-6 6-7
2025-10-21,Swiss Indoors,ATP500,Hard,1st Round,3,Mpetshi G.,Fonseca J.,Fonseca J.,33.0,46.0,1455.0,1129.0,6-7 3-6
2025-10-21,Swiss Indoors,ATP500,Hard,1st Round,3,Opelka R.,Baez S.,Opelka R.,62.0,43.0,895.0,1155.0,6-3 6-4
2025-10-21,Swiss Indoors,ATP500,Hard,1st Round,3,Royer V.,Collignon R.,Royer V.,69.0,73.0,869.0,813.0,6-4 7-6
2025-10-21,Swiss Indoors,ATP500,Hard,1st Round,3,Shapovalov D.,Giron M.,Shapovalov D.,23.0,57.0,1928.0,925.0,6-7 6-0 7-6
2025-10-21,Swiss Indoors,ATP500,Hard,1st Round,3,Shelton B.,Majchrzak K.,Shelton B.,6.0,70.0,4100.0,836.0,6-7 6-3 7-6
2025-10-21,Vienna Open,ATP500,Hard,1st Round,3,Cerundolo F.,Michelsen A.,Cerundolo F.,21.0,34.0,2085.0,1440.0,6-3 6-1
2025-10-21,Vienna Open,ATP500,Hard,1st Round,3,Etcheverry T.,Budkov Kjaer N.,Etcheverry T.,60.0,137.0,905.0,473.0,6-3 6-3
2025-10-21,Vienna Open,ATP500,Hard,1st Round,3,Medjedovic H.,Musetti L.,Musetti L.,67.0,8.0,875.0,3685.0,4-6 3-6
2025-10-21,Vienna Open,ATP500,Hard,1st Round,3,Norrie C.,Rublev A.,Norrie C.,35.0,15.0,1433.0,2560.0,6-2 6-7 6-2
2025-10-21,Vienna Open,ATP500,Hard,1st Round,3,Ugo Carabelli C.,Misolic F.,Misolic F.,50.0,95.0,1053.0,676.0,5-7 6-7
2025-10-21,Vienna Open,ATP500,Hard,1st Round,3,Zverev A.,Fearnley J.,Zverev A.,3.0,81.0,5930.0,754.0,6-4 1-6 7-6
2025-10-22,Swiss Indoors,ATP500,Hard,1st Round,3,Auger-Aliassime F.,Diallo G.,Auger-Aliassime F.,12.0,41.0,3145.0,1228.0,6-2 7-5
2025-10-22,Swiss Indoors,ATP500,Hard,1st Round,3,Humbert U.,Korda S.,Humbert U.,24.0,56.0,1880.0,960.0,6-3 6-4
2025-10-22,Swiss Indoors,ATP500,Hard,1st Round,3,Ruud C.,Halys Q.,Ruud C.,11.0,78.0,3145.0,774.0,6-1 7-6
2025-10-22,Swiss Indoors,ATP500,Hard,1st Round,3,Vacherot V.,Fritz T.,Fritz T.,39.0,4.0,1283.0,4645.0,6-4 6-7 5-7
2025-10-22,Swiss Indoors,ATP500,Hard,1st Round,3,Van De Zandschulp B.,Lehecka J.,Van De Zandschulp B.,82.0,17.0,752.0,2415.0,6-2 6-2
2025-10-22,Swiss Indoors,ATP500,Hard,2nd Round,3,Brooksby J.,Davidovich Fokina A.,Davidovich Fokina A.,55.0,18.0,967.0,2285.0,7-6 4-6 5-7
2025-10-22,Vienna Open,ATP500,Hard,1st Round,3,Altmaier D.,Sinner J.,Sinner J.,51.0,2.0,1048.0,10000.0,0-6 2-6
2025-10-22,Vienna Open,ATP500,Hard,1st Round,3,Cobolli F.,Machac T.,Cobolli F.,22.0,31.0,1975.0,1545.0,7-6 6-2
2025-10-22,Vienna Open,ATP500,Hard,1st Round,3,Dzumhur D.,Moutet C.,Moutet C.,63.0,36.0,883.0,1398.0,3-6 0-6
2025-10-22,Vienna Open,ATP500,Hard,1st Round,3,Medvedev D.,Borges N.,Medvedev D.,14.0,47.0,2810.0,1120.0,6-4 6-7 6-2
2025-10-22,Vienna Open,ATP500,Hard,1st Round,3,Popyrin A.,Berrettini M.,Berrettini M.,48.0,59.0,1090.0,905.0,6-7 3-6
2025-10-22,Vienna Open,ATP500,Hard,2nd Round,3,Griekspoor T.,Nakashima B.,Griekspoor T.,28.0,32.0,1565.0,1470.0,7-6 7-6
2025-10-22,Vienna Open,ATP500,Hard,2nd Round,3,Misolic F.,De Minaur A.,De Minaur A.,95.0,7.0,676.0,3935.0,4-6 4-6
2025-10-23,Swiss Indoors,ATP500,Hard,2nd Round,3,Cilic M.,Auger-Aliassime F.,Auger-Aliassime F.,89.0,12.0,709.0,3145.0,6-7 6-7
2025-10-23,Swiss Indoors,ATP500,Hard,2nd Round,3,Fritz T.,Humbert U.,Humbert U.,4.0,24.0,4645.0,1880.0,3-6 4-6
2025-10-23,Swiss Indoors,ATP500,Hard,2nd Round,3,Opelka R.,Van De Zandschulp B.,Opelka R.,62.0,82.0,895.0,752.0,7-6 6-7 6-3
2025-10-23,Swiss Indoors,ATP500,Hard,2nd Round,3,Ruud C.,Wawrinka S.,Ruud C.,11.0,158.0,3145.0,372.0,6-4 7-6
2025-10-23,Swiss Indoors,ATP500,Hard,2nd Round,3,Shapovalov D.,Royer V.,Shapovalov D.,23.0,69.0,1928.0,869.0,7-6 6-2
2025-10-23,Swiss Indoors,ATP500,Hard,2nd Round,3,Shelton B.,Munar J.,Munar J.,6.0,42.0,4100.0,1208.0,3-6 4-6
2025-10-23,Vienna Open,ATP500,Hard,2nd Round,3,Bublik A.,Cerundolo F.,Bublik A.,16.0,21.0,2430.0,2085.0,6-4 6-2
2025-10-23,Vienna Open,ATP500,Hard,2nd Round,3,Cobolli F.,Sinner J.,Sinner J.,22.0,2.0,1975.0,10000.0,2-6 6-7
2025-10-23,Vienna Open,ATP500,Hard,2nd Round,3,Medvedev D.,Moutet C.,Moutet C.,14.0,36.0,2810.0,1398.0,6-7 4-6
2025-10-23,Vienna Open,ATP500,Hard,2nd Round,3,Musetti L.,Etcheverry T.,Musetti L.,8.0,60.0,3685.0,905.0,6-3 6-4
2025-10-23,Vienna Open,ATP500,Hard,2nd Round,3,Norrie C.,Berrettini M.,Berrettini M.,35.0,59.0,1433.0,905.0,6-7 7-6 4-6
2025-10-23,Vienna Open,ATP500,Hard,2nd Round,3,Zverev A.,Arnaldi M.,Zverev A.,3.0,72.0,5930.0,818.0,6-4 6-4
2025-10-24,Swiss Indoors,ATP500,Hard,Quarterfinals,3,Opelka R.,Humbert U.,Humbert U.,62.0,24.0,895.0,1880.0,6-7 4-6
2025-10-24,Vienna Open,ATP500,Hard,Quarterfinals,3,De Minaur A.,Berrettini M.,De Minaur A.,7.0,59.0,3935.0,905.0,6-1 7-6
2025-10-24,Vienna Open,ATP500,Hard,Quarterfinals,3,Musetti L.,Moutet C.,Musetti L.,8.0,36.0,3685.0,1398.0,6-3 6-4
2025-10-24,Vienna Open,ATP500,Hard,Quarterfinals,3,Sinner J.,Bublik A.,Sinner J.,2.0,16.0,10000.0,2430.0,6-4 6-4
2025-10-25,Swiss Indoors,ATP500,Hard,Semifinals,3,Fonseca J.,Munar J.,Fonseca J.,46.0,42.0,1129.0,1208.0,7-6 7-5
2025-10-25,Vienna Open,ATP500,Hard,Semifinals,3,De Minaur A.,Sinner J.,Sinner J.,7.0,2.0,3935.0,10000.0,3-6 4-6
2025-10-25,Vienna Open,ATP500,Hard,Semifinals,3,Zverev A.,Musetti L.,Zverev A.,3.0,8.0,5930.0,3685.0,6-4 7-5
2025-10-26,Swiss Indoors,ATP500,Hard,The Final,3,Davidovich Fokina A.,Fonseca J.,Fonseca J.,18.0,46.0,2285.0,1129.0,3-6 4-6
2025-10-26,Vienna Open,ATP500,Hard,The Final,3,Zverev A.,Sinner J.,Sinner J.,3.0,2.0,5930.0,10000.0,6-3 3-6 5-7
2025-10-27,BNP Paribas Masters,Masters 1000,Hard,1st Round,3,Atmane T.,Vukic A.,Vukic A.,69.0,103.0,874.0,633.0,4-6 6-2 4-6
2025-10-27,BNP Paribas Masters,Masters 1000,Hard,1st Round,3,Cobolli F.,Machac T.,Cobolli F.,23.0,34.0,1975.0,1445.0,6-1 6-4
2025-10-27,BNP Paribas Masters,Masters 1000,Hard,1st Round,3,Darderi L.,Cazaux A.,Cazaux A.,27.0,62.0,1624.0,902.0,6-7 6-7
2025-10-27,BNP Paribas Masters,Masters 1000,Hard,1st Round,3,Dzumhur D.,Cerundolo F.,Cerundolo F.,63.0,21.0,898.0,2085.0,3-6 3-6
2025-10-27,BNP Paribas Masters,Masters 1000,Hard,1st Round,3,Fearnley J.,Rublev A.,Rublev A.,78.0,17.0,769.0,2470.0,1-6 4-6
2025-10-27,BNP Paribas Masters,Masters 1000,Hard,1st Round,3,Giron M.,Altmaier D.,Altmaier D.,65.0,50.0,885.0,1039.0,2-6 6-7
2025-10-27,BNP Paribas Masters,Masters 1000,Hard,1st Round,3,Kecmanovic M.,Kovacevic A.,Kecmanovic M.,53.0,64.0,1001.0,889.0,6-4 1-6 7-6
2025-10-27,BNP Paribas Masters,Masters 1000,Hard,1st Round,3,Korda S.,Sonego L.,Sonego L.,54.0,45.0,970.0,1130.0,2-6 3-6
2025-10-27,BNP Paribas Masters,Masters 1000,Hard,1st Round,3,Marozsan F.,Rinderknech A.,Rinderknech A.,48.0,29.0,1065.0,1590.0,6-7 6-7
2025-10-27,BNP Paribas Masters,Masters 1000,Hard,1st Round,3,Michelsen A.,Bergs Z.,Bergs Z.,35.0,41.0,1440.0,1274.0,3-6 6-2 2-6
2025-10-27,BNP Paribas Masters,Masters 1000,Hard,1st Round,3,Mpetshi Perricard G.,Dimitrov G.,Dimitrov G.,56.0,38.0,965.0,1330.0,6-7 1-6
2025-10-27,BNP Paribas Masters,Masters 1000,Hard,1st Round,3,Nakashima B.,Muller A.,Muller A.,33.0,44.0,1470.0,1150.0,2-6 5-7
2025-10-27,BNP Paribas Masters,Masters 1000,Hard,1st Round,3,Norrie C.,Baez S.,Norrie C.,31.0,43.0,1483.0,1155.0,6-3 6-4
2025-10-27,BNP Paribas Masters,Masters 1000,Hard,1st Round,3,Popyrin A.,Bublik A.,Bublik A.,47.0,16.0,1090.0,2520.0,4-6 3-6
2025-10-27,BNP Paribas Masters,Masters 1000,Hard,1st Round,3,Quinn E.,Khachanov K.,Khachanov K.,71.0,14.0,837.0,2620.0,1-6 1-6
2025-10-27,BNP Paribas Masters,Masters 1000,Hard,1st Round,3,Tien L.,Borges N.,Tien L.,39.0,46.0,1316.0,1120.0,6-2 7-6
2025-10-28,BNP Paribas Masters,Masters 1000,Hard,1st Round,3,Comesana F.,Auger-Aliassime F.,Auger-Aliassime F.,68.0,10.0,880.0,3195.0,7-6 3-6 3-6
2025-10-28,BNP Paribas Masters,Masters 1000,Hard,1st Round,3,Etcheverry T. M.,Ugo Carabelli C.,Ugo Carabelli C.,58.0,49.0,930.0,1053.0,5-7 3-6
2025-10-28,BNP Paribas Masters,Masters 1000,Hard,1st Round,3,Griekspoor T.,Diallo G.,Diallo G.,25.0,42.0,1655.0,1228.0,3-6 4-6
2025-10-28,BNP Paribas Masters,Masters 1000,Hard,1st Round,3,Lehecka J.,Vacherot V.,Vacherot V.,18.0,40.0,2415.0,1283.0,1-6 3-6
2025-10-28,BNP Paribas Masters,Masters 1000,Hard,1st Round,3,Medvedev D.,Munar J.,Medvedev D.,13.0,36.0,2810.0,1395.0,6-1 6-3
2025-10-28,BNP Paribas Masters,Masters 1000,Hard,1st Round,3,Opelka R.,Moutet C.,Moutet C.,52.0,32.0,1010.0,1473.0,6-3 5-7 1-6
2025-10-28,BNP Paribas Masters,Masters 1000,Hard,1st Round,3,Royer V.,Davidovich Fokina A.,Davidovich Fokina A.,59.0,15.0,922.0,2585.0,6-4 1-6 4-6
2025-10-28,BNP Paribas Masters,Masters 1000,Hard,1st Round,3,Shapovalov D.,Fonseca J.,Fonseca J.,24.0,28.0,1928.0,1615.0,7-5 4-6 3-6
2025-10-28,BNP Paribas Masters,Masters 1000,Hard,2nd Round,3,Cobolli F.,Shelton B.,Shelton B.,23.0,7.0,1975.0,3820.0,6-7 3-6
2025-10-28,BNP Paribas Masters,Masters 1000,Hard,2nd Round,3,Norrie C.,Alcaraz C.,Norrie C.,31.0,1.0,1483.0,11340.0,4-6 6-3 6-4
2025-10-28,BNP Paribas Masters,Masters 1000,Hard,2nd Round,3,Tien L.,Rublev A.,Rublev A.,39.0,17.0,1316.0,2470.0,4-6 4-6
2025-10-28,BNP Paribas Masters,Masters 1000,Hard,2nd Round,3,Vukic A.,Fritz T.,Fritz T.,103.0,4.0,633.0,4685.0,6-7 2-6
2025-10-29,BNP Paribas Masters,Masters 1000,Hard,2nd Round,3,Altmaier D.,Ruud C.,Altmaier D.,50.0,9.0,1039.0,3235.0,6-3 7-5
2025-10-29,BNP Paribas Masters,Masters 1000,Hard,2nd Round,3,Davidovich Fokina A.,Cazaux A.,Davidovich Fokina A.,15.0,62.0,2585.0,902.0,7-6 6-4
2025-10-29,BNP Paribas Masters,Masters 1000,Hard,2nd Round,3,Diallo G.,De Minaur A.,De Minaur A.,42.0,6.0,1228.0,3935.0,6-7 6-4 3-6
2025-10-29,BNP Paribas Masters,Masters 1000,Hard,2nd Round,3,Kecmanovic M.,Cerundolo F.,Cerundolo F.,53.0,21.0,1001.0,2085.0,5-7 6-1 6-7
2025-10-29,BNP Paribas Masters,Masters 1000,Hard,2nd Round,3,Khachanov K.,Fonseca J.,Khachanov K.,14.0,28.0,2620.0,1615.0,6-1 3-6 6-3
2025-10-29,BNP Paribas Masters,Masters 1000,Hard,2nd Round,3,Moutet C.,Bublik A.,Bublik A.,32.0,16.0,1473.0,2520.0,3-6 5-7
2025-10-29,BNP Paribas Masters,Masters 1000,Hard,2nd Round,3,Muller A.,Auger-Aliassime F.,Auger-Aliassime F.,44.0,10.0,1150.0,3195.0,7-5 6-7 6-7
2025-10-29,BNP Paribas Masters,Masters 1000,Hard,2nd Round,3,Sinner J.,Bergs Z.,Sinner J.,2.0,41.0,10500.0,1274.0,6-4 6-2
2025-10-29,BNP Paribas Masters,Masters 1000,Hard,2nd Round,3,Sonego L.,Musetti L.,Sonego L.,45.0,8.0,1130.0,3685.0,3-6 6-3 6-1
2025-10-29,BNP Paribas Masters,Masters 1000,Hard,2nd Round,3,Vacherot V.,Rinderknech A.,Vacherot V.,40.0,29.0,1283.0,1590.0,6-7 6-3 6-4
2025-10-29,BNP Paribas Masters,Masters 1000,Hard,2nd Round,3,Zverev A.,Ugo Carabelli C.,Zverev A.,3.0,49.0,6160.0,1053.0,6-7 6-1 7-5
2025-10-30,BNP Paribas Masters,Masters 1000,Hard,3rd Round,3,Auger-Aliassime F.,Altmaier D.,Auger-Aliassime F.,10.0,50.0,3195.0,1039.0,3-6 6-3 6-2
2025-10-30,BNP Paribas Masters,Masters 1000,Hard,3rd Round,3,Fritz T.,Bublik A.,Bublik A.,4.0,16.0,4685.0,2520.0,6-7 2-6
2025-10-30,BNP Paribas Masters,Masters 1000,Hard,3rd Round,3,Khachanov K.,De Minaur A.,De Minaur A.,14.0,6.0,2620.0,3935.0,2-6 2-6
2025-10-30,BNP Paribas Masters,Masters 1000,Hard,3rd Round,3,Norrie C.,Vacherot V.,Vacherot V.,31.0,40.0,1483.0,1283.0,6-7 4-6
2025-10-30,BNP Paribas Masters,Masters 1000,Hard,3rd Round,3,Shelton B.,Rublev A.,Shelton B.,7.0,17.0,3820.0,2470.0,7-6 6-3
2025-10-30,BNP Paribas Masters,Masters 1000,Hard,3rd Round,3,Sinner J.,Cerundolo F.,Sinner J.,2.0,21.0,10500.0,2085.0,7-5 6-1
2025-10-30,BNP Paribas Masters,Masters 1000,Hard,3rd Round,3,Sonego L.,Medvedev D.,Medvedev D.,45.0,13.0,1130.0,2810.0,6-3 6-7 4-6
2025-10-30,BNP Paribas Masters,Masters 1000,Hard,3rd Round,3,Zverev A.,Davidovich Fokina A.,Zverev A.,3.0,15.0,6160.0,2585.0,6-2 6-4
2025-10-31,BNP Paribas Masters,Masters 1000,Hard,Quarterfinals,3,Auger-Aliassime F.,Vacherot V.,Auger-Aliassime F.,10.0,40.0,3195.0,1283.0,6-2 6-2
2025-10-31,BNP Paribas Masters,Masters 1000,Hard,Quarterfinals,3,De Minaur A.,Bublik A.,Bublik A.,6.0,16.0,3935.0,2520.0,7-6 4-6 5-7
2025-10-31,BNP Paribas Masters,Masters 1000,Hard,Quarterfinals,3,Sinner J.,Shelton B.,Sinner J.,2.0,7.0,10500.0,3820.0,6-3 6-3
2025-10-31,BNP Paribas Masters,Masters 1000,Hard,Quarterfinals,3,Zverev A.,Medvedev D.,Zverev A.,3.0,13.0,6160.0,2810.0,2-6 6-3 7-6
2025-11-01,BNP Paribas Masters,Masters 1000,Hard,Semifinals,3,Auger-Aliassime F.,Bublik A.,Auger-Aliassime F.,10.0,16.0,3195.0,2520.0,7-6 6-4
2025-11-01,BNP Paribas Masters,Masters 1000,Hard,Semifinals,3,Zverev A.,Sinner J.,Sinner J.,3.0,2.0,6160.0,10500.0,0-6 1-6
2025-11-02,BNP Paribas Masters,Masters 1000,Hard,The Final,3,Auger-Aliassime F.,Sinner J.,Sinner J.,10.0,2.0,3195.0,10500.0,4-6 6-7
2025-11-02,Hellenic Championship,ATP250,Hard,1st Round,3,Borges N.,Sakellaridis S.,Borges N.,47.0,277.0,1120.0,194.0,7-6 6-3
2025-11-02,Hellenic Championship,ATP250,Hard,1st Round,3,Popyrin A.,Korda S.,Korda S.,53.0,52.0,1000.0,1010.0,6-4 3-6 4-6
2025-11-02,Hellenic Championship,ATP250,Hard,1st Round,3,Walton A.,Tabilo A.,Tabilo A.,83.0,89.0,740.0,696.0,6-7 7-6 5-7
2025-11-02,Open de Moselle,ATP250,Hard,1st Round,3,Gaston H.,Atmane T.,Gaston H.,98.0,66.0,653.0,874.0,6-4 6-1
2025-11-02,Open de Moselle,ATP250,Hard,1st Round,3,Mannarino A.,Cazaux A.,Cazaux A.,71.0,69.0,817.0,836.0,3-6 6-7
2025-11-03,Hellenic Championship,ATP250,Hard,1st Round,3,Fearnley J.,Dzumhur D.,Dzumhur D.,73.0,58.0,793.0,925.0,4-6 2-6
2025-11-03,Hellenic Championship,ATP250,Hard,1st Round,3,Majchrzak K.,Kecmanovic M.,Kecmanovic M.,68.0,54.0,861.0,985.0,6-7 6-7
2025-11-03,Hellenic Championship,ATP250,Hard,1st Round,3,Opelka R.,Kopriva V.,Kopriva V.,50.0,92.0,1026.0,677.0,4-6 3-6
2025-11-03,Hellenic Championship,ATP250,Hard,1st Round,3,Spizzirri E.,Djere L.,Spizzirri E.,96.0,82.0,668.0,746.0,1-6 7-6 6-2
2025-11-03,Hellenic Championship,ATP250,Hard,1st Round,3,Struff J.L.,Muller A.,Muller A.,101.0,43.0,648.0,1190.0,3-6 6-2 6-7
2025-11-03,Hellenic Championship,ATP250,Hard,1st Round,3,Wawrinka S.,Van De Zandschulp B.,Wawrinka S.,159.0,80.0,372.0,756.0,2-6 7-6 7-5
2025-11-03,Open de Moselle,ATP250,Hard,1st Round,3,Berrettini M.,Halys Q.,Berrettini M.,63.0,84.0,895.0,732.0,6-2 6-4
2025-11-03,Open de Moselle,ATP250,Hard,1st Round,3,Mpetshi G.,Sachko V.,Sachko V.,59.0,222.0,925.0,256.0,6-7 3-6
2025-11-03,Open de Moselle,ATP250,Hard,1st Round,3,Royer V.,Norrie C.,Norrie C.,56.0,27.0,936.0,1573.0,3-6 7-6 3-6
2025-11-03,Open de Moselle,ATP250,Hard,1st Round,3,Sonego L.,Choinski J.,Sonego L.,42.0,126.0,1190.0,487.0,4-6 6-4 6-4
2025-11-03,Open de Moselle,ATP250,Hard,1st Round,3,Tabur C.,Kovacevic A.,Tabur C.,243.0,62.0,226.0,902.0,6-3 6-2
2025-11-03,Open de Moselle,ATP250,Hard,1st Round,3,Tien L.,Blanchet U.,Tien L.,38.0,143.0,1344.0,433.0,6-3 6-3
2025-11-04,Hellenic Championship,ATP250,Hard,1st Round,3,Giron M.,Martinez P.,Giron M.,72.0,95.0,815.0,668.0,6-4 6-1
2025-11-04,Hellenic Championship,ATP250,Hard,1st Round,3,Hanfmann Y.,Ivanov I.,Hanfmann Y.,117.0,935.0,518.0,19.0,6-4 6-2
2025-11-04,Hellenic Championship,ATP250,Hard,1st Round,3,McDonald M.,Etcheverry T.,Etcheverry T.,110.0,60.0,559.0,920.0,7-6 6-7 3-6
2025-11-04,Hellenic Championship,ATP250,Hard,2nd Round,3,Djokovic N.,Tabilo A.,Djokovic N.,5.0,89.0,4580.0,696.0,7-6 6-1
2025-11-04,Hellenic Championship,ATP250,Hard,2nd Round,3,Korda S.,Dzumhur D.,Korda S.,52.0,58.0,1010.0,925.0,4-6 6-3 6-3
2025-11-04,Hellenic Championship,ATP250,Hard,2nd Round,3,Spizzirri E.,Borges N.,Borges N.,96.0,47.0,668.0,1120.0,7-5 3-6 4-6
2025-11-04,Open de Moselle,ATP250,Hard,1st Round,3,Altmaier D.,Rinderknech A.,Altmaier D.,46.0,28.0,1123.0,1540.0,6-4 6-4
2025-11-04,Open de Moselle,ATP250,Hard,1st Round,3,Passaro F.,Blockx A.,Blockx A.,129.0,102.0,480.0,632.0,6-3 3-6 4-6
2025-11-04,Open de Moselle,ATP250,Hard,1st Round,3,Van Assche L.,Jacquet K.,Jacquet K.,172.0,156.0,333.0,386.0,6-4 3-6 4-6
2025-11-04,Open de Moselle,ATP250,Hard,1st Round,3,Vukic A.,Moutet C.,Vukic A.,87.0,31.0,703.0,1483.0,3-6 7-6 7-6
2025-11-04,Open de Moselle,ATP250,Hard,2nd Round,3,Cazaux A.,Norrie C.,Norrie C.,69.0,27.0,836.0,1573.0,7-6 6-7 2-6
2025-11-04,Open de Moselle,ATP250,Hard,2nd Round,3,Cobolli F.,Sonego L.,Sonego L.,22.0,42.0,2025.0,1190.0,6-2 3-6 5-7
2025-11-05,Hellenic Championship,ATP250,Hard,2nd Round,3,Etcheverry T.,Muller A.,Muller A.,60.0,43.0,920.0,1190.0,7-6 6-7 6-7
2025-11-05,Hellenic Championship,ATP250,Hard,2nd Round,3,Giron M.,Nakashima B.,Giron M.,72.0,33.0,815.0,1430.0,7-6 6-1
2025-11-05,Hellenic Championship,ATP250,Hard,2nd Round,3,Kecmanovic M.,Darderi L.,Kecmanovic M.,54.0,26.0,985.0,1609.0,4-6 6-2 6-3
2025-11-05,Hellenic Championship,ATP250,Hard,2nd Round,3,Kopriva V.,Hanfmann Y.,Hanfmann Y.,92.0,117.0,677.0,518.0,2-6 7-5 5-7
2025-11-05,Hellenic Championship,ATP250,Hard,2nd Round,3,Musetti L.,Wawrinka S.,Musetti L.,9.0,159.0,3685.0,372.0,4-6 7-6 6-4
2025-11-05,Open de Moselle,ATP250,Hard,2nd Round,3,Added D.,Jacquet K.,Jacquet K.,204.0,156.0,276.0,386.0,0-6 2-6
2025-11-05,Open de Moselle,ATP250,Hard,2nd Round,3,Blockx A.,Tabur C.,Tabur C.,102.0,243.0,632.0,226.0,7-6 6-7 6-7
2025-11-05,Open de Moselle,ATP250,Hard,2nd Round,3,Bublik A.,Sachko V.,Sachko V.,13.0,222.0,2870.0,256.0,5-7 6-3 5-7
2025-11-05,Open de Moselle,ATP250,Hard,2nd Round,3,Tien L.,Echargui M.,Tien L.,38.0,140.0,1344.0,446.0,7-6 6-3
2025-11-05,Open de Moselle,ATP250,Hard,2nd Round,3,Vukic A.,Berrettini M.,Berrettini M.,87.0,63.0,703.0,895.0,6-7 3-6
2025-11-06,Hellenic Championship,ATP250,Hard,Quarterfinals,3,Borges N.,Djokovic N.,Djokovic N.,47.0,5.0,1120.0,4580.0,6-7 4-6
2025-11-06,Hellenic Championship,ATP250,Hard,Quarterfinals,3,Giron M.,Hanfmann Y.,Hanfmann Y.,72.0,117.0,815.0,518.0,6-7 4-6
2025-11-06,Hellenic Championship,ATP250,Hard,Quarterfinals,3,Korda S.,Kecmanovic M.,Korda S.,52.0,54.0,1010.0,985.0,6-3 6-2
2025-11-06,Hellenic Championship,ATP250,Hard,Quarterfinals,3,Musetti L.,Muller A.,Musetti L.,9.0,43.0,3685.0,1190.0,6-2 6-4
2025-11-06,Open de Moselle,ATP250,Hard,Quarterfinals,3,Berrettini M.,Tien L.,Tien L.,63.0,38.0,895.0,1344.0,7-5 2-6 3-6
2025-11-06,Open de Moselle,ATP250,Hard,Quarterfinals,3,Jacquet K.,Norrie C.,Norrie C.,156.0,27.0,386.0,1573.0,6-4 6-7 4-6
2025-11-06,Open de Moselle,ATP250,Hard,Quarterfinals,3,Sachko V.,Tabur C.,Sachko V.,222.0,243.0,256.0,226.0,6-4 3-6 6-4
2025-11-06,Open de Moselle,ATP250,Hard,Quarterfinals,3,Sonego L.,Altmaier D.,Sonego L.,42.0,46.0,1190.0,1123.0,6-4 7-6
2025-11-07,Hellenic Championship,ATP250,Hard,Semifinals,3,Hanfmann Y.,Djokovic N.,Djokovic N.,117.0,5.0,518.0,4580.0,3-6 4-6
2025-11-07,Hellenic Championship,ATP250,Hard,Semifinals,3,Korda S.,Musetti L.,Musetti L.,52.0,9.0,1010.0,3685.0,0-6 7-5 5-7
2025-11-07,Open de Moselle,ATP250,Hard,Semifinals,3,Sonego L.,Norrie C.,Norrie C.,42.0,27.0,1190.0,1573.0,6-4 2-6 4-6
2025-11-07,Open de Moselle,ATP250,Hard,Semifinals,3,Tien L.,Sachko V.,Tien L.,38.0,222.0,1344.0,256.0,6-1 6-4
2025-11-08,Hellenic Championship,ATP250,Hard,The Final,3,Djokovic N.,Musetti L.,Djokovic N.,5.0,9.0,4580.0,3685.0,4-6 6-3 7-5
2025-11-08,Open de Moselle,ATP250,Hard,The Final,3,Tien L.,Norrie C.,Tien L.,38.0,27.0,1344.0,1573.0,6-3 3-6 7-6
2025-11-09,Masters Cup,Masters Cup,Hard,Round Robin,3,Alcaraz C.,De Minaur A.,Alcaraz C.,1.0,7.0,11050.0,3935.0,7-6 6-2
2025-11-09,Masters Cup,Masters Cup,Hard,Round Robin,3,Shelton B.,Zverev A.,Zverev A.,5.0,3.0,3970.0,4960.0,3-6 6-7
2025-11-10,Masters Cup,Masters Cup,Hard,Round Robin,3,Auger-Aliassime F.,Sinner J.,Sinner J.,8.0,2.0,3845.0,10000.0,5-7 1-6
2025-11-10,Masters Cup,Masters Cup,Hard,Round Robin,3,Fritz T.,Musetti L.,Fritz T.,6.0,9.0,3935.0,3840.0,6-3 6-4
2025-11-11,Masters Cup,Masters Cup,Hard,Round Robin,3,Alcaraz C.,Fritz T.,Alcaraz C.,1.0,6.0,11050.0,3935.0,6-7 7-5 6-3
2025-11-11,Masters Cup,Masters Cup,Hard,Round Robin,3,De Minaur A.,Musetti L.,Musetti L.,7.0,9.0,3935.0,3840.0,5-7 6-3 5-7
2025-11-12,Masters Cup,Masters Cup,Hard,Round Robin,3,Auger-Aliassime F.,Shelton B.,Auger-Aliassime F.,8.0,5.0,3845.0,3970.0,4-6 7-6 7-5
2025-11-12,Masters Cup,Masters Cup,Hard,Round Robin,3,Zverev A.,Sinner J.,Sinner J.,3.0,2.0,4960.0,10000.0,4-6 3-6
2025-11-13,Masters Cup,Masters Cup,Hard,Round Robin,3,Fritz T.,De Minaur A.,De Minaur A.,6.0,7.0,3935.0,3935.0,6-7 3-6
2025-11-13,Masters Cup,Masters Cup,Hard,Round Robin,3,Musetti L.,Alcaraz C.,Alcaraz C.,9.0,1.0,3840.0,11050.0,4-6 1-6
2025-11-14,Masters Cup,Masters Cup,Hard,Round Robin,3,Shelton B.,Sinner J.,Sinner J.,5.0,2.0,3970.0,10000.0,3-6 6-7
2025-11-14,Masters Cup,Masters Cup,Hard,Round Robin,3,Zverev A.,Auger-Aliassime F.,Auger-Aliassime F.,3.0,8.0,4960.0,3845.0,4-6 6-7
2025-11-15,Masters Cup,Masters Cup,Hard,Semifinals,3,Alcaraz C.,Auger-Aliassime F.,Alcaraz C.,1.0,8.0,11050.0,3845.0,6-2 6-4
2025-11-15,Masters Cup,Masters Cup,Hard,Semifinals,3,Sinner J.,De Minaur A.,Sinner J.,2.0,7.0,10000.0,3935.0,7-5 6-2
2025-11-16,Masters Cup,Masters Cup,Hard,The Final,3,Sinner J.,Alcaraz C.,Sinner J.,2.0,1.0,10000.0,11050.0,7-6 7-5
2026-01-04,Brisbane International,ATP250,Hard,1st Round,3,Ugo Carabelli C.,Tien L.,Tien L.,48.0,26.0,1028.0,1540.0,6-7 3-6
2026-01-04,Brisbane International,ATP250,Hard,1st Round,3,Vukic A.,Tiafoe F.,Tiafoe F.,87.0,30.0,693.0,1485.0,2-6 2-6
2026-01-05,Brisbane International,ATP250,Hard,1st Round,3,Duckworth J.,Michelsen A.,Michelsen A.,86.0,37.0,694.0,1300.0,7-6 6-7 3-6
2026-01-05,Brisbane International,ATP250,Hard,1st Round,3,Machac T.,Lehecka J.,Lehecka J.,35.0,19.0,1360.0,2075.0,4-6 7-6 2-6
2026-01-05,Brisbane International,ATP250,Hard,1st Round,3,Majchrzak K.,Altmaier D.,Majchrzak K.,59.0,44.0,861.0,1123.0,7-6 6-0
2026-01-05,Brisbane International,ATP250,Hard,1st Round,3,Medvedev D.,Fucsovics M.,Medvedev D.,13.0,54.0,2710.0,949.0,6-2 6-3
2026-01-05,Brisbane International,ATP250,Hard,1st Round,3,Popyrin A.,Halys Q.,Halys Q.,50.0,91.0,1000.0,669.0,7-5 3-6 4-6
2026-01-05,Brisbane International,ATP250,Hard,1st Round,3,Sweeny D.,Opelka R.,Opelka R.,183.0,60.0,315.0,861.0,3-6 5-7
2026-01-05,Brisbane International,ATP250,Hard,1st Round,3,Vacherot V.,Korda S.,Korda S.,31.0,46.0,1469.0,1090.0,6-7 3-6
2026-01-05,Hong Kong Tennis Open,ATP250,Hard,1st Round,3,Cilic M.,Mannarino A.,Cilic M.,70.0,68.0,765.0,817.0,6-3 6-2
2026-01-05,Hong Kong Tennis Open,ATP250,Hard,1st Round,3,Dzumhur D.,Borges N.,Borges N.,65.0,45.0,837.0,1120.0,4-6 3-6
2026-01-05,Hong Kong Tennis Open,ATP250,Hard,1st Round,3,Wu Y.,Marozsan F.,Wu Y.,179.0,53.0,322.0,975.0,6-4 6-2
2026-01-06,Brisbane International,ATP250,Hard,1st Round,3,Davidovich Fokina A.,Nakashima B.,Nakashima B.,14.0,33.0,2585.0,1380.0,6-7 4-6
2026-01-06,Brisbane International,ATP250,Hard,1st Round,3,Dimitrov G.,Carreno Busta P.,Dimitrov G.,47.0,92.0,1080.0,656.0,6-3 6-2
2026-01-06,Brisbane International,ATP250,Hard,1st Round,3,Hijikata R.,Walton A.,Hijikata R.,111.0,77.0,546.0,732.0,6-3 6-2
2026-01-06,Brisbane International,ATP250,Hard,1st Round,3,Kyrgios N.,Kovacevic A.,Kovacevic A.,670.0,58.0,50.0,877.0,3-6 4-6
2026-01-06,Brisbane International,ATP250,Hard,1st Round,3,Mpetshi G.,Paul T.,Mpetshi G.,67.0,20.0,825.0,2050.0,7-6 3-6 7-6
2026-01-06,Brisbane International,ATP250,Hard,1st Round,3,Norrie C.,Humbert U.,Norrie C.,28.0,36.0,1523.0,1355.0,1-6 7-6 7-5
2026-01-06,Brisbane International,ATP250,Hard,1st Round,3,Shapovalov D.,Collignon R.,Collignon R.,23.0,84.0,1665.0,704.0,4-6 2-6
2026-01-06,Hong Kong Tennis Open,ATP250,Hard,1st Round,3,Comesana F.,Shang J.,Shang J.,66.0,406.0,829.0,115.0,4-6 4-6
2026-01-06,Hong Kong Tennis Open,ATP250,Hard,1st Round,3,De Jong J.,Diallo G.,Diallo G.,71.0,40.0,763.0,1215.0,4-6 6-7
2026-01-06,Hong Kong Tennis Open,ATP250,Hard,1st Round,3,Giron M.,Djere L.,Giron M.,64.0,95.0,845.0,652.0,6-2 6-0
2026-01-06,Hong Kong Tennis Open,ATP250,Hard,1st Round,3,Kecmanovic M.,Muller A.,Muller A.,51.0,52.0,1000.0,980.0,5-7 4-6
2026-01-06,Hong Kong Tennis Open,ATP250,Hard,1st Round,3,Navone M.,Wong C.,Wong C.,72.0,150.0,760.0,406.0,3-6 5-7
2026-01-06,Hong Kong Tennis Open,ATP250,Hard,1st Round,3,Royer V.,Etcheverry T.,Etcheverry T.,56.0,57.0,924.0,895.0,4-6 5-7
2026-01-06,Hong Kong Tennis Open,ATP250,Hard,1st Round,3,Sakamoto R.,Sonego L.,Sonego L.,200.0,39.0,292.0,1240.0,2-6 6-7
2026-01-06,Hong Kong Tennis Open,ATP250,Hard,1st Round,3,Tabilo A.,Mmoh M.,Mmoh M.,81.0,285.0,717.0,184.0,5-7 4-6
2026-01-06,Hong Kong Tennis Open,ATP250,Hard,1st Round,3,Van De Zandschulp B.,Struff J.L.,Van De Zandschulp B.,75.0,82.0,746.0,711.0,6-3 1-6 6-1
2026-01-07,Brisbane International,ATP250,Hard,2nd Round,3,Opelka R.,Majchrzak K.,Majchrzak K.,60.0,59.0,861.0,861.0,7-6 6-7 6-7
2026-01-07,Brisbane International,ATP250,Hard,2nd Round,3,Tiafoe F.,Medvedev D.,Medvedev D.,30.0,13.0,1485.0,2710.0,3-6 2-6
2026-01-07,Brisbane International,ATP250,Hard,2nd Round,3,Tien L.,Michelsen A.,Michelsen A.,26.0,37.0,1540.0,1300.0,4-6 2-6
2026-01-07,Hong Kong Tennis Open,ATP250,Hard,2nd Round,3,Borges N.,Cilic M.,Borges N.,45.0,70.0,1120.0,765.0,7-5 6-3
2026-01-07,Hong Kong Tennis Open,ATP250,Hard,2nd Round,3,Etcheverry T.,Musetti L.,Musetti L.,57.0,7.0,895.0,3990.0,7-6 2-6 4-6
2026-01-07,Hong Kong Tennis Open,ATP250,Hard,2nd Round,3,Wong C.,Diallo G.,Wong C.,150.0,40.0,406.0,1215.0,1-6 7-5 7-5
2026-01-07,Hong Kong Tennis Open,ATP250,Hard,2nd Round,3,Wu Y.,Rublev A.,Rublev A.,179.0,16.0,322.0,2510.0,6-3 2-6 1-6
2026-01-08,Brisbane International,ATP250,Hard,2nd Round,3,Dimitrov G.,Collignon R.,Collignon R.,47.0,84.0,1080.0,704.0,6-7 3-6
2026-01-08,Brisbane International,ATP250,Hard,2nd Round,3,Halys Q.,Nakashima B.,Nakashima B.,91.0,33.0,669.0,1380.0,2-6 4-6
2026-01-08,Brisbane International,ATP250,Hard,2nd Round,3,Kovacevic A.,Norrie C.,Kovacevic A.,58.0,28.0,877.0,1523.0,7-6 4-6 6-4
2026-01-08,Brisbane International,ATP250,Hard,2nd Round,3,Mpetshi G.,Hijikata R.,Mpetshi G.,67.0,111.0,825.0,546.0,4-6 7-6 7-6
2026-01-08,Hong Kong Tennis Open,ATP250,Hard,2nd Round,3,Bublik A.,Van De Zandschulp B.,Bublik A.,11.0,75.0,2845.0,746.0,6-3 6-3
2026-01-08,Hong Kong Tennis Open,ATP250,Hard,2nd Round,3,Mmoh M.,Khachanov K.,Mmoh M.,285.0,17.0,184.0,2320.0,7-6 7-6
2026-01-08,Hong Kong Tennis Open,ATP250,Hard,2nd Round,3,Muller A.,Giron M.,Giron M.,52.0,64.0,980.0,845.0,4-6 6-7
2026-01-08,Hong Kong Tennis Open,ATP250,Hard,2nd Round,3,Sonego L.,Shang J.,Shang J.,39.0,406.0,1240.0,115.0,3-6 4-6
2026-01-09,Brisbane International,ATP250,Hard,Quarterfinals,3,Kovacevic A.,Mpetshi G.,Kovacevic A.,58.0,67.0,877.0,825.0,7-6 4-6 6-3
2026-01-09,Brisbane International,ATP250,Hard,Quarterfinals,3,Majchrzak K.,Medvedev D.,Medvedev D.,59.0,13.0,861.0,2710.0,7-6 3-6 2-6
2026-01-09,Brisbane International,ATP250,Hard,Quarterfinals,3,Michelsen A.,Korda S.,Michelsen A.,37.0,46.0,1300.0,1090.0,6-3 7-6
2026-01-09,Brisbane International,ATP250,Hard,Quarterfinals,3,Nakashima B.,Collignon R.,Nakashima B.,33.0,84.0,1380.0,704.0,6-3 6-3
2026-01-09,Hong Kong Tennis Open,ATP250,Hard,Quarterfinals,3,Borges N.,Rublev A.,Rublev A.,45.0,16.0,1120.0,2510.0,3-6 4-6
2026-01-09,Hong Kong Tennis Open,ATP250,Hard,Quarterfinals,3,Bublik A.,Shang J.,Bublik A.,11.0,406.0,2845.0,115.0,6-1 7-6
2026-01-09,Hong Kong Tennis Open,ATP250,Hard,Quarterfinals,3,Wong C.,Musetti L.,Musetti L.,150.0,7.0,406.0,3990.0,4-6 4-6
2026-01-10,Brisbane International,ATP250,Hard,Semifinals,3,Kovacevic A.,Nakashima B.,Nakashima B.,58.0,33.0,877.0,1380.0,6-7 4-6
2026-01-10,Brisbane International,ATP250,Hard,Semifinals,3,Michelsen A.,Medvedev D.,Medvedev D.,37.0,13.0,1300.0,2710.0,4-6 2-6
2026-01-10,Hong Kong Tennis Open,ATP250,Hard,Semifinals,3,Giron M.,Bublik A.,Bublik A.,64.0,11.0,845.0,2845.0,6-3 4-6 2-6
2026-01-10,Hong Kong Tennis Open,ATP250,Hard,Semifinals,3,Musetti L.,Rublev A.,Musetti L.,7.0,16.0,3990.0,2510.0,6-7 7-5 6-4
2026-01-11,ASB Classic,ATP250,Hard,1st Round,3,Spizzirri E.,Mannarino A.,Spizzirri E.,89.0,69.0,672.0,810.0,6-4 6-3
2026-01-11,Brisbane International,ATP250,Hard,The Final,3,Medvedev D.,Nakashima B.,Medvedev D.,13.0,33.0,2710.0,1380.0,6-2 7-6
2026-01-11,Hong Kong Tennis Open,ATP250,Hard,The Final,3,Musetti L.,Bublik A.,Bublik A.,7.0,11.0,3990.0,2845.0,6-7 3-6
2026-01-12,ASB Classic,ATP250,Hard,1st Round,3,Baez S.,Nava E.,Baez S.,39.0,88.0,1250.0,677.0,4-6 7-5 6-3
2026-01-12,ASB Classic,ATP250,Hard,1st Round,3,Brooksby J.,Watt J.,Brooksby J.,48.0,643.0,1017.0,55.0,6-4 6-3
2026-01-12,ASB Classic,ATP250,Hard,1st Round,3,Comesana F.,Royer V.,Comesana F.,68.0,57.0,829.0,924.0,6-4 6-4
2026-01-12,ASB Classic,ATP250,Hard,1st Round,3,Gaston H.,Norrie C.,Norrie C.,94.0,28.0,653.0,1538.0,3-6 4-6
2026-01-12,ASB Classic,ATP250,Hard,1st Round,3,Michelsen A.,Navone M.,Michelsen A.,37.0,74.0,1350.0,760.0,2-6 6-2 7-5
2026-01-12,ASB Classic,ATP250,Hard,1st Round,3,Tabilo A.,Ugo Carabelli C.,Tabilo A.,81.0,47.0,722.0,1028.0,6-4 6-2
2026-01-12,Adelaide International,ATP250,Hard,1st Round,3,Atmane T.,Humbert U.,Humbert U.,64.0,36.0,862.0,1355.0,3-6 6-7
2026-01-12,Adelaide International,ATP250,Hard,1st Round,3,Kecmanovic M.,Vacherot V.,Vacherot V.,59.0,32.0,910.0,1469.0,6-7 4-6
2026-01-12,Adelaide International,ATP250,Hard,1st Round,3,Korda S.,Kokkinakis T.,Kokkinakis T.,51.0,670.0,975.0,50.0,6-3 3-6 6-7
2026-01-12,Adelaide International,ATP250,Hard,1st Round,3,Munar J.,Altmaier D.,Munar J.,38.0,44.0,1295.0,1123.0,6-3 6-0
2026-01-12,Adelaide International,ATP250,Hard,1st Round,3,Opelka R.,Popyrin A.,Opelka R.,62.0,49.0,873.0,1000.0,6-3 7-6
2026-01-13,ASB Classic,ATP250,Hard,1st Round,3,Bautista Agut R.,Mpetshi G.,Mpetshi G.,90.0,63.0,670.0,865.0,3-6 6-7
2026-01-13,ASB Classic,ATP250,Hard,1st Round,3,Etcheverry T.,Borges N.,Borges N.,61.0,46.0,895.0,1070.0,5-7 6-3 6-7
2026-01-13,ASB Classic,ATP250,Hard,1st Round,3,Medjedovic H.,Kovacevic A.,Medjedovic H.,96.0,54.0,643.0,964.0,6-4 3-6 7-6
2026-01-13,ASB Classic,ATP250,Hard,1st Round,3,Monfils G.,Marozsan F.,Marozsan F.,110.0,52.0,550.0,975.0,7-5 3-6 4-6
2026-01-13,ASB Classic,ATP250,Hard,1st Round,3,Muller A.,Giron M.,Giron M.,50.0,60.0,980.0,895.0,2-6 2-6
2026-01-13,ASB Classic,ATP250,Hard,2nd Round,3,Comesana F.,Shelton B.,Shelton B.,68.0,8.0,829.0,3960.0,5-7 4-6
2026-01-13,ASB Classic,ATP250,Hard,2nd Round,3,Giron M.,Michelsen A.,Giron M.,60.0,37.0,895.0,1350.0,6-4 6-4
2026-01-13,Adelaide International,ATP250,Hard,1st Round,3,Duckworth J.,Machac T.,Machac T.,86.0,35.0,694.0,1360.0,3-6 3-6
2026-01-13,Adelaide International,ATP250,Hard,1st Round,3,Dzumhur D.,Shevchenko A.,Shevchenko A.,66.0,104.0,837.0,597.0,6-4 4-6 5-7
2026-01-13,Adelaide International,ATP250,Hard,1st Round,3,Fearnley J.,Halys Q.,Halys Q.,77.0,85.0,752.0,697.0,3-6 4-6
2026-01-13,Adelaide International,ATP250,Hard,1st Round,3,Quinn E.,Fucsovics M.,Fucsovics M.,78.0,55.0,733.0,949.0,4-6 4-6
2026-01-13,Adelaide International,ATP250,Hard,1st Round,3,Schoolkate T.,Hijikata R.,Hijikata R.,97.0,115.0,641.0,527.0,4-6 4-6
2026-01-13,Adelaide International,ATP250,Hard,1st Round,3,Vavassori A.,Diallo G.,Vavassori A.,336.0,41.0,147.0,1215.0,6-3 7-6
2026-01-13,Adelaide International,ATP250,Hard,1st Round,3,Vukic A.,Tsitsipas S.,Vukic A.,87.0,33.0,693.0,1455.0,7-6 7-6
2026-01-14,ASB Classic,ATP250,Hard,2nd Round,3,Brooksby J.,Baez S.,Baez S.,48.0,39.0,1017.0,1250.0,5-7 0-6
2026-01-14,ASB Classic,ATP250,Hard,2nd Round,3,Mensik J.,Medjedovic H.,Mensik J.,18.0,96.0,2125.0,643.0,6-1 3-6 6-3
2026-01-14,ASB Classic,ATP250,Hard,2nd Round,3,Norrie C.,Mpetshi G.,Mpetshi G.,28.0,63.0,1538.0,865.0,6-4 3-6 6-7
2026-01-14,ASB Classic,ATP250,Hard,2nd Round,3,Ruud C.,Marozsan F.,Marozsan F.,13.0,52.0,2795.0,975.0,4-6 4-6
2026-01-14,ASB Classic,ATP250,Hard,2nd Round,3,Spizzirri E.,Borges N.,Spizzirri E.,89.0,46.0,672.0,1070.0,7-6 6-4
2026-01-14,ASB Classic,ATP250,Hard,2nd Round,3,Tabilo A.,Darderi L.,Darderi L.,81.0,24.0,722.0,1579.0,6-1 5-7 3-6
2026-01-14,ASB Classic,ATP250,Hard,Quarterfinals,3,Darderi L.,Giron M.,Giron M.,24.0,60.0,1579.0,895.0,6-1 5-7 4-6
2026-01-14,Adelaide International,ATP250,Hard,2nd Round,3,Davidovich Fokina A.,Hijikata R.,Davidovich Fokina A.,15.0,115.0,2585.0,527.0,6-3 6-2
2026-01-14,Adelaide International,ATP250,Hard,2nd Round,3,Fucsovics M.,Shevchenko A.,Shevchenko A.,55.0,104.0,949.0,597.0,3-6 6-7
2026-01-14,Adelaide International,ATP250,Hard,2nd Round,3,Griekspoor T.,Humbert U.,Humbert U.,25.0,36.0,1565.0,1355.0,4-6 1-6
2026-01-14,Adelaide International,ATP250,Hard,2nd Round,3,Halys Q.,Machac T.,Machac T.,85.0,35.0,697.0,1360.0,4-6 2-6
2026-01-14,Adelaide International,ATP250,Hard,2nd Round,3,Munar J.,Cerundolo F.,Munar J.,38.0,20.0,1295.0,2035.0,3-6 7-5 6-4
2026-01-14,Adelaide International,ATP250,Hard,2nd Round,3,Paul T.,Opelka R.,Paul T.,21.0,62.0,2000.0,873.0,6-4 6-4
2026-01-14,Adelaide International,ATP250,Hard,2nd Round,3,Vukic A.,Vavassori A.,Vukic A.,87.0,336.0,693.0,147.0,6-2 7-6
2026-01-15,ASB Classic,ATP250,Hard,Quarterfinals,3,Baez S.,Shelton B.,Baez S.,39.0,8.0,1250.0,3960.0,7-5 6-3
2026-01-15,ASB Classic,ATP250,Hard,Quarterfinals,3,Mensik J.,Mpetshi G.,Mensik J.,18.0,63.0,2125.0,865.0,6-4 6-2
2026-01-15,ASB Classic,ATP250,Hard,Quarterfinals,3,Spizzirri E.,Marozsan F.,Marozsan F.,89.0,52.0,672.0,975.0,4-6 6-2 2-6
2026-01-15,Adelaide International,ATP250,Hard,Quarterfinals,3,Munar J.,Machac T.,Machac T.,38.0,35.0,1295.0,1360.0,4-6 4-6
2026-01-15,Adelaide International,ATP250,Hard,Quarterfinals,3,Paul T.,Vukic A.,Paul T.,21.0,87.0,2000.0,693.0,6-3 6-2
2026-01-15,Adelaide International,ATP250,Hard,Quarterfinals,3,Shevchenko A.,Humbert U.,Humbert U.,104.0,36.0,597.0,1355.0,0-6 3-6
2026-01-15,Adelaide International,ATP250,Hard,Quarterfinals,3,Vacherot V.,Davidovich Fokina A.,Davidovich Fokina A.,32.0,15.0,1469.0,2585.0,6-7 2-6
2026-01-16,ASB Classic,ATP250,Hard,Semifinals,3,Giron M.,Baez S.,Baez S.,60.0,39.0,895.0,1250.0,1-6 4-6
2026-01-16,ASB Classic,ATP250,Hard,Semifinals,3,Marozsan F.,Mensik J.,Mensik J.,52.0,18.0,975.0,2125.0,6-7 6-4 1-6
2026-01-16,Adelaide International,ATP250,Hard,Semifinals,3,Humbert U.,Davidovich Fokina A.,Humbert U.,36.0,15.0,1355.0,2585.0,6-3 5-7 7-6
2026-01-16,Adelaide International,ATP250,Hard,Semifinals,3,Machac T.,Paul T.,Machac T.,35.0,21.0,1360.0,2000.0,2-6 6-3 6-3
2026-01-17,ASB Classic,ATP250,Hard,The Final,3,Mensik J.,Baez S.,Mensik J.,18.0,39.0,2125.0,1250.0,6-3 7-6
2026-01-17,Adelaide International,ATP250,Hard,The Final,3,Humbert U.,Machac T.,Machac T.,36.0,35.0,1355.0,1360.0,4-6 7-6 2-6
2026-01-18,Australian Open,Grand Slam,Hard,1st Round,5,Alcaraz C.,Walton A.,Alcaraz C.,1.0,81.0,12050.0,727.0,6-3 7-6 6-2
2026-01-18,Australian Open,Grand Slam,Hard,1st Round,5,Blockx A.,Faria J.,Faria J.,96.0,151.0,653.0,413.0,3-6 6-3 3-6 4-6
2026-01-18,Australian Open,Grand Slam,Hard,1st Round,5,Brooksby J.,Bublik A.,Bublik A.,48.0,10.0,1042.0,3065.0,4-6 4-6 4-6
2026-01-18,Australian Open,Grand Slam,Hard,1st Round,5,Cerundolo F.,Zhang Zh.,Cerundolo F.,21.0,368.0,2035.0,130.0,6-3 7-6 6-3
2026-01-18,Australian Open,Grand Slam,Hard,1st Round,5,Diallo G.,Zverev A.,Zverev A.,41.0,3.0,1215.0,5105.0,7-6 1-6 4-6 2-6
2026-01-18,Australian Open,Grand Slam,Hard,1st Round,5,Draxl L.,Dzumhur D.,Dzumhur D.,145.0,66.0,429.0,837.0,5-7 0-6 4-6
2026-01-18,Australian Open,Grand Slam,Hard,1st Round,5,Fery A.,Cobolli F.,Fery A.,186.0,22.0,316.0,1955.0,7-6 6-4 6-1
2026-01-18,Australian Open,Grand Slam,Hard,1st Round,5,Fucsovics M.,Ugo Carabelli C.,Fucsovics M.,54.0,49.0,967.0,1028.0,7-6 6-1 6-2
2026-01-18,Australian Open,Grand Slam,Hard,1st Round,5,Jacquet K.,Nava E.,Nava E.,128.0,89.0,477.0,683.0,2-6 5-7 7-6 6-4 6-7
2026-01-18,Australian Open,Grand Slam,Hard,1st Round,5,Kecmanovic M.,Etcheverry T.,Etcheverry T.,60.0,62.0,910.0,895.0,2-6 6-3 6-4 3-6 4-6
2026-01-18,Australian Open,Grand Slam,Hard,1st Round,5,Kypson P.,Comesana F.,Comesana F.,116.0,68.0,527.0,829.0,2-6 3-6 6-3 3-6
2026-01-18,Australian Open,Grand Slam,Hard,1st Round,5,Moutet C.,Schoolkate T.,Moutet C.,37.0,98.0,1383.0,641.0,6-4 7-6 6-3
2026-01-18,Australian Open,Grand Slam,Hard,1st Round,5,Norrie C.,Bonzi B.,Norrie C.,27.0,106.0,1553.0,566.0,6-0 6-7 4-6 6-3 6-4
2026-01-18,Australian Open,Grand Slam,Hard,1st Round,5,Svajda Z.,Hanfmann Y.,Hanfmann Y.,143.0,102.0,431.0,611.0,5-7 6-4 4-6 6-7
2026-01-18,Australian Open,Grand Slam,Hard,1st Round,5,Tiafoe F.,Kubler J.,Tiafoe F.,34.0,194.0,1500.0,305.0,7-6 6-3 6-2
2026-01-18,Australian Open,Grand Slam,Hard,1st Round,5,Zheng M.,Korda S.,Zheng M.,174.0,53.0,337.0,975.0,6-4 6-4 3-6 6-7 6-3
2026-01-19,Australian Open,Grand Slam,Hard,1st Round,5,Atmane T.,Maestrelli F.,Maestrelli F.,64.0,141.0,862.0,436.0,4-6 6-3 7-6 1-6 1-6
2026-01-19,Australian Open,Grand Slam,Hard,1st Round,5,Bautista Agut R.,Shang J.,Shang J.,91.0,318.0,670.0,165.0,4-6 7-6 4-6 0-6
2026-01-19,Australian Open,Grand Slam,Hard,1st Round,5,Bu Y.,Shapovalov D.,Shapovalov D.,120.0,23.0,499.0,1650.0,3-6 6-7 1-6
2026-01-19,Australian Open,Grand Slam,Hard,1st Round,5,Cilic M.,Altmaier D.,Cilic M.,70.0,44.0,790.0,1123.0,6-0 6-0 7-6
2026-01-19,Australian Open,Grand Slam,Hard,1st Round,5,De Minaur A.,McDonald M.,De Minaur A.,6.0,113.0,4080.0,546.0,6-2 6-2 6-3
2026-01-19,Australian Open,Grand Slam,Hard,1st Round,5,Hijikata R.,Mannarino A.,Hijikata R.,114.0,69.0,542.0,810.0,6-3 6-3 6-1
2026-01-19,Australian Open,Grand Slam,Hard,1st Round,5,Kovacevic A.,Paul T.,Paul T.,56.0,20.0,964.0,2050.0,4-6 3-6 3-6
2026-01-19,Australian Open,Grand Slam,Hard,1st Round,5,Lehecka J.,Gea A.,Gea A.,19.0,198.0,2090.0,300.0,5-7 6-7 5-7
2026-01-19,Australian Open,Grand Slam,Hard,1st Round,5,Majchrzak K.,Fearnley J.,Majchrzak K.,59.0,77.0,918.0,752.0,7-6 7-5 3-6 7-6
2026-01-19,Australian Open,Grand Slam,Hard,1st Round,5,Martinez P.,Djokovic N.,Djokovic N.,71.0,4.0,768.0,4780.0,3-6 2-6 2-6
2026-01-19,Australian Open,Grand Slam,Hard,1st Round,5,Medjedovic H.,Navone M.,Medjedovic H.,90.0,74.0,681.0,760.0,6-2 6-7 6-4 6-2
2026-01-19,Australian Open,Grand Slam,Hard,1st Round,5,Medvedev D.,De Jong J.,Medvedev D.,12.0,73.0,2910.0,763.0,7-5 6-2 7-6
2026-01-19,Australian Open,Grand Slam,Hard,1st Round,5,Misolic F.,Davidovich Fokina A.,Davidovich Fokina A.,84.0,14.0,725.0,2635.0,2-6 3-6 3-6
2026-01-19,Australian Open,Grand Slam,Hard,1st Round,5,Nakashima B.,Van De Zandschulp B.,Van De Zandschulp B.,30.0,75.0,1535.0,759.0,3-6 6-4 6-7 6-7
2026-01-19,Australian Open,Grand Slam,Hard,1st Round,5,Opelka R.,Budkov Kjaer N.,Opelka R.,63.0,135.0,873.0,446.0,6-4 6-3 6-4
2026-01-19,Australian Open,Grand Slam,Hard,1st Round,5,Popyrin A.,Muller A.,Muller A.,50.0,52.0,1000.0,980.0,6-2 3-6 6-3 6-7 6-7
2026-01-19,Australian Open,Grand Slam,Hard,1st Round,5,Rinderknech A.,Marozsan F.,Marozsan F.,28.0,47.0,1551.0,1065.0,3-6 4-6 7-6 4-6
2026-01-19,Australian Open,Grand Slam,Hard,1st Round,5,Rublev A.,Arnaldi M.,Rublev A.,15.0,65.0,2600.0,858.0,6-4 6-2 6-3
2026-01-19,Australian Open,Grand Slam,Hard,1st Round,5,Ruud C.,Bellucci M.,Ruud C.,13.0,76.0,2795.0,758.0,6-1 6-2 6-4
2026-01-19,Australian Open,Grand Slam,Hard,1st Round,5,Shevchenko A.,Ymer E.,Shevchenko A.,97.0,175.0,650.0,337.0,3-6 7-5 6-4 6-1
2026-01-19,Australian Open,Grand Slam,Hard,1st Round,5,Svrcina D.,Munar J.,Munar J.,95.0,39.0,655.0,1335.0,6-3 2-6 7-6 5-7 3-6
2026-01-19,Australian Open,Grand Slam,Hard,1st Round,5,Tabilo A.,Halys Q.,Halys Q.,79.0,83.0,737.0,725.0,2-6 2-6 6-7
2026-01-19,Australian Open,Grand Slam,Hard,1st Round,5,Thompson J.,Cerundolo J.M.,Thompson J.,111.0,87.0,548.0,700.0,6-7 7-5 6-1 6-1
2026-01-19,Australian Open,Grand Slam,Hard,1st Round,5,Tien L.,Giron M.,Tien L.,29.0,51.0,1540.0,985.0,7-6 4-6 3-6 7-6 6-2
2026-01-19,Australian Open,Grand Slam,Hard,1st Round,5,Vacherot V.,Damm M.,Vacherot V.,31.0,177.0,1519.0,333.0,6-4 6-4 6-4
2026-01-19,Australian Open,Grand Slam,Hard,1st Round,5,Vukic A.,Tirante T.A.,Tirante T.A.,78.0,103.0,746.0,605.0,5-7 2-6 2-6
2026-01-19,Australian Open,Grand Slam,Hard,1st Round,5,Wawrinka S.,Djere L.,Wawrinka S.,139.0,92.0,437.0,659.0,5-7 6-3 6-4 7-6
2026-01-20,Australian Open,Grand Slam,Hard,1st Round,5,Baez S.,Mpetshi G.,Baez S.,36.0,61.0,1390.0,905.0,6-4 6-4 3-6 5-7 6-3
2026-01-20,Australian Open,Grand Slam,Hard,1st Round,5,Basavareddy N.,O Connell C.,Basavareddy N.,242.0,118.0,230.0,521.0,4-6 7-6 6-7 6-2 6-3
2026-01-20,Australian Open,Grand Slam,Hard,1st Round,5,Bergs Z.,Hurkacz H.,Hurkacz H.,43.0,55.0,1170.0,965.0,7-6 6-7 3-6 3-6
2026-01-20,Australian Open,Grand Slam,Hard,1st Round,5,Darderi L.,Garin C.,Darderi L.,25.0,82.0,1599.0,726.0,7-6 7-5 7-6
2026-01-20,Australian Open,Grand Slam,Hard,1st Round,5,Duckworth J.,Prizmic D.,Duckworth J.,88.0,127.0,694.0,481.0,7-6 3-6 1-6 7-5 6-3
2026-01-20,Australian Open,Grand Slam,Hard,1st Round,5,Fonseca J.,Spizzirri E.,Spizzirri E.,32.0,85.0,1510.0,725.0,4-6 6-2 1-6 2-6
2026-01-20,Australian Open,Grand Slam,Hard,1st Round,5,Fritz T.,Royer V.,Fritz T.,9.0,58.0,3840.0,924.0,7-6 5-7 6-1 6-3
2026-01-20,Australian Open,Grand Slam,Hard,1st Round,5,Humbert U.,Shelton B.,Shelton B.,33.0,7.0,1510.0,4000.0,3-6 6-7 6-7
2026-01-20,Australian Open,Grand Slam,Hard,1st Round,5,Jodar R.,Sakamoto R.,Jodar R.,150.0,203.0,418.0,292.0,7-6 6-1 5-7 4-6 6-3
2026-01-20,Australian Open,Grand Slam,Hard,1st Round,5,Machac T.,Dimitrov G.,Machac T.,24.0,45.0,1610.0,1105.0,6-4 6-4 6-3
2026-01-20,Australian Open,Grand Slam,Hard,1st Round,5,Mensik J.,Carreno Busta P.,Mensik J.,17.0,94.0,2345.0,656.0,7-5 4-6 2-6 7-6 6-3
2026-01-20,Australian Open,Grand Slam,Hard,1st Round,5,Michelsen A.,Khachanov K.,Khachanov K.,38.0,18.0,1350.0,2320.0,6-4 4-6 3-6 7-5 3-6
2026-01-20,Australian Open,Grand Slam,Hard,1st Round,5,Mochizuki S.,Tsitsipas S.,Tsitsipas S.,112.0,35.0,547.0,1455.0,6-4 3-6 2-6 2-6
2026-01-20,Australian Open,Grand Slam,Hard,1st Round,5,Monfils G.,Sweeny D.,Sweeny D.,110.0,182.0,550.0,325.0,7-6 5-7 4-6 5-7
2026-01-20,Australian Open,Grand Slam,Hard,1st Round,5,Quinn E.,Griekspoor T.,Quinn E.,80.0,26.0,733.0,1565.0,6-2 6-3 6-2
2026-01-20,Australian Open,Grand Slam,Hard,1st Round,5,Struff J.L.,Kopriva V.,Kopriva V.,86.0,101.0,706.0,626.0,6-4 2-6 6-2 3-6 1-6
2026-01-20,Australian Open,Grand Slam,Hard,1st Round,5,Taberner C.,Sonego L.,Sonego L.,99.0,40.0,630.0,1240.0,4-6 0-6 3-6
2026-01-20,Australian Open,Grand Slam,Hard,1st Round,5,Wu Y.,Nardi L.,Wu Y.,168.0,108.0,347.0,561.0,7-5 4-6 6-4 6-2
2026-01-21,Australian Open,Grand Slam,Hard,2nd Round,5,Borges N.,Thompson J.,Borges N.,46.0,111.0,1070.0,548.0,6-7 6-3 6-2 6-4
2026-01-21,Australian Open,Grand Slam,Hard,2nd Round,5,Bublik A.,Fucsovics M.,Bublik A.,10.0,54.0,3065.0,967.0,7-5 6-4 7-5
2026-01-21,Australian Open,Grand Slam,Hard,2nd Round,5,De Minaur A.,Medjedovic H.,De Minaur A.,6.0,90.0,4080.0,681.0,6-7 6-2 6-2 6-1
2026-01-21,Australian Open,Grand Slam,Hard,2nd Round,5,Dzumhur D.,Cerundolo F.,Cerundolo F.,66.0,21.0,837.0,2035.0,3-6 2-6 1-6
2026-01-21,Australian Open,Grand Slam,Hard,2nd Round,5,Fery A.,Etcheverry T.,Etcheverry T.,186.0,62.0,316.0,895.0,6-7 1-6 3-6
2026-01-21,Australian Open,Grand Slam,Hard,2nd Round,5,Halys Q.,Medvedev D.,Medvedev D.,83.0,12.0,725.0,2910.0,7-6 3-6 4-6 2-6
2026-01-21,Australian Open,Grand Slam,Hard,2nd Round,5,Hanfmann Y.,Alcaraz C.,Alcaraz C.,102.0,1.0,611.0,12050.0,6-7 3-6 2-6
2026-01-21,Australian Open,Grand Slam,Hard,2nd Round,5,Marozsan F.,Majchrzak K.,Marozsan F.,47.0,59.0,1065.0,918.0,6-3 6-4 7-6
2026-01-21,Australian Open,Grand Slam,Hard,2nd Round,5,Muller A.,Zverev A.,Zverev A.,52.0,3.0,980.0,5105.0,3-6 6-4 3-6 4-6
2026-01-21,Australian Open,Grand Slam,Hard,2nd Round,5,Norrie C.,Nava E.,Norrie C.,27.0,89.0,1553.0,683.0,6-1 7-6 4-6 7-6
2026-01-21,Australian Open,Grand Slam,Hard,2nd Round,5,Opelka R.,Davidovich Fokina A.,Davidovich Fokina A.,63.0,14.0,873.0,2635.0,3-6 6-7 7-5 6-4 4-6
2026-01-21,Australian Open,Grand Slam,Hard,2nd Round,5,Rublev A.,Faria J.,Rublev A.,15.0,151.0,2600.0,413.0,6-4 6-3 4-6 7-5
2026-01-21,Australian Open,Grand Slam,Hard,2nd Round,5,Tiafoe F.,Comesana F.,Tiafoe F.,34.0,68.0,1500.0,829.0,6-4 6-3 4-6 6-2
2026-01-21,Australian Open,Grand Slam,Hard,2nd Round,5,Tien L.,Shevchenko A.,Tien L.,29.0,97.0,1540.0,650.0,6-2 5-7 6-1 6-0
2026-01-21,Australian Open,Grand Slam,Hard,2nd Round,5,Tirante T.A.,Paul T.,Paul T.,103.0,20.0,605.0,2050.0,3-6 4-6 2-6
2026-01-22,Australian Open,Grand Slam,Hard,2nd Round,5,Baez S.,Darderi L.,Darderi L.,36.0,25.0,1390.0,1599.0,3-6 6-1 4-6 3-6
2026-01-22,Australian Open,Grand Slam,Hard,2nd Round,5,Cilic M.,Shapovalov D.,Cilic M.,70.0,23.0,790.0,1650.0,6-4 6-3 6-2
2026-01-22,Australian Open,Grand Slam,Hard,2nd Round,5,Djokovic N.,Maestrelli F.,Djokovic N.,4.0,141.0,4780.0,436.0,6-3 6-2 6-2
2026-01-22,Australian Open,Grand Slam,Hard,2nd Round,5,Hijikata R.,Vacherot V.,Vacherot V.,114.0,31.0,542.0,1519.0,1-6 3-6 6-4 2-6
2026-01-22,Australian Open,Grand Slam,Hard,2nd Round,5,Hurkacz H.,Quinn E.,Quinn E.,55.0,80.0,965.0,733.0,4-6 6-7 1-6
2026-01-22,Australian Open,Grand Slam,Hard,2nd Round,5,Khachanov K.,Basavareddy N.,Khachanov K.,18.0,242.0,2320.0,230.0,6-1 6-4 6-3
2026-01-22,Australian Open,Grand Slam,Hard,2nd Round,5,Kopriva V.,Fritz T.,Fritz T.,101.0,9.0,626.0,3840.0,1-6 4-6 6-7
2026-01-22,Australian Open,Grand Slam,Hard,2nd Round,5,Mensik J.,Jodar R.,Mensik J.,17.0,150.0,2345.0,418.0,6-2 6-4 6-4
2026-01-22,Australian Open,Grand Slam,Hard,2nd Round,5,Ruud C.,Munar J.,Ruud C.,13.0,39.0,2795.0,1335.0,6-3 7-5 6-4
2026-01-22,Australian Open,Grand Slam,Hard,2nd Round,5,Shelton B.,Sweeny D.,Shelton B.,7.0,182.0,4000.0,325.0,6-3 6-2 6-2
2026-01-22,Australian Open,Grand Slam,Hard,2nd Round,5,Sinner J.,Duckworth J.,Sinner J.,2.0,88.0,11500.0,694.0,6-1 6-4 6-2
2026-01-22,Australian Open,Grand Slam,Hard,2nd Round,5,Sonego L.,Musetti L.,Musetti L.,40.0,5.0,1240.0,4105.0,3-6 3-6 4-6
2026-01-22,Australian Open,Grand Slam,Hard,2nd Round,5,Tsitsipas S.,Machac T.,Machac T.,35.0,24.0,1455.0,1610.0,4-6 6-3 6-7 6-7
2026-01-22,Australian Open,Grand Slam,Hard,2nd Round,5,Van De Zandschulp B.,Shang J.,Van De Zandschulp B.,75.0,318.0,759.0,165.0,7-6 6-2 6-3
2026-01-22,Australian Open,Grand Slam,Hard,2nd Round,5,Wawrinka S.,Gea A.,Wawrinka S.,139.0,198.0,437.0,300.0,4-6 6-3 3-6 7-5 7-6
2026-01-22,Australian Open,Grand Slam,Hard,2nd Round,5,Wu Y.,Spizzirri E.,Spizzirri E.,168.0,85.0,347.0,725.0,2-6 4-6 7-6 6-4 3-6
2026-01-23,Australian Open,Grand Slam,Hard,3rd Round,5,Alcaraz C.,Moutet C.,Alcaraz C.,1.0,37.0,12050.0,1383.0,6-2 6-4 6-1
2026-01-23,Australian Open,Grand Slam,Hard,3rd Round,5,Bublik A.,Etcheverry T.,Bublik A.,10.0,62.0,3065.0,895.0,7-6 7-6 6-4
2026-01-23,Australian Open,Grand Slam,Hard,3rd Round,5,Darderi L.,Khachanov K.,Darderi L.,25.0,18.0,1599.0,2320.0,7-6 3-6 6-3 6-4
2026-01-23,Australian Open,Grand Slam,Hard,3rd Round,5,De Minaur A.,Tiafoe F.,De Minaur A.,6.0,34.0,4080.0,1500.0,6-3 6-4 7-5
2026-01-23,Australian Open,Grand Slam,Hard,3rd Round,5,Machac T.,Musetti L.,Musetti L.,24.0,5.0,1610.0,4105.0,7-5 4-6 2-6 7-5 2-6
2026-01-23,Australian Open,Grand Slam,Hard,3rd Round,5,Marozsan F.,Medvedev D.,Medvedev D.,47.0,12.0,1065.0,2910.0,7-6 6-4 5-7 0-6 3-6
2026-01-23,Australian Open,Grand Slam,Hard,3rd Round,5,Rublev A.,Cerundolo F.,Cerundolo F.,15.0,21.0,2600.0,2035.0,3-6 6-7 3-6
2026-01-23,Australian Open,Grand Slam,Hard,3rd Round,5,Tien L.,Borges N.,Tien L.,29.0,46.0,1540.0,1070.0,7-6 6-4 6-2
2026-01-23,Australian Open,Grand Slam,Hard,3rd Round,5,Zverev A.,Norrie C.,Zverev A.,3.0,27.0,5105.0,1553.0,7-5 4-6 6-3 6-1
2026-01-24,Australian Open,Grand Slam,Hard,3rd Round,5,Quinn E.,Mensik J.,Mensik J.,80.0,17.0,733.0,2345.0,2-6 6-7 6-7
2026-01-24,Australian Open,Grand Slam,Hard,3rd Round,5,Ruud C.,Cilic M.,Ruud C.,13.0,70.0,2795.0,790.0,6-4 6-4 3-6 7-5
2026-01-24,Australian Open,Grand Slam,Hard,3rd Round,5,Shelton B.,Vacherot V.,Shelton B.,7.0,31.0,4000.0,1519.0,6-4 6-4 7-6
2026-01-24,Australian Open,Grand Slam,Hard,3rd Round,5,Sinner J.,Spizzirri E.,Sinner J.,2.0,85.0,11500.0,725.0,4-6 6-3 6-4 6-4
2026-01-24,Australian Open,Grand Slam,Hard,3rd Round,5,Van De Zandschulp B.,Djokovic N.,Djokovic N.,75.0,4.0,759.0,4780.0,3-6 4-6 6-7
2026-01-24,Australian Open,Grand Slam,Hard,3rd Round,5,Wawrinka S.,Fritz T.,Fritz T.,139.0,9.0,437.0,3840.0,6-7 6-2 4-6 4-6
2026-01-25,Australian Open,Grand Slam,Hard,4th Round,5,Alcaraz C.,Paul T.,Alcaraz C.,1.0,20.0,12050.0,2050.0,7-6 6-4 7-5
2026-01-25,Australian Open,Grand Slam,Hard,4th Round,5,De Minaur A.,Bublik A.,De Minaur A.,6.0,10.0,4080.0,3065.0,6-4 6-1 6-1
2026-01-25,Australian Open,Grand Slam,Hard,4th Round,5,Tien L.,Medvedev D.,Tien L.,29.0,12.0,1540.0,2910.0,6-4 6-0 6-3
2026-01-25,Australian Open,Grand Slam,Hard,4th Round,5,Zverev A.,Cerundolo F.,Zverev A.,3.0,21.0,5105.0,2035.0,6-2 6-4 6-4
2026-01-26,Australian Open,Grand Slam,Hard,4th Round,5,Fritz T.,Musetti L.,Musetti L.,9.0,5.0,3840.0,4105.0,2-6 5-7 4-6
2026-01-26,Australian Open,Grand Slam,Hard,4th Round,5,Shelton B.,Ruud C.,Shelton B.,7.0,13.0,4000.0,2795.0,3-6 6-4 6-3 6-4
2026-01-26,Australian Open,Grand Slam,Hard,4th Round,5,Sinner J.,Darderi L.,Sinner J.,2.0,25.0,11500.0,1599.0,6-1 6-3 7-6
2026-01-27,Australian Open,Grand Slam,Hard,Quarterfinals,5,De Minaur A.,Alcaraz C.,Alcaraz C.,6.0,1.0,4080.0,12050.0,5-7 2-6 1-6
2026-01-27,Australian Open,Grand Slam,Hard,Quarterfinals,5,Tien L.,Zverev A.,Zverev A.,29.0,3.0,1540.0,5105.0,3-6 7-6 1-6 6-7
2026-01-28,Australian Open,Grand Slam,Hard,Quarterfinals,5,Sinner J.,Shelton B.,Sinner J.,2.0,7.0,11500.0,4000.0,6-3 6-4 6-4
2026-01-30,Australian Open,Grand Slam,Hard,Semifinals,5,Djokovic N.,Sinner J.,Djokovic N.,4.0,2.0,4780.0,11500.0,3-6 6-3 4-6 6-4 6-4
2026-01-30,Australian Open,Grand Slam,Hard,Semifinals,5,Zverev A.,Alcaraz C.,Alcaraz C.,3.0,1.0,5105.0,12050.0,4-6 6-7 7-6 7-6 5-7
2026-02-01,Australian Open,Grand Slam,Hard,The Final,5,Djokovic N.,Alcaraz C.,Alcaraz C.,4.0,1.0,4780.0,12050.0,6-2 2-6 3-6 5-7
2026-02-02,Open Sud de France,ATP250,Hard,1st Round,3,Martinez P.,Mannarino A.,Mannarino A.,77.0,70.0,728.0,810.0,6-7 1-6
2026-02-02,Open Sud de France,ATP250,Hard,1st Round,3,O Connell C.,Bautista Agut R.,Bautista Agut R.,119.0,89.0,511.0,670.0,7-5 3-6 5-7
2026-02-03,Open Sud de France,ATP250,Hard,1st Round,3,Blanchet U.,Vavassori A.,Blanchet U.,174.0,282.0,343.0,185.0,6-4 6-3
2026-02-03,Open Sud de France,ATP250,Hard,1st Round,3,Damm M.,Hurkacz H.,Damm M.,160.0,52.0,373.0,965.0,7-6 6-4
2026-02-03,Open Sud de France,ATP250,Hard,1st Round,3,Droguet T.,Choinski J.,Droguet T.,150.0,125.0,403.0,498.0,6-2 7-6
2026-02-03,Open Sud de France,ATP250,Hard,1st Round,3,Fils A.,Royer V.,Fils A.,42.0,56.0,1110.0,920.0,7-6 6-7 6-2
2026-02-03,Open Sud de France,ATP250,Hard,1st Round,3,Humbert U.,Van De Zandschulp B.,Humbert U.,38.0,67.0,1320.0,849.0,6-3 6-4
2026-02-03,Open Sud de France,ATP250,Hard,1st Round,3,Kecmanovic M.,Carreno Busta P.,Carreno Busta P.,69.0,100.0,820.0,616.0,6-4 3-6 6-7
2026-02-04,Open Sud de France,ATP250,Hard,1st Round,3,Kouame M.,Kovacevic A.,Kovacevic A.,551.0,83.0,70.0,709.0,7-6 2-6 2-6
2026-02-04,Open Sud de France,ATP250,Hard,1st Round,3,Nardi L.,Basilashvili N.,Nardi L.,106.0,137.0,571.0,464.0,6-3 6-3
2026-02-04,Open Sud de France,ATP250,Hard,1st Round,3,Wawrinka S.,Medjedovic H.,Wawrinka S.,113.0,80.0,537.0,717.0,7-6 6-4
2026-02-04,Open Sud de France,ATP250,Hard,2nd Round,3,Bautista Agut R.,Damm M.,Damm M.,89.0,160.0,670.0,373.0,1-6 3-6
2026-02-04,Open Sud de France,ATP250,Hard,2nd Round,3,Mannarino A.,Humbert U.,Mannarino A.,70.0,38.0,810.0,1320.0,6-7 6-3 7-6
2026-02-05,Open Sud de France,ATP250,Hard,2nd Round,3,Droguet T.,Kovacevic A.,Droguet T.,150.0,83.0,403.0,709.0,4-6 7-6 6-4
2026-02-05,Open Sud de France,ATP250,Hard,2nd Round,3,Fils A.,Blanchet U.,Fils A.,42.0,174.0,1110.0,343.0,7-6 7-5
2026-02-05,Open Sud de France,ATP250,Hard,2nd Round,3,Griekspoor T.,Carreno Busta P.,Griekspoor T.,29.0,100.0,1565.0,616.0,6-4 6-4
2026-02-05,Open Sud de France,ATP250,Hard,2nd Round,3,Nardi L.,Cobolli F.,Nardi L.,106.0,20.0,571.0,1955.0,6-2 6-3
2026-02-05,Open Sud de France,ATP250,Hard,2nd Round,3,Wawrinka S.,Auger-Aliassime F.,Auger-Aliassime F.,113.0,8.0,537.0,3725.0,4-6 6-7
2026-02-06,Open Sud de France,ATP250,Hard,Quarterfinals,3,Damm M.,Nardi L.,Damm M.,160.0,106.0,373.0,571.0,6-3 7-6
2026-02-06,Open Sud de France,ATP250,Hard,Quarterfinals,3,Droguet T.,Griekspoor T.,Droguet T.,150.0,29.0,403.0,1565.0,7-6 7-6
2026-02-06,Open Sud de France,ATP250,Hard,Quarterfinals,3,Fils A.,Auger-Aliassime F.,Auger-Aliassime F.,42.0,8.0,1110.0,3725.0,4-6 2-6
2026-02-06,Open Sud de France,ATP250,Hard,Quarterfinals,3,Mannarino A.,Gea A.,Mannarino A.,70.0,168.0,810.0,353.0,5-7 6-4 6-4
2026-02-07,Open Sud de France,ATP250,Hard,Semifinals,3,Auger-Aliassime F.,Droguet T.,Auger-Aliassime F.,8.0,150.0,3725.0,403.0,6-4 6-7 6-1
2026-02-07,Open Sud de France,ATP250,Hard,Semifinals,3,Damm M.,Mannarino A.,Mannarino A.,160.0,70.0,373.0,810.0,6-1 3-6 4-6
2026-02-08,Open Sud de France,ATP250,Hard,The Final,3,Auger-Aliassime F.,Mannarino A.,Auger-Aliassime F.,8.0,70.0,3725.0,810.0,6-3 7-6
2026-02-09,ABN AMRO World Tennis Tournament,ATP500,Hard,1st Round,3,Bautista Agut R.,Norrie C.,Norrie C.,85.0,26.0,685.0,1603.0,6-7 1-6
2026-02-09,ABN AMRO World Tennis Tournament,ATP500,Hard,1st Round,3,Medvedev D.,Humbert U.,Humbert U.,11.0,36.0,3060.0,1335.0,6-7 6-3 3-6
2026-02-09,ABN AMRO World Tennis Tournament,ATP500,Hard,1st Round,3,Munar J.,Budkov Kjaer N.,Munar J.,37.0,132.0,1185.0,476.0,6-1 6-3
2026-02-09,ABN AMRO World Tennis Tournament,ATP500,Hard,1st Round,3,Pavlovic L.,Van De Zandschulp B.,Van De Zandschulp B.,219.0,65.0,262.0,849.0,6-7 3-6
2026-02-09,ABN AMRO World Tennis Tournament,ATP500,Hard,1st Round,3,Royer V.,O Connell C.,O Connell C.,57.0,119.0,897.0,511.0,4-6 6-4 6-7
2026-02-09,Argentina Open,ATP250,Clay,1st Round,3,Barrena A.,Kopriva V.,Kopriva V.,180.0,95.0,336.0,632.0,4-6 6-3 4-6
2026-02-09,Argentina Open,ATP250,Clay,1st Round,3,Dellien H.,Dzumhur D.,Dellien H.,167.0,62.0,355.0,877.0,6-4 6-1
2026-02-09,Argentina Open,ATP250,Clay,1st Round,3,Etcheverry T.,Pellegrino A.,Etcheverry T.,54.0,145.0,945.0,434.0,6-3 6-4
2026-02-09,Argentina Open,ATP250,Clay,1st Round,3,Martinez P.,Midon L.,Martinez P.,94.0,229.0,636.0,245.0,6-4 6-1
2026-02-09,Dallas Open,ATP500,Hard,1st Round,3,Bellucci M.,Nakashima B.,Nakashima B.,107.0,29.0,553.0,1535.0,3-6 4-6
2026-02-09,Dallas Open,ATP500,Hard,1st Round,3,Svajda Z.,Davidovich Fokina A.,Davidovich Fokina A.,110.0,14.0,551.0,2535.0,4-6 6-7
2026-02-10,ABN AMRO World Tennis Tournament,ATP500,Hard,1st Round,3,De Minaur A.,Fils A.,De Minaur A.,8.0,42.0,3835.0,1110.0,7-6 6-2
2026-02-10,ABN AMRO World Tennis Tournament,ATP500,Hard,1st Round,3,Griekspoor T.,Mpetshi G.,Griekspoor T.,27.0,56.0,1585.0,905.0,6-4 6-4
2026-02-10,ABN AMRO World Tennis Tournament,ATP500,Hard,1st Round,3,Halys Q.,Rottgering M.,Halys Q.,77.0,614.0,725.0,59.0,3-6 6-1 6-1
2026-02-10,ABN AMRO World Tennis Tournament,ATP500,Hard,1st Round,3,Medjedovic H.,Bergs Z.,Bergs Z.,79.0,39.0,717.0,1170.0,7-6 7-6
2026-02-10,ABN AMRO World Tennis Tournament,ATP500,Hard,1st Round,3,Struff J.L.,Grenier H.,Struff J.L.,82.0,188.0,706.0,323.0,6-0 6-4
2026-02-10,Argentina Open,ATP250,Clay,1st Round,3,Altmaier D.,Cerundolo J.M.,Cerundolo J.M.,51.0,80.0,995.0,717.0,2-6 2-6
2026-02-10,Argentina Open,ATP250,Clay,1st Round,3,Buse I.,Passaro F.,Buse I.,96.0,159.0,623.0,376.0,5-7 7-5 6-4
2026-02-10,Argentina Open,ATP250,Clay,1st Round,3,Coria F.,Berrettini M.,Berrettini M.,322.0,58.0,156.0,895.0,5-7 5-7
2026-02-10,Argentina Open,ATP250,Clay,1st Round,3,Djere L.,Burruchaga R.,Burruchaga R.,91.0,104.0,651.0,568.0,2-6 4-6
2026-02-10,Argentina Open,ATP250,Clay,1st Round,3,Tabilo A.,Diaz Acosta F.,Tabilo A.,71.0,285.0,774.0,182.0,7-6 6-3
2026-02-10,Dallas Open,ATP500,Hard,1st Round,3,Atmane T.,Tiafoe F.,Tiafoe F.,64.0,30.0,849.0,1510.0,6-4 2-6 2-6
2026-02-10,Dallas Open,ATP500,Hard,1st Round,3,Cilic M.,Tien L.,Cilic M.,61.0,23.0,890.0,1710.0,7-5 7-6
2026-02-10,Dallas Open,ATP500,Hard,1st Round,3,Cobolli F.,Pinnington Jones J.,Pinnington Jones J.,20.0,181.0,1955.0,331.0,2-6 2-6
2026-02-10,Dallas Open,ATP500,Hard,1st Round,3,Diallo G.,Shelton B.,Shelton B.,38.0,9.0,1175.0,3560.0,4-6 4-6
2026-02-10,Dallas Open,ATP500,Hard,1st Round,3,Dimitrov G.,Michelsen A.,Michelsen A.,43.0,41.0,1105.0,1160.0,7-5 4-6 4-6
2026-02-10,Dallas Open,ATP500,Hard,1st Round,3,Shimabukuro S.,Kecmanovic M.,Kecmanovic M.,144.0,66.0,441.0,820.0,7-6 3-6 6-7
2026-02-10,Dallas Open,ATP500,Hard,1st Round,3,Zheng M.,Korda S.,Korda S.,151.0,53.0,414.0,960.0,3-6 4-6
2026-02-11,ABN AMRO World Tennis Tournament,ATP500,Hard,1st Round,3,Boogaard T.,Wawrinka S.,Wawrinka S.,1048.0,106.0,14.0,562.0,3-6 4-6
2026-02-11,ABN AMRO World Tennis Tournament,ATP500,Hard,1st Round,3,Bublik A.,Hurkacz H.,Bublik A.,10.0,70.0,3235.0,775.0,6-7 7-6 7-5
2026-02-11,ABN AMRO World Tennis Tournament,ATP500,Hard,1st Round,3,De Jong J.,Khachanov K.,Khachanov K.,86.0,18.0,673.0,2320.0,6-3 4-6 5-7
2026-02-11,ABN AMRO World Tennis Tournament,ATP500,Hard,1st Round,3,Den Ouden G.,Fucsovics M.,Den Ouden G.,169.0,49.0,355.0,1009.0,7-6 6-1
2026-02-11,ABN AMRO World Tennis Tournament,ATP500,Hard,1st Round,3,Popyrin A.,Auger-Aliassime F.,Auger-Aliassime F.,50.0,6.0,1000.0,3950.0,5-7 3-6
2026-02-11,ABN AMRO World Tennis Tournament,ATP500,Hard,1st Round,3,Tsitsipas S.,Rinderknech A.,Tsitsipas S.,32.0,28.0,1445.0,1542.0,7-5 6-3
2026-02-11,ABN AMRO World Tennis Tournament,ATP500,Hard,2nd Round,3,Halys Q.,Griekspoor T.,Griekspoor T.,77.0,27.0,725.0,1585.0,5-7 6-7
2026-02-11,ABN AMRO World Tennis Tournament,ATP500,Hard,2nd Round,3,O Connell C.,Norrie C.,O Connell C.,119.0,26.0,511.0,1603.0,7-6 6-4
2026-02-11,Argentina Open,ATP250,Clay,1st Round,3,Navone M.,Nava E.,Navone M.,73.0,81.0,760.0,710.0,6-2 6-1
2026-02-11,Argentina Open,ATP250,Clay,1st Round,3,Ugo Carabelli C.,Comesana F.,Ugo Carabelli C.,47.0,63.0,1028.0,869.0,6-4 7-6
2026-02-11,Argentina Open,ATP250,Clay,2nd Round,3,Burruchaga R.,Etcheverry T.,Etcheverry T.,104.0,54.0,568.0,945.0,6-7 7-6 4-6
2026-02-11,Argentina Open,ATP250,Clay,2nd Round,3,Fonseca J.,Tabilo A.,Tabilo A.,33.0,71.0,1440.0,774.0,3-6 6-3 5-7
2026-02-11,Argentina Open,ATP250,Clay,2nd Round,3,Kopriva V.,Berrettini M.,Kopriva V.,95.0,58.0,632.0,895.0,6-4 6-3
2026-02-11,Dallas Open,ATP500,Hard,1st Round,3,Duckworth J.,Spizzirri E.,Spizzirri E.,83.0,68.0,691.0,781.0,2-6 4-6
2026-02-11,Dallas Open,ATP500,Hard,1st Round,3,Giron M.,Fritz T.,Fritz T.,59.0,7.0,895.0,3940.0,4-6 7-5 6-7
2026-02-11,Dallas Open,ATP500,Hard,1st Round,3,Jodar R.,Shapovalov D.,Shapovalov D.,124.0,40.0,498.0,1160.0,1-6 2-6
2026-02-11,Dallas Open,ATP500,Hard,1st Round,3,Kypson P.,Kovacevic A.,Kovacevic A.,109.0,78.0,552.0,721.0,4-6 6-7
2026-02-11,Dallas Open,ATP500,Hard,1st Round,3,Paul T.,Brooksby J.,Paul T.,24.0,45.0,1700.0,1042.0,4-6 6-4 7-6
2026-02-11,Dallas Open,ATP500,Hard,1st Round,3,Svajda T.,Quinn E.,Quinn E.,363.0,74.0,131.0,758.0,6-7 5-7
2026-02-11,Dallas Open,ATP500,Hard,1st Round,3,Walton A.,Mannarino A.,Mannarino A.,93.0,52.0,643.0,975.0,4-6 2-6
2026-02-11,Dallas Open,ATP500,Hard,2nd Round,3,Davidovich Fokina A.,Michelsen A.,Davidovich Fokina A.,14.0,41.0,2535.0,1160.0,6-4 6-4
2026-02-12,ABN AMRO World Tennis Tournament,ATP500,Hard,2nd Round,3,Auger-Aliassime F.,Medjedovic H.,Auger-Aliassime F.,6.0,79.0,3950.0,717.0,6-4 6-4
2026-02-12,ABN AMRO World Tennis Tournament,ATP500,Hard,2nd Round,3,Bublik A.,Struff J.L.,Bublik A.,10.0,82.0,3235.0,706.0,7-6 4-6 6-3
2026-02-12,ABN AMRO World Tennis Tournament,ATP500,Hard,2nd Round,3,Den Ouden G.,Humbert U.,Humbert U.,169.0,36.0,355.0,1335.0,4-6 3-6
2026-02-12,ABN AMRO World Tennis Tournament,ATP500,Hard,2nd Round,3,Khachanov K.,Munar J.,Munar J.,18.0,37.0,2320.0,1185.0,6-7 6-3 3-6
2026-02-12,ABN AMRO World Tennis Tournament,ATP500,Hard,2nd Round,3,Van De Zandschulp B.,Tsitsipas S.,Van De Zandschulp B.,65.0,32.0,849.0,1445.0,6-4 7-6
2026-02-12,ABN AMRO World Tennis Tournament,ATP500,Hard,2nd Round,3,Wawrinka S.,De Minaur A.,De Minaur A.,106.0,8.0,562.0,3835.0,4-6 2-6
2026-02-12,Argentina Open,ATP250,Clay,2nd Round,3,Baez S.,Buse I.,Baez S.,34.0,96.0,1420.0,623.0,6-4 6-3
2026-02-12,Argentina Open,ATP250,Clay,2nd Round,3,Cerundolo F.,Dellien H.,Cerundolo F.,19.0,167.0,2135.0,355.0,6-0 7-6
2026-02-12,Argentina Open,ATP250,Clay,2nd Round,3,Cerundolo J.M.,Martinez P.,Martinez P.,80.0,94.0,717.0,636.0,6-7 4-6
2026-02-12,Argentina Open,ATP250,Clay,2nd Round,3,Darderi L.,Barrios M.,Darderi L.,22.0,114.0,1789.0,546.0,6-1 6-3
2026-02-12,Argentina Open,ATP250,Clay,2nd Round,3,Navone M.,Ugo Carabelli C.,Ugo Carabelli C.,73.0,47.0,760.0,1028.0,2-6 5-7
2026-02-12,Dallas Open,ATP500,Hard,2nd Round,3,Cilic M.,Quinn E.,Cilic M.,61.0,74.0,890.0,758.0,7-6 6-3
2026-02-12,Dallas Open,ATP500,Hard,2nd Round,3,Korda S.,Tiafoe F.,Korda S.,53.0,30.0,960.0,1510.0,7-5 6-1
2026-02-12,Dallas Open,ATP500,Hard,2nd Round,3,Kovacevic A.,Shapovalov D.,Shapovalov D.,78.0,40.0,721.0,1160.0,4-6 4-6
2026-02-12,Dallas Open,ATP500,Hard,2nd Round,3,Nakashima B.,Fritz T.,Fritz T.,29.0,7.0,1535.0,3940.0,3-6 4-6
2026-02-12,Dallas Open,ATP500,Hard,2nd Round,3,Spizzirri E.,Pinnington Jones J.,Pinnington Jones J.,68.0,181.0,781.0,331.0,6-7 6-4 6-7
2026-02-13,ABN AMRO World Tennis Tournament,ATP500,Hard,Quarterfinals,3,Auger-Aliassime F.,Griekspoor T.,Auger-Aliassime F.,6.0,27.0,3950.0,1585.0,7-6 6-2
2026-02-13,ABN AMRO World Tennis Tournament,ATP500,Hard,Quarterfinals,3,De Minaur A.,Van De Zandschulp B.,De Minaur A.,8.0,65.0,3835.0,849.0,3-6 7-6 7-5
2026-02-13,ABN AMRO World Tennis Tournament,ATP500,Hard,Quarterfinals,3,Munar J.,Bublik A.,Bublik A.,37.0,10.0,1185.0,3235.0,4-6 7-6 6-7
2026-02-13,ABN AMRO World Tennis Tournament,ATP500,Hard,Quarterfinals,3,O Connell C.,Humbert U.,Humbert U.,119.0,36.0,511.0,1335.0,4-6 1-6
2026-02-13,Argentina Open,ATP250,Clay,Quarterfinals,3,Cerundolo F.,Kopriva V.,Cerundolo F.,19.0,95.0,2135.0,632.0,6-4 6-3
2026-02-13,Argentina Open,ATP250,Clay,Quarterfinals,3,Tabilo A.,Etcheverry T.,Etcheverry T.,71.0,54.0,774.0,945.0,6-1 3-6 4-6
2026-02-13,Argentina Open,ATP250,Clay,Quarterfinals,3,Ugo Carabelli C.,Baez S.,Baez S.,47.0,34.0,1028.0,1420.0,6-7 2-6
2026-02-13,Dallas Open,ATP500,Hard,2nd Round,3,Kecmanovic M.,Paul T.,Kecmanovic M.,66.0,24.0,820.0,1700.0,5-7 6-4 6-4
2026-02-13,Dallas Open,ATP500,Hard,2nd Round,3,Shelton B.,Mannarino A.,Shelton B.,9.0,52.0,3560.0,975.0,7-6 6-7 6-3
2026-02-13,Dallas Open,ATP500,Hard,Quarterfinals,3,Cilic M.,Pinnington Jones J.,Cilic M.,61.0,181.0,890.0,331.0,6-1 6-4
2026-02-13,Dallas Open,ATP500,Hard,Quarterfinals,3,Fritz T.,Korda S.,Fritz T.,7.0,53.0,3940.0,960.0,6-7 6-4 7-6
2026-02-14,ABN AMRO World Tennis Tournament,ATP500,Hard,Semifinals,3,Auger-Aliassime F.,Bublik A.,Auger-Aliassime F.,6.0,10.0,3950.0,3235.0,6-1 6-2
2026-02-14,ABN AMRO World Tennis Tournament,ATP500,Hard,Semifinals,3,De Minaur A.,Humbert U.,De Minaur A.,8.0,36.0,3835.0,1335.0,6-4 6-3
2026-02-14,Argentina Open,ATP250,Clay,Quarterfinals,3,Martinez P.,Darderi L.,Darderi L.,94.0,22.0,636.0,1789.0,5-7 1-6
2026-02-14,Argentina Open,ATP250,Clay,Semifinals,3,Baez S.,Darderi L.,Darderi L.,34.0,22.0,1420.0,1789.0,6-7 1-6
2026-02-14,Argentina Open,ATP250,Clay,Semifinals,3,Etcheverry T.,Cerundolo F.,Cerundolo F.,54.0,19.0,945.0,2135.0,3-6 5-7
2026-02-14,Dallas Open,ATP500,Hard,Quarterfinals,3,Davidovich Fokina A.,Shapovalov D.,Shapovalov D.,14.0,40.0,2535.0,1160.0,7-5 4-6 3-6
2026-02-14,Dallas Open,ATP500,Hard,Quarterfinals,3,Kecmanovic M.,Shelton B.,Shelton B.,66.0,9.0,820.0,3560.0,7-5 3-6 4-6
2026-02-14,Dallas Open,ATP500,Hard,Semifinals,3,Fritz T.,Cilic M.,Fritz T.,7.0,61.0,3940.0,890.0,7-6 7-6
2026-02-14,Dallas Open,ATP500,Hard,Semifinals,3,Shapovalov D.,Shelton B.,Shelton B.,40.0,9.0,1160.0,3560.0,6-4 4-6 6-7
2026-02-15,ABN AMRO World Tennis Tournament,ATP500,Hard,The Final,3,De Minaur A.,Auger-Aliassime F.,De Minaur A.,8.0,6.0,3835.0,3950.0,6-3 6-2
2026-02-15,Argentina Open,ATP250,Clay,The Final,3,Darderi L.,Cerundolo F.,Cerundolo F.,22.0,19.0,1789.0,2135.0,4-6 2-6
2026-02-15,Dallas Open,ATP500,Hard,The Final,3,Fritz T.,Shelton B.,Shelton B.,7.0,9.0,3940.0,3560.0,6-3 3-6 5-7
2026-02-16,Delray Beach Open,ATP250,Hard,1st Round,3,Kypson P.,Atmane T.,Atmane T.,105.0,66.0,565.0,833.0,3-6 6-2 4-6
2026-02-16,Delray Beach Open,ATP250,Hard,1st Round,3,Shimabukuro S.,Giron M.,Giron M.,135.0,64.0,466.0,855.0,3-6 5-7
2026-02-16,Delray Beach Open,ATP250,Hard,1st Round,3,Vacherot V.,Michelsen A.,Michelsen A.,26.0,41.0,1605.0,1110.0,6-7 4-6
2026-02-16,Delray Beach Open,ATP250,Hard,1st Round,3,Wong C.,Borges N.,Wong C.,137.0,45.0,458.0,1070.0,7-6 4-6 6-3
2026-02-16,Qatar Exxon Mobil Open,ATP500,Hard,1st Round,3,Choinski J.,Mensik J.,Mensik J.,124.0,16.0,498.0,2425.0,7-6 2-6 4-6
2026-02-16,Qatar Exxon Mobil Open,ATP500,Hard,1st Round,3,Majchrzak K.,Fils A.,Fils A.,56.0,40.0,920.0,1110.0,7-6 3-6 4-6
2026-02-16,Qatar Exxon Mobil Open,ATP500,Hard,1st Round,3,Royer V.,Herbert P.,Royer V.,60.0,190.0,897.0,313.0,6-0 6-3
2026-02-16,Qatar Exxon Mobil Open,ATP500,Hard,1st Round,3,Shang J.,Medvedev D.,Medvedev D.,261.0,11.0,205.0,3010.0,4-6 2-6
2026-02-16,Qatar Exxon Mobil Open,ATP500,Hard,1st Round,3,Sinner J.,Machac T.,Sinner J.,2.0,31.0,10300.0,1510.0,6-1 6-4
2026-02-16,Qatar Exxon Mobil Open,ATP500,Hard,1st Round,3,Zayid M.S.,Popyrin A.,Popyrin A.,,53.0,,1000.0,0-6 2-6
2026-02-16,Rio Open,ATP500,Clay,1st Round,3,Buse I.,Marcondes I.,Buse I.,91.0,348.0,648.0,138.0,4-6 7-5 6-4
2026-02-16,Rio Open,ATP500,Clay,1st Round,3,Garin C.,Tirante T.A.,Tirante T.A.,89.0,92.0,656.0,647.0,5-7 3-6
2026-02-16,Rio Open,ATP500,Clay,1st Round,3,Heide G.,Kopriva V.,Kopriva V.,258.0,87.0,207.0,660.0,2-6 6-7
2026-02-16,Rio Open,ATP500,Clay,1st Round,3,Lajovic D.,Altmaier D.,Lajovic D.,129.0,54.0,485.0,961.0,6-4 7-6
2026-02-16,Rio Open,ATP500,Clay,1st Round,3,Tabilo A.,Nava E.,Tabilo A.,68.0,76.0,808.0,710.0,6-3 6-3
2026-02-17,Delray Beach Open,ATP250,Hard,1st Round,3,Bellucci M.,Kecmanovic M.,Kecmanovic M.,109.0,83.0,553.0,670.0,1-6 4-6
2026-02-17,Delray Beach Open,ATP250,Hard,1st Round,3,Diallo G.,Walton A.,Walton A.,39.0,93.0,1175.0,643.0,6-7 3-6
2026-02-17,Delray Beach Open,ATP250,Hard,1st Round,3,Hijikata R.,Tiafoe F.,Tiafoe F.,113.0,28.0,546.0,1550.0,4-6 4-6
2026-02-17,Delray Beach Open,ATP250,Hard,1st Round,3,McDonald M.,Korda S.,Korda S.,116.0,50.0,535.0,1020.0,4-6 5-7
2026-02-17,Delray Beach Open,ATP250,Hard,1st Round,3,Nakashima B.,Cilic M.,Nakashima B.,29.0,43.0,1535.0,1090.0,7-6 7-6
2026-02-17,Delray Beach Open,ATP250,Hard,1st Round,3,Quinn E.,Jodar R.,Jodar R.,70.0,118.0,776.0,523.0,2-6 3-6
2026-02-17,Delray Beach Open,ATP250,Hard,1st Round,3,Svajda Z.,Kovacevic A.,Svajda Z.,106.0,75.0,563.0,746.0,7-6 6-3
2026-02-17,Qatar Exxon Mobil Open,ATP500,Hard,1st Round,3,Alcaraz C.,Rinderknech A.,Alcaraz C.,1.0,30.0,13150.0,1530.0,6-4 7-6
2026-02-17,Qatar Exxon Mobil Open,ATP500,Hard,1st Round,3,Bergs Z.,Mpetshi G.,Bergs Z.,44.0,58.0,1080.0,905.0,6-3 6-7 6-4
2026-02-17,Qatar Exxon Mobil Open,ATP500,Hard,1st Round,3,Brooksby J.,Lehecka J.,Lehecka J.,47.0,22.0,1042.0,1860.0,3-6 3-6
2026-02-17,Qatar Exxon Mobil Open,ATP500,Hard,1st Round,3,De Jong J.,Rublev A.,Rublev A.,86.0,14.0,665.0,2510.0,4-6 3-6
2026-02-17,Qatar Exxon Mobil Open,ATP500,Hard,1st Round,3,Echargui M.,Tsitsipas S.,Tsitsipas S.,139.0,33.0,449.0,1485.0,4-6 4-6
2026-02-17,Qatar Exxon Mobil Open,ATP500,Hard,1st Round,3,Habib H.,Fucsovics M.,Fucsovics M.,334.0,61.0,143.0,891.0,3-6 3-6
2026-02-17,Qatar Exxon Mobil Open,ATP500,Hard,1st Round,3,Halys Q.,Carreno Busta P.,Halys Q.,72.0,123.0,762.0,504.0,4-6 7-5 6-3
2026-02-17,Qatar Exxon Mobil Open,ATP500,Hard,1st Round,3,Marozsan F.,Humbert U.,Marozsan F.,48.0,36.0,1040.0,1285.0,6-3 6-1
2026-02-17,Qatar Exxon Mobil Open,ATP500,Hard,1st Round,3,Mochizuki S.,Khachanov K.,Khachanov K.,117.0,17.0,525.0,2360.0,1-6 6-3 4-6
2026-02-17,Qatar Exxon Mobil Open,ATP500,Hard,1st Round,3,Zhang Zh.,Carballes Baena R.,Zhang Zh.,319.0,175.0,155.0,350.0,6-4 6-4
2026-02-17,Rio Open,ATP500,Clay,1st Round,3,Berrettini M.,Barrios M.,Berrettini M.,57.0,107.0,910.0,563.0,7-6 7-5
2026-02-17,Rio Open,ATP500,Clay,1st Round,3,Burruchaga R.,Ugo Carabelli C.,Burruchaga R.,102.0,46.0,580.0,1068.0,6-3 6-4
2026-02-17,Rio Open,ATP500,Clay,1st Round,3,Darderi L.,Cerundolo J.M.,Cerundolo J.M.,21.0,78.0,1904.0,706.0,1-6 6-3 4-6
2026-02-17,Rio Open,ATP500,Clay,1st Round,3,Etcheverry T.,Comesana F.,Etcheverry T.,51.0,63.0,1020.0,869.0,3-6 6-3 6-4
2026-02-17,Rio Open,ATP500,Clay,1st Round,3,Fonseca J.,Monteiro T.,Fonseca J.,38.0,208.0,1190.0,290.0,7-6 6-1
2026-02-17,Rio Open,ATP500,Clay,1st Round,3,Martinez P.,Dzumhur D.,Dzumhur D.,101.0,62.0,586.0,877.0,6-0 6-7 4-6
2026-02-17,Rio Open,ATP500,Clay,1st Round,3,Navone M.,Cerundolo F.,Cerundolo F.,74.0,19.0,750.0,2220.0,3-6 4-6
2026-02-17,Rio Open,ATP500,Clay,1st Round,3,Passaro F.,Prizmic D.,Passaro F.,163.0,122.0,376.0,507.0,6-3 6-4
2026-02-17,Rio Open,ATP500,Clay,1st Round,3,Reis Da Silva J.,Hanfmann Y.,Hanfmann Y.,207.0,90.0,291.0,653.0,6-7 4-6
2026-02-18,Delray Beach Open,ATP250,Hard,1st Round,3,Paul T.,Moutet C.,Paul T.,24.0,34.0,1700.0,1383.0,4-6 6-3 6-4
2026-02-18,Delray Beach Open,ATP250,Hard,2nd Round,3,Cobolli F.,Atmane T.,Cobolli F.,20.0,66.0,1955.0,833.0,7-5 6-4
2026-02-18,Delray Beach Open,ATP250,Hard,2nd Round,3,Michelsen A.,Korda S.,Korda S.,41.0,50.0,1110.0,1020.0,3-6 6-7
2026-02-18,Delray Beach Open,ATP250,Hard,2nd Round,3,Nakashima B.,Wong C.,Wong C.,29.0,137.0,1535.0,458.0,4-6 6-7
2026-02-18,Qatar Exxon Mobil Open,ATP500,Hard,2nd Round,3,Halys Q.,Fils A.,Fils A.,72.0,40.0,762.0,1110.0,1-6 6-7
2026-02-18,Qatar Exxon Mobil Open,ATP500,Hard,2nd Round,3,Khachanov K.,Fucsovics M.,Khachanov K.,17.0,61.0,2360.0,891.0,6-2 4-6 6-4
2026-02-18,Qatar Exxon Mobil Open,ATP500,Hard,2nd Round,3,Lehecka J.,Bergs Z.,Lehecka J.,22.0,44.0,1860.0,1080.0,6-2 6-1
2026-02-18,Qatar Exxon Mobil Open,ATP500,Hard,2nd Round,3,Marozsan F.,Rublev A.,Rublev A.,48.0,14.0,1040.0,2510.0,2-6 4-6
2026-02-18,Qatar Exxon Mobil Open,ATP500,Hard,2nd Round,3,Medvedev D.,Tsitsipas S.,Tsitsipas S.,11.0,33.0,3010.0,1485.0,3-6 4-6
2026-02-18,Qatar Exxon Mobil Open,ATP500,Hard,2nd Round,3,Mensik J.,Zhang Zh.,Mensik J.,16.0,319.0,2425.0,155.0,6-3 6-2
2026-02-18,Qatar Exxon Mobil Open,ATP500,Hard,2nd Round,3,Popyrin A.,Sinner J.,Sinner J.,53.0,2.0,1000.0,10300.0,3-6 5-7
2026-02-18,Qatar Exxon Mobil Open,ATP500,Hard,2nd Round,3,Royer V.,Alcaraz C.,Alcaraz C.,60.0,1.0,897.0,13150.0,2-6 5-7
2026-02-18,Rio Open,ATP500,Clay,1st Round,3,Baez S.,Faria J.,Faria J.,32.0,147.0,1495.0,425.0,5-7 1-6
2026-02-18,Rio Open,ATP500,Clay,1st Round,3,Gaubas V.,Miguel L.,Gaubas V.,126.0,1593.0,490.0,3.0,6-3 2-6 6-2
2026-02-18,Rio Open,ATP500,Clay,2nd Round,3,Burruchaga R.,Kopriva V.,Kopriva V.,102.0,87.0,580.0,660.0,3-6 1-6
2026-02-18,Rio Open,ATP500,Clay,2nd Round,3,Cerundolo J.M.,Hanfmann Y.,Cerundolo J.M.,78.0,90.0,706.0,653.0,6-4 6-7 6-4
2026-02-19,Delray Beach Open,ATP250,Hard,2nd Round,3,Kecmanovic M.,Tien L.,Tien L.,83.0,23.0,670.0,1710.0,4-6 7-6 6-7
2026-02-19,Delray Beach Open,ATP250,Hard,2nd Round,3,Paul T.,Walton A.,Paul T.,24.0,93.0,1700.0,643.0,7-6 6-3
2026-02-19,Delray Beach Open,ATP250,Hard,2nd Round,3,Ruud C.,Giron M.,Ruud C.,13.0,64.0,2625.0,855.0,4-6 7-6 6-4
2026-02-19,Delray Beach Open,ATP250,Hard,2nd Round,3,Svajda Z.,Tiafoe F.,Tiafoe F.,106.0,28.0,563.0,1550.0,4-6 6-3 5-7
2026-02-19,Qatar Exxon Mobil Open,ATP500,Hard,Quarterfinals,3,Fils A.,Lehecka J.,Fils A.,40.0,22.0,1110.0,1860.0,6-3 6-3
2026-02-19,Qatar Exxon Mobil Open,ATP500,Hard,Quarterfinals,3,Khachanov K.,Alcaraz C.,Alcaraz C.,17.0,1.0,2360.0,13150.0,7-6 4-6 3-6
2026-02-19,Qatar Exxon Mobil Open,ATP500,Hard,Quarterfinals,3,Sinner J.,Mensik J.,Mensik J.,2.0,16.0,10300.0,2425.0,6-7 6-2 3-6
2026-02-19,Qatar Exxon Mobil Open,ATP500,Hard,Quarterfinals,3,Tsitsipas S.,Rublev A.,Rublev A.,33.0,14.0,1485.0,2510.0,3-6 6-7
2026-02-19,Rio Open,ATP500,Clay,2nd Round,3,Dzumhur D.,Faria J.,Faria J.,62.0,147.0,877.0,425.0,6-7 4-6
2026-02-19,Rio Open,ATP500,Clay,2nd Round,3,Gaubas V.,Etcheverry T.,Etcheverry T.,126.0,51.0,490.0,1020.0,6-7 4-6
2026-02-19,Rio Open,ATP500,Clay,2nd Round,3,Passaro F.,Tabilo A.,Tabilo A.,163.0,68.0,376.0,808.0,6-4 6-7 2-6
2026-02-20,Delray Beach Open,ATP250,Hard,2nd Round,3,Jodar R.,Fritz T.,Fritz T.,118.0,8.0,523.0,4220.0,6-7 4-6
2026-02-20,Delray Beach Open,ATP250,Hard,Quarterfinals,3,Korda S.,Ruud C.,Korda S.,50.0,13.0,1020.0,2625.0,4-6 6-2 6-2
2026-02-20,Delray Beach Open,ATP250,Hard,Quarterfinals,3,Tien L.,Tiafoe F.,Tien L.,23.0,28.0,1710.0,1550.0,7-6 3-6 7-5
2026-02-20,Delray Beach Open,ATP250,Hard,Quarterfinals,3,Wong C.,Cobolli F.,Cobolli F.,137.0,20.0,458.0,1955.0,5-7 7-6 2-6
2026-02-20,Qatar Exxon Mobil Open,ATP500,Hard,Semifinals,3,Alcaraz C.,Rublev A.,Alcaraz C.,1.0,14.0,13150.0,2510.0,7-6 6-4
2026-02-20,Qatar Exxon Mobil Open,ATP500,Hard,Semifinals,3,Mensik J.,Fils A.,Fils A.,16.0,40.0,2425.0,1110.0,4-6 6-7
2026-02-20,Rio Open,ATP500,Clay,2nd Round,3,Fonseca J.,Buse I.,Buse I.,38.0,91.0,1190.0,648.0,7-5 3-6 4-6
2026-02-20,Rio Open,ATP500,Clay,2nd Round,3,Lajovic D.,Berrettini M.,Berrettini M.,129.0,57.0,485.0,910.0,6-3 4-6 2-6
2026-02-20,Rio Open,ATP500,Clay,Quarterfinals,3,Berrettini M.,Buse I.,Buse I.,57.0,91.0,910.0,648.0,3-6 6-2 3-6
2026-02-20,Rio Open,ATP500,Clay,Quarterfinals,3,Cerundolo J.M.,Kopriva V.,Kopriva V.,78.0,87.0,706.0,660.0,4-6 4-6
2026-02-20,Rio Open,ATP500,Clay,Quarterfinals,3,Faria J.,Etcheverry T.,Etcheverry T.,147.0,51.0,425.0,1020.0,6-7 4-6
2026-02-21,Delray Beach Open,ATP250,Hard,Quarterfinals,3,Fritz T.,Paul T.,Paul T.,8.0,24.0,4220.0,1700.0,4-6 3-6
2026-02-21,Delray Beach Open,ATP250,Hard,Semifinals,3,Korda S.,Cobolli F.,Korda S.,50.0,20.0,1020.0,1955.0,7-6 6-1
2026-02-21,Qatar Exxon Mobil Open,ATP500,Hard,The Final,3,Alcaraz C.,Fils A.,Alcaraz C.,1.0,40.0,13150.0,1110.0,6-2 6-1
2026-02-21,Rio Open,ATP500,Clay,Quarterfinals,3,Tirante T.A.,Tabilo A.,Tabilo A.,92.0,68.0,647.0,808.0,6-7 7-6 1-6
2026-02-22,Delray Beach Open,ATP250,Hard,Semifinals,3,Tien L.,Paul T.,Paul T.,23.0,24.0,1710.0,1700.0,6-4 4-6 3-6
2026-02-22,Delray Beach Open,ATP250,Hard,The Final,3,Korda S.,Paul T.,Korda S.,50.0,24.0,1020.0,1700.0,6-4 6-3
2026-02-22,Rio Open,ATP500,Clay,Semifinals,3,Buse I.,Tabilo A.,Tabilo A.,91.0,68.0,648.0,808.0,3-6 3-6
2026-02-22,Rio Open,ATP500,Clay,Semifinals,3,Kopriva V.,Etcheverry T.,Etcheverry T.,87.0,51.0,660.0,1020.0,6-4 6-7 6-7
2026-02-22,Rio Open,ATP500,Clay,The Final,3,Tabilo A.,Etcheverry T.,Etcheverry T.,68.0,51.0,808.0,1020.0,6-3 6-7 4-6
2026-02-23,Chile Open,ATP250,Clay,1st Round,3,Barrena A.,Pellegrino A.,Pellegrino A.,183.0,137.0,336.0,447.0,2-6 6-2 1-6
2026-02-23,Chile Open,ATP250,Clay,1st Round,3,Comesana F.,Martinez P.,Comesana F.,82.0,101.0,694.0,586.0,6-4 2-6 7-6
2026-02-23,Chile Open,ATP250,Clay,1st Round,3,Hanfmann Y.,Lajovic D.,Hanfmann Y.,81.0,116.0,695.0,541.0,6-0 6-3
2026-02-23,Chile Open,ATP250,Clay,1st Round,3,Prizmic D.,Jarry N.,Prizmic D.,120.0,155.0,529.0,391.0,6-3 5-7 6-2
2026-02-23,Dubai Tennis Championships,ATP500,Hard,1st Round,3,Draper J.,Halys Q.,Draper J.,15.0,68.0,2460.0,800.0,7-6 6-3
2026-02-23,Dubai Tennis Championships,ATP500,Hard,1st Round,3,Mpetshi G.,Echargui M.,Mpetshi G.,58.0,141.0,905.0,435.0,7-6 6-7 7-6
2026-02-23,Dubai Tennis Championships,ATP500,Hard,1st Round,3,Wawrinka S.,Hassan B.,Wawrinka S.,99.0,289.0,599.0,180.0,7-5 6-3
2026-02-23,Dubai Tennis Championships,ATP500,Hard,1st Round,3,Zhang Zh.,Auger-Aliassime F.,Auger-Aliassime F.,263.0,8.0,205.0,4080.0,3-6 6-7
2026-02-24,Abierto Mexicano,ATP500,Hard,1st Round,3,Altmaier D.,Davidovich Fokina A.,Davidovich Fokina A.,53.0,14.0,961.0,2470.0,5-7 3-6
2026-02-24,Abierto Mexicano,ATP500,Hard,1st Round,3,Kecmanovic M.,Schoolkate T.,Kecmanovic M.,84.0,108.0,685.0,556.0,6-2 6-2
2026-02-24,Abierto Mexicano,ATP500,Hard,1st Round,3,Kovacevic A.,Walton A.,Kovacevic A.,75.0,87.0,746.0,669.0,7-6 7-6
2026-02-24,Abierto Mexicano,ATP500,Hard,1st Round,3,Kypson P.,De Minaur A.,Kypson P.,103.0,6.0,565.0,4235.0,6-1 6-7 7-6
2026-02-24,Abierto Mexicano,ATP500,Hard,1st Round,3,Nakashima B.,Ymer E.,Nakashima B.,29.0,190.0,1535.0,328.0,6-3 6-4
2026-02-24,Abierto Mexicano,ATP500,Hard,1st Round,3,Norrie C.,Jodar R.,Jodar R.,26.0,114.0,1603.0,548.0,3-6 2-6
2026-02-24,Abierto Mexicano,ATP500,Hard,1st Round,3,Vacherot V.,Wong C.,Vacherot V.,27.0,125.0,1591.0,515.0,4-6 6-3 6-2
2026-02-24,Chile Open,ATP250,Clay,1st Round,3,Berrettini M.,Nava E.,Nava E.,57.0,79.0,910.0,710.0,3-6 4-6
2026-02-24,Chile Open,ATP250,Clay,1st Round,3,Cerundolo J.M.,Garin C.,Garin C.,70.0,93.0,781.0,656.0,6-3 3-6 3-6
2026-02-24,Chile Open,ATP250,Clay,1st Round,3,Moller E.,Burruchaga R.,Moller E.,127.0,96.0,509.0,617.0,7-6 0-6 6-4
2026-02-24,Chile Open,ATP250,Clay,1st Round,3,Soto M.,Gaubas V.,Gaubas V.,316.0,107.0,157.0,558.0,2-6 3-6
2026-02-24,Chile Open,ATP250,Clay,1st Round,3,Tirante T.A.,Buse I.,Tirante T.A.,76.0,66.0,739.0,848.0,2-6 7-6 7-6
2026-02-24,Dubai Tennis Championships,ATP500,Hard,1st Round,3,Bergs Z.,Brooksby J.,Brooksby J.,46.0,49.0,1080.0,1042.0,3-6 4-6
2026-02-24,Dubai Tennis Championships,ATP500,Hard,1st Round,3,Bublik A.,Struff J.L.,Bublik A.,10.0,80.0,3405.0,706.0,6-3 6-4
2026-02-24,Dubai Tennis Championships,ATP500,Hard,1st Round,3,Carreno Busta P.,Shapovalov D.,Carreno Busta P.,124.0,36.0,516.0,1350.0,6-2 6-4
2026-02-24,Dubai Tennis Championships,ATP500,Hard,1st Round,3,Griekspoor T.,Virtanen O.,Griekspoor T.,25.0,131.0,1655.0,475.0,6-3 6-4
2026-02-24,Dubai Tennis Championships,ATP500,Hard,1st Round,3,Humbert U.,Tsitsipas S.,Humbert U.,37.0,30.0,1285.0,1535.0,6-4 7-5
2026-02-24,Dubai Tennis Championships,ATP500,Hard,1st Round,3,Khachanov K.,Shevchenko A.,Khachanov K.,16.0,92.0,2450.0,656.0,6-7 6-2 6-3
2026-02-24,Dubai Tennis Championships,ATP500,Hard,1st Round,3,Marozsan F.,Rinderknech A.,Rinderknech A.,50.0,31.0,1040.0,1530.0,6-3 3-6 4-6
2026-02-24,Dubai Tennis Championships,ATP500,Hard,1st Round,3,Mensik J.,Hurkacz H.,Mensik J.,13.0,73.0,2595.0,775.0,6-4 7-6
2026-02-24,Dubai Tennis Championships,ATP500,Hard,1st Round,3,Nardi L.,Lehecka J.,Lehecka J.,109.0,24.0,554.0,1760.0,6-4 4-6 2-6
2026-02-24,Dubai Tennis Championships,ATP500,Hard,1st Round,3,Popyrin A.,Majchrzak K.,Popyrin A.,47.0,56.0,1050.0,920.0,3-6 6-3 7-5
2026-02-24,Dubai Tennis Championships,ATP500,Hard,1st Round,3,Rublev A.,Royer V.,Rublev A.,18.0,54.0,2210.0,935.0,6-3 6-4
2026-02-24,Dubai Tennis Championships,ATP500,Hard,1st Round,3,Shang J.,Medvedev D.,Medvedev D.,262.0,11.0,205.0,2960.0,1-6 3-6
2026-02-25,Abierto Mexicano,ATP500,Hard,1st Round,3,Bellucci M.,Hijikata R.,Bellucci M.,110.0,115.0,553.0,547.0,7-6 6-3
2026-02-25,Abierto Mexicano,ATP500,Hard,1st Round,3,Borges N.,Tiafoe F.,Tiafoe F.,48.0,28.0,1045.0,1590.0,4-6 4-6
2026-02-25,Abierto Mexicano,ATP500,Hard,1st Round,3,Dimitrov G.,Atmane T.,Atmane T.,44.0,63.0,1105.0,858.0,3-6 3-6
2026-02-25,Abierto Mexicano,ATP500,Hard,1st Round,3,Duckworth J.,Svrcina D.,Svrcina D.,83.0,123.0,691.0,519.0,4-6 1-6
2026-02-25,Abierto Mexicano,ATP500,Hard,1st Round,3,Monfils G.,Dzumhur D.,Monfils G.,170.0,60.0,360.0,877.0,6-4 7-6
2026-02-25,Abierto Mexicano,ATP500,Hard,1st Round,3,Moutet C.,Zverev A.,Zverev A.,35.0,4.0,1383.0,4555.0,2-6 4-6
2026-02-25,Abierto Mexicano,ATP500,Hard,1st Round,3,Pacheco Mendez R.,Cobolli F.,Cobolli F.,218.0,20.0,270.0,2030.0,6-7 6-7
2026-02-25,Abierto Mexicano,ATP500,Hard,1st Round,3,Ruud C.,Wu Y.,Wu Y.,12.0,142.0,2665.0,434.0,6-7 6-7
2026-02-25,Abierto Mexicano,ATP500,Hard,1st Round,3,Shimabukuro S.,Mannarino A.,Shimabukuro S.,130.0,51.0,479.0,1025.0,6-3 6-4
2026-02-25,Chile Open,ATP250,Clay,1st Round,3,Barrios M.,Tabilo A.,Tabilo A.,112.0,42.0,551.0,1113.0,5-7 3-6
2026-02-25,Chile Open,ATP250,Clay,2nd Round,3,Comesana F.,Pellegrino A.,Pellegrino A.,82.0,137.0,694.0,447.0,6-7 7-6 3-6
2026-02-25,Chile Open,ATP250,Clay,2nd Round,3,Darderi L.,Navone M.,Darderi L.,21.0,77.0,1904.0,725.0,6-3 3-6 6-4
2026-02-25,Chile Open,ATP250,Clay,2nd Round,3,Gaubas V.,Prizmic D.,Gaubas V.,107.0,120.0,558.0,529.0,5-7 7-5 6-3
2026-02-25,Chile Open,ATP250,Clay,2nd Round,3,Ugo Carabelli C.,Hanfmann Y.,Hanfmann Y.,59.0,81.0,880.0,695.0,4-6 3-6
2026-02-25,Dubai Tennis Championships,ATP500,Hard,2nd Round,3,Brooksby J.,Khachanov K.,Brooksby J.,49.0,16.0,1042.0,2450.0,7-6 6-4
2026-02-25,Dubai Tennis Championships,ATP500,Hard,2nd Round,3,Griekspoor T.,Bublik A.,Griekspoor T.,25.0,10.0,1655.0,3405.0,6-3 7-6
2026-02-25,Dubai Tennis Championships,ATP500,Hard,2nd Round,3,Lehecka J.,Carreno Busta P.,Lehecka J.,24.0,124.0,1760.0,516.0,7-6 6-4
2026-02-25,Dubai Tennis Championships,ATP500,Hard,2nd Round,3,Mpetshi G.,Auger-Aliassime F.,Auger-Aliassime F.,58.0,8.0,905.0,4080.0,4-6 4-6
2026-02-25,Dubai Tennis Championships,ATP500,Hard,2nd Round,3,Popyrin A.,Mensik J.,Mensik J.,47.0,13.0,1050.0,2595.0,3-6 2-6
2026-02-25,Dubai Tennis Championships,ATP500,Hard,2nd Round,3,Rinderknech A.,Draper J.,Rinderknech A.,31.0,15.0,1530.0,2460.0,7-5 6-7 6-4
2026-02-25,Dubai Tennis Championships,ATP500,Hard,2nd Round,3,Rublev A.,Humbert U.,Rublev A.,18.0,37.0,2210.0,1285.0,6-4 6-7 6-3
2026-02-25,Dubai Tennis Championships,ATP500,Hard,2nd Round,3,Wawrinka S.,Medvedev D.,Medvedev D.,99.0,11.0,599.0,2960.0,2-6 3-6
2026-02-26,Abierto Mexicano,ATP500,Hard,2nd Round,3,Atmane T.,Jodar R.,Atmane T.,63.0,114.0,858.0,548.0,6-2 4-6 6-1
2026-02-26,Abierto Mexicano,ATP500,Hard,2nd Round,3,Davidovich Fokina A.,Bellucci M.,Bellucci M.,14.0,110.0,2470.0,553.0,3-6 3-6
2026-02-26,Abierto Mexicano,ATP500,Hard,2nd Round,3,Kecmanovic M.,Zverev A.,Kecmanovic M.,84.0,4.0,685.0,4555.0,6-3 6-7 7-6
2026-02-26,Abierto Mexicano,ATP500,Hard,2nd Round,3,Kovacevic A.,Tiafoe F.,Tiafoe F.,75.0,28.0,746.0,1590.0,4-6 6-3 6-7
2026-02-26,Abierto Mexicano,ATP500,Hard,2nd Round,3,Monfils G.,Vacherot V.,Vacherot V.,170.0,27.0,360.0,1591.0,3-6 3-6
2026-02-26,Abierto Mexicano,ATP500,Hard,2nd Round,3,Nakashima B.,Kypson P.,Nakashima B.,29.0,103.0,1535.0,565.0,6-4 6-4
2026-02-26,Abierto Mexicano,ATP500,Hard,2nd Round,3,Shimabukuro S.,Wu Y.,Wu Y.,130.0,142.0,479.0,434.0,3-6 6-7
2026-02-26,Abierto Mexicano,ATP500,Hard,2nd Round,3,Svrcina D.,Cobolli F.,Cobolli F.,123.0,20.0,519.0,2030.0,4-6 4-6
2026-02-26,Chile Open,ATP250,Clay,2nd Round,3,Baez S.,Garin C.,Baez S.,52.0,93.0,1005.0,656.0,7-6 1-6 7-5
2026-02-26,Chile Open,ATP250,Clay,2nd Round,3,Cerundolo F.,Moller E.,Cerundolo F.,19.0,127.0,2170.0,509.0,6-2 6-2
2026-02-26,Chile Open,ATP250,Clay,2nd Round,3,Vallejo D.,Nava E.,Nava E.,106.0,79.0,561.0,710.0,5-7 3-6
2026-02-26,Dubai Tennis Championships,ATP500,Hard,Quarterfinals,3,Auger-Aliassime F.,Lehecka J.,Auger-Aliassime F.,8.0,24.0,4080.0,1760.0,6-3 7-6
2026-02-26,Dubai Tennis Championships,ATP500,Hard,Quarterfinals,3,Brooksby J.,Medvedev D.,Medvedev D.,49.0,11.0,1042.0,2960.0,2-6 1-6
2026-02-26,Dubai Tennis Championships,ATP500,Hard,Quarterfinals,3,Griekspoor T.,Mensik J.,Griekspoor T.,25.0,13.0,1655.0,2595.0,6-3 3-6 6-2
2026-02-26,Dubai Tennis Championships,ATP500,Hard,Quarterfinals,3,Rinderknech A.,Rublev A.,Rublev A.,31.0,18.0,1530.0,2210.0,2-6 4-6
2026-02-27,Abierto Mexicano,ATP500,Hard,Quarterfinals,3,Bellucci M.,Tiafoe F.,Tiafoe F.,110.0,28.0,553.0,1590.0,3-6 4-6
2026-02-27,Abierto Mexicano,ATP500,Hard,Quarterfinals,3,Cobolli F.,Wu Y.,Cobolli F.,20.0,142.0,2030.0,434.0,7-6 6-1
2026-02-27,Abierto Mexicano,ATP500,Hard,Quarterfinals,3,Kecmanovic M.,Atmane T.,Kecmanovic M.,84.0,63.0,685.0,858.0,6-3 6-3
2026-02-27,Abierto Mexicano,ATP500,Hard,Quarterfinals,3,Nakashima B.,Vacherot V.,Nakashima B.,29.0,27.0,1535.0,1591.0,2-6 6-2 6-3
2026-02-27,Chile Open,ATP250,Clay,2nd Round,3,Tirante T.A.,Tabilo A.,Tabilo A.,76.0,42.0,739.0,1113.0,6-4 3-6 3-6
2026-02-27,Chile Open,ATP250,Clay,Quarterfinals,3,Hanfmann Y.,Gaubas V.,Hanfmann Y.,81.0,107.0,695.0,558.0,3-6 6-2 6-2
2026-02-27,Chile Open,ATP250,Clay,Quarterfinals,3,Nava E.,Cerundolo F.,Cerundolo F.,79.0,19.0,710.0,2170.0,1-6 1-6
2026-02-27,Chile Open,ATP250,Clay,Quarterfinals,3,Pellegrino A.,Darderi L.,Darderi L.,137.0,21.0,447.0,1904.0,3-6 6-3 2-6
2026-02-27,Dubai Tennis Championships,ATP500,Hard,Semifinals,3,Medvedev D.,Auger-Aliassime F.,Medvedev D.,11.0,8.0,2960.0,4080.0,6-4 6-2
2026-02-27,Dubai Tennis Championships,ATP500,Hard,Semifinals,3,Rublev A.,Griekspoor T.,Griekspoor T.,18.0,25.0,2210.0,1655.0,5-7 6-7
2026-02-28,Abierto Mexicano,ATP500,Hard,Semifinals,3,Kecmanovic M.,Cobolli F.,Cobolli F.,84.0,20.0,685.0,2030.0,6-7 6-3 4-6
2026-02-28,Abierto Mexicano,ATP500,Hard,Semifinals,3,Nakashima B.,Tiafoe F.,Tiafoe F.,29.0,28.0,1535.0,1590.0,6-3 6-7 4-6
2026-02-28,Chile Open,ATP250,Clay,Quarterfinals,3,Tabilo A.,Baez S.,Baez S.,42.0,52.0,1113.0,1005.0,6-7 1-6
2026-02-28,Chile Open,ATP250,Clay,Semifinals,3,Baez S.,Darderi L.,Darderi L.,52.0,21.0,1005.0,1904.0,4-6 3-6
2026-02-28,Chile Open,ATP250,Clay,Semifinals,3,Cerundolo F.,Hanfmann Y.,Hanfmann Y.,19.0,81.0,2170.0,695.0,3-6 4-6
2026-03-01,Abierto Mexicano,ATP500,Hard,The Final,3,Cobolli F.,Tiafoe F.,Cobolli F.,20.0,28.0,2030.0,1590.0,7-6 6-4
2026-03-01,Chile Open,ATP250,Clay,The Final,3,Hanfmann Y.,Darderi L.,Darderi L.,81.0,21.0,695.0,1904.0,6-7 5-7
2026-03-04,BNP Paribas Open,Masters 1000,Hard,1st Round,3,Bellucci M.,Diallo G.,Diallo G.,94.0,38.0,640.0,1175.0,6-7 4-6
2026-03-04,BNP Paribas Open,Masters 1000,Hard,1st Round,3,Duckworth J.,Svrcina D.,Svrcina D.,83.0,109.0,691.0,569.0,2-6 4-6
2026-03-04,BNP Paribas Open,Masters 1000,Hard,1st Round,3,Fucsovics M.,O Connell C.,Fucsovics M.,56.0,127.0,916.0,493.0,7-5 6-3
2026-03-04,BNP Paribas Open,Masters 1000,Hard,1st Round,3,Giron M.,Navone M.,Giron M.,69.0,79.0,780.0,725.0,4-6 7-5 6-3
2026-03-04,BNP Paribas Open,Masters 1000,Hard,1st Round,3,Mannarino A.,Berrettini M.,Berrettini M.,48.0,66.0,1025.0,820.0,6-4 5-7 5-7
2026-03-04,BNP Paribas Open,Masters 1000,Hard,1st Round,3,Opelka R.,Quinn E.,Opelka R.,68.0,73.0,786.0,761.0,7-5 7-6
2026-03-04,BNP Paribas Open,Masters 1000,Hard,1st Round,3,Struff J.L.,Bergs Z.,Bergs Z.,313.0,47.0,209.0,1030.0,3-6 4-6
2026-03-04,BNP Paribas Open,Masters 1000,Hard,1st Round,3,Ugo Carabelli C.,Damm M.,Ugo Carabelli C.,67.0,129.0,790.0,477.0,7-6 6-3
2026-03-04,BNP Paribas Open,Masters 1000,Hard,1st Round,3,Walton A.,Halys Q.,Walton A.,91.0,102.0,650.0,600.0,6-3 6-3
2026-03-05,BNP Paribas Open,Masters 1000,Hard,1st Round,3,Atmane T.,Dimitrov G.,Dimitrov G.,52.0,42.0,958.0,1105.0,4-6 7-5 4-6
2026-03-05,BNP Paribas Open,Masters 1000,Hard,1st Round,3,Bautista Agut R.,Marozsan F.,Bautista Agut R.,93.0,46.0,645.0,1040.0,6-4 6-7 6-4
2026-03-05,BNP Paribas Open,Masters 1000,Hard,1st Round,3,Bonzi B.,Royer V.,Bonzi B.,111.0,60.0,564.0,872.0,6-4 6-3
2026-03-05,BNP Paribas Open,Masters 1000,Hard,1st Round,3,Brooksby J.,Popyrin A.,Brooksby J.,41.0,45.0,1135.0,1050.0,6-3 6-4
2026-03-05,BNP Paribas Open,Masters 1000,Hard,1st Round,3,Cilic M.,Svajda Z.,Svajda Z.,51.0,99.0,990.0,614.0,6-7 4-6
2026-03-05,BNP Paribas Open,Masters 1000,Hard,1st Round,3,Collignon R.,Fonseca J.,Fonseca J.,77.0,35.0,733.0,1240.0,6-7 4-6
2026-03-05,BNP Paribas Open,Masters 1000,Hard,1st Round,3,Dzumhur D.,Fearnley J.,Fearnley J.,64.0,87.0,840.0,662.0,3-6 3-6
2026-03-05,BNP Paribas Open,Masters 1000,Hard,1st Round,3,Hurkacz H.,Kovacevic A.,Kovacevic A.,71.0,72.0,775.0,771.0,6-7 6-7
2026-03-05,BNP Paribas Open,Masters 1000,Hard,1st Round,3,Merida Aguilar D.,Michelsen A.,Michelsen A.,139.0,44.0,432.0,1085.0,3-6 4-6
2026-03-05,BNP Paribas Open,Masters 1000,Hard,1st Round,3,Monfils G.,Galarneau A.,Monfils G.,148.0,219.0,410.0,265.0,6-3 6-4
2026-03-05,BNP Paribas Open,Masters 1000,Hard,1st Round,3,Mpetshi G.,Majchrzak K.,Majchrzak K.,54.0,57.0,930.0,895.0,3-6 6-1 5-7
2026-03-05,BNP Paribas Open,Masters 1000,Hard,1st Round,3,Schoolkate T.,Prizmic D.,Prizmic D.,118.0,119.0,547.0,541.0,6-7 6-3 5-7
2026-03-05,BNP Paribas Open,Masters 1000,Hard,1st Round,3,Shapovalov D.,Tsitsipas S.,Shapovalov D.,39.0,43.0,1160.0,1085.0,6-2 3-6 6-4
2026-03-05,BNP Paribas Open,Masters 1000,Hard,1st Round,3,Shevchenko A.,Shimabukuro S.,Shevchenko A.,88.0,113.0,659.0,554.0,6-4 3-6 6-2
2026-03-05,BNP Paribas Open,Masters 1000,Hard,1st Round,3,Tseng C.H.,Baez S.,Baez S.,144.0,53.0,414.0,940.0,3-6 2-6
2026-03-06,BNP Paribas Open,Masters 1000,Hard,1st Round,3,Arnaldi M.,McDonald M.,McDonald M.,85.0,126.0,665.0,498.0,0-6 1-6
2026-03-06,BNP Paribas Open,Masters 1000,Hard,1st Round,3,Borges N.,Nava E.,Borges N.,49.0,75.0,1020.0,753.0,7-6 7-5
2026-03-06,BNP Paribas Open,Masters 1000,Hard,1st Round,3,Kopriva V.,Zheng M.,Kopriva V.,62.0,145.0,848.0,414.0,7-6 7-5
2026-03-06,BNP Paribas Open,Masters 1000,Hard,1st Round,3,Korda S.,Comesana F.,Korda S.,37.0,82.0,1220.0,694.0,7-5 6-0
2026-03-06,BNP Paribas Open,Masters 1000,Hard,1st Round,3,Maestrelli F.,Hijikata R.,Hijikata R.,114.0,117.0,553.0,547.0,6-7 4-6
2026-03-06,BNP Paribas Open,Masters 1000,Hard,1st Round,3,Tabilo A.,Jodar R.,Tabilo A.,40.0,103.0,1138.0,594.0,6-1 6-2
2026-03-06,BNP Paribas Open,Masters 1000,Hard,1st Round,3,Van De Zandschulp B.,Cerundolo J.M.,Cerundolo J.M.,59.0,70.0,873.0,778.0,6-7 7-6 3-6
2026-03-06,BNP Paribas Open,Masters 1000,Hard,2nd Round,3,Auger-Aliassime F.,Monfils G.,Auger-Aliassime F.,9.0,148.0,3950.0,410.0,6-7 6-3 6-4
2026-03-06,BNP Paribas Open,Masters 1000,Hard,2nd Round,3,Berrettini M.,Zverev A.,Zverev A.,66.0,4.0,820.0,4555.0,3-6 4-6
2026-03-06,BNP Paribas Open,Masters 1000,Hard,2nd Round,3,Brooksby J.,Tiafoe F.,Tiafoe F.,41.0,22.0,1135.0,1870.0,4-6 2-6
2026-03-06,BNP Paribas Open,Masters 1000,Hard,2nd Round,3,Kecmanovic M.,Cobolli F.,Cobolli F.,58.0,15.0,875.0,2480.0,6-3 3-6 4-6
2026-03-06,BNP Paribas Open,Masters 1000,Hard,2nd Round,3,Musetti L.,Fucsovics M.,Fucsovics M.,5.0,56.0,4405.0,916.0,5-7 1-6
2026-03-06,BNP Paribas Open,Masters 1000,Hard,2nd Round,3,Opelka R.,Shelton B.,Shelton B.,68.0,8.0,786.0,4010.0,7-6 6-7 3-6
2026-03-06,BNP Paribas Open,Masters 1000,Hard,2nd Round,3,Ugo Carabelli C.,Nakashima B.,Nakashima B.,67.0,30.0,790.0,1535.0,3-6 4-6
2026-03-06,BNP Paribas Open,Masters 1000,Hard,2nd Round,3,Walton A.,Tien L.,Tien L.,91.0,27.0,650.0,1685.0,6-7 6-7
2026-03-07,BNP Paribas Open,Masters 1000,Hard,2nd Round,3,Bautista Agut R.,Draper J.,Draper J.,93.0,14.0,645.0,2510.0,6-3 3-6 2-6
2026-03-07,BNP Paribas Open,Masters 1000,Hard,2nd Round,3,Bonzi B.,Cerundolo F.,Cerundolo F.,111.0,20.0,564.0,2170.0,4-6 7-5 6-7
2026-03-07,BNP Paribas Open,Masters 1000,Hard,2nd Round,3,Borges N.,Vacherot V.,Vacherot V.,49.0,26.0,1020.0,1691.0,5-7 5-7
2026-03-07,BNP Paribas Open,Masters 1000,Hard,2nd Round,3,Darderi L.,Hijikata R.,Hijikata R.,21.0,117.0,2104.0,547.0,6-4 2-6 4-6
2026-03-07,BNP Paribas Open,Masters 1000,Hard,2nd Round,3,Diallo G.,Rublev A.,Diallo G.,38.0,17.0,1175.0,2400.0,6-7 7-6 6-3
2026-03-07,BNP Paribas Open,Masters 1000,Hard,2nd Round,3,Etcheverry T.,Shapovalov D.,Shapovalov D.,31.0,39.0,1445.0,1160.0,3-6 6-2 6-7
2026-03-07,BNP Paribas Open,Masters 1000,Hard,2nd Round,3,Fonseca J.,Khachanov K.,Fonseca J.,35.0,16.0,1240.0,2450.0,4-6 7-6 6-4
2026-03-07,BNP Paribas Open,Masters 1000,Hard,2nd Round,3,Korda S.,De Minaur A.,De Minaur A.,37.0,6.0,1220.0,4235.0,6-4 4-6 4-6
2026-03-07,BNP Paribas Open,Masters 1000,Hard,2nd Round,3,Kovacevic A.,Moutet C.,Kovacevic A.,72.0,33.0,771.0,1383.0,6-1 6-4
2026-03-07,BNP Paribas Open,Masters 1000,Hard,2nd Round,3,Majchrzak K.,Djokovic N.,Djokovic N.,57.0,3.0,895.0,5280.0,6-4 1-6 2-6
2026-03-07,BNP Paribas Open,Masters 1000,Hard,2nd Round,3,Mensik J.,Giron M.,Mensik J.,12.0,69.0,2650.0,780.0,7-5 7-6
2026-03-07,BNP Paribas Open,Masters 1000,Hard,2nd Round,3,Paul T.,Bergs Z.,Paul T.,24.0,47.0,1815.0,1030.0,6-1 6-2
2026-03-07,BNP Paribas Open,Masters 1000,Hard,2nd Round,3,Shevchenko A.,Ruud C.,Ruud C.,88.0,13.0,659.0,2625.0,1-6 6-7
2026-03-07,BNP Paribas Open,Masters 1000,Hard,2nd Round,3,Svajda Z.,Davidovich Fokina A.,Davidovich Fokina A.,99.0,19.0,614.0,2190.0,6-7 2-6
2026-03-07,BNP Paribas Open,Masters 1000,Hard,2nd Round,3,Svrcina D.,Sinner J.,Sinner J.,109.0,2.0,569.0,10400.0,1-6 1-6
2026-03-08,BNP Paribas Open,Masters 1000,Hard,2nd Round,3,Dimitrov G.,Alcaraz C.,Alcaraz C.,42.0,1.0,1105.0,13550.0,2-6 3-6
2026-03-08,BNP Paribas Open,Masters 1000,Hard,2nd Round,3,Fearnley J.,Fritz T.,Fritz T.,87.0,7.0,662.0,4220.0,3-6 7-6 1-6
2026-03-08,BNP Paribas Open,Masters 1000,Hard,2nd Round,3,Kopriva V.,Bublik A.,Bublik A.,62.0,10.0,848.0,3405.0,6-3 6-7 2-6
2026-03-08,BNP Paribas Open,Masters 1000,Hard,2nd Round,3,Lehecka J.,Baez S.,Baez S.,23.0,53.0,1850.0,940.0,4-6 1-6
2026-03-08,BNP Paribas Open,Masters 1000,Hard,2nd Round,3,Medvedev D.,Tabilo A.,Medvedev D.,11.0,40.0,3360.0,1138.0,6-4 6-2
2026-03-08,BNP Paribas Open,Masters 1000,Hard,2nd Round,3,Michelsen A.,Humbert U.,Michelsen A.,44.0,34.0,1085.0,1285.0,7-5 6-7 7-6
2026-03-08,BNP Paribas Open,Masters 1000,Hard,2nd Round,3,Norrie C.,McDonald M.,Norrie C.,29.0,126.0,1603.0,498.0,6-2 6-3
2026-03-08,BNP Paribas Open,Masters 1000,Hard,3rd Round,3,Fucsovics M.,Fils A.,Fils A.,56.0,32.0,916.0,1440.0,3-6 5-7
2026-03-08,BNP Paribas Open,Masters 1000,Hard,3rd Round,3,Mensik J.,Davidovich Fokina A.,Davidovich Fokina A.,12.0,19.0,2650.0,2190.0,2-6 6-4 2-6
2026-03-08,BNP Paribas Open,Masters 1000,Hard,3rd Round,3,Nakashima B.,Zverev A.,Zverev A.,30.0,4.0,1535.0,4555.0,6-7 7-5 4-6
2026-03-08,BNP Paribas Open,Masters 1000,Hard,3rd Round,3,Shapovalov D.,Sinner J.,Sinner J.,39.0,2.0,1160.0,10400.0,3-6 2-6
2026-03-08,BNP Paribas Open,Masters 1000,Hard,3rd Round,3,Tien L.,Shelton B.,Tien L.,27.0,8.0,1685.0,4010.0,7-6 4-6 6-3
2026-03-09,BNP Paribas Open,Masters 1000,Hard,3rd Round,3,Auger-Aliassime F.,Diallo G.,Auger-Aliassime F.,9.0,38.0,3950.0,1175.0,6-7 6-3 6-3
2026-03-09,BNP Paribas Open,Masters 1000,Hard,3rd Round,3,De Minaur A.,Norrie C.,Norrie C.,6.0,29.0,4235.0,1603.0,4-6 4-6
2026-03-09,BNP Paribas Open,Masters 1000,Hard,3rd Round,3,Draper J.,Cerundolo F.,Draper J.,14.0,20.0,2510.0,2170.0,6-1 7-5
2026-03-09,BNP Paribas Open,Masters 1000,Hard,3rd Round,3,Fonseca J.,Paul T.,Fonseca J.,35.0,24.0,1240.0,1815.0,6-2 6-3
2026-03-09,BNP Paribas Open,Masters 1000,Hard,3rd Round,3,Hijikata R.,Bublik A.,Hijikata R.,117.0,10.0,547.0,3405.0,6-7 7-6 6-3
2026-03-09,BNP Paribas Open,Masters 1000,Hard,3rd Round,3,Kovacevic A.,Djokovic N.,Djokovic N.,72.0,3.0,771.0,5280.0,4-6 6-1 4-6
2026-03-09,BNP Paribas Open,Masters 1000,Hard,3rd Round,3,Michelsen A.,Fritz T.,Michelsen A.,44.0,7.0,1085.0,4220.0,6-4 7-6
2026-03-09,BNP Paribas Open,Masters 1000,Hard,3rd Round,3,Ruud C.,Vacherot V.,Ruud C.,13.0,26.0,2625.0,1691.0,3-6 6-3 6-4
2026-03-09,BNP Paribas Open,Masters 1000,Hard,3rd Round,3,Tiafoe F.,Cobolli F.,Tiafoe F.,22.0,15.0,1870.0,2480.0,6-1 6-2
2026-03-10,BNP Paribas Open,Masters 1000,Hard,3rd Round,3,Alcaraz C.,Rinderknech A.,Alcaraz C.,1.0,28.0,13550.0,1617.0,6-7 6-3 6-2
2026-03-10,BNP Paribas Open,Masters 1000,Hard,3rd Round,3,Baez S.,Medvedev D.,Medvedev D.,53.0,11.0,940.0,3360.0,4-6 0-6
2026-03-10,BNP Paribas Open,Masters 1000,Hard,4th Round,3,Auger-Aliassime F.,Fils A.,Fils A.,9.0,32.0,3950.0,1440.0,3-6 6-7
2026-03-10,BNP Paribas Open,Masters 1000,Hard,4th Round,3,Tien L.,Davidovich Fokina A.,Tien L.,27.0,19.0,1685.0,2190.0,4-6 6-1 7-6
2026-03-10,BNP Paribas Open,Masters 1000,Hard,4th Round,3,Zverev A.,Tiafoe F.,Zverev A.,4.0,22.0,4555.0,1870.0,6-3 6-4
2026-03-11,BNP Paribas Open,Masters 1000,Hard,4th Round,3,Medvedev D.,Michelsen A.,Medvedev D.,11.0,44.0,3360.0,1085.0,6-2 6-4
2026-03-11,BNP Paribas Open,Masters 1000,Hard,4th Round,3,Norrie C.,Hijikata R.,Norrie C.,29.0,117.0,1603.0,547.0,6-4 6-2
2026-03-11,BNP Paribas Open,Masters 1000,Hard,4th Round,3,Ruud C.,Alcaraz C.,Alcaraz C.,13.0,1.0,2625.0,13550.0,1-6 6-7
2026-03-11,BNP Paribas Open,Masters 1000,Hard,4th Round,3,Sinner J.,Fonseca J.,Sinner J.,2.0,35.0,10400.0,1240.0,7-6 7-6
2026-03-12,BNP Paribas Open,Masters 1000,Hard,4th Round,3,Draper J.,Djokovic N.,Draper J.,14.0,3.0,2510.0,5280.0,4-6 6-4 7-6
2026-03-12,BNP Paribas Open,Masters 1000,Hard,Quarterfinals,3,Sinner J.,Tien L.,Sinner J.,2.0,27.0,10400.0,1685.0,6-1 6-2
2026-03-12,BNP Paribas Open,Masters 1000,Hard,Quarterfinals,3,Zverev A.,Fils A.,Zverev A.,4.0,32.0,4555.0,1440.0,6-2 6-3
2026-03-13,BNP Paribas Open,Masters 1000,Hard,Quarterfinals,3,Medvedev D.,Draper J.,Medvedev D.,11.0,14.0,3360.0,2510.0,6-1 7-5
2026-03-13,BNP Paribas Open,Masters 1000,Hard,Quarterfinals,3,Norrie C.,Alcaraz C.,Alcaraz C.,29.0,1.0,1603.0,13550.0,3-6 4-6
2026-03-14,BNP Paribas Open,Masters 1000,Hard,Semifinals,3,Alcaraz C.,Medvedev D.,Medvedev D.,1.0,11.0,13550.0,3360.0,3-6 6-7
2026-03-14,BNP Paribas Open,Masters 1000,Hard,Semifinals,3,Zverev A.,Sinner J.,Sinner J.,4.0,2.0,4555.0,10400.0,2-6 4-6
2026-03-15,BNP Paribas Open,Masters 1000,Hard,The Final,3,Medvedev D.,Sinner J.,Sinner J.,11.0,2.0,3360.0,10400.0,6-7 6-7
2026-03-19,Miami Open,Masters 1000,Hard,1st Round,3,Bautista Agut R.,Duckworth J.,Bautista Agut R.,89.0,80.0,668.0,694.0,7-6 7-6
2026-03-19,Miami Open,Masters 1000,Hard,1st Round,3,Bergs Z.,Brooksby J.,Bergs Z.,45.0,42.0,1030.0,1115.0,7-5 6-2
2026-03-19,Miami Open,Masters 1000,Hard,1st Round,3,Berrettini M.,Muller A.,Berrettini M.,68.0,90.0,800.0,665.0,6-4 6-2
2026-03-19,Miami Open,Masters 1000,Hard,1st Round,3,Blanch Dar.,Struff J.L.,Blanch Dar.,272.0,316.0,193.0,209.0,6-3 3-6 6-3
2026-03-19,Miami Open,Masters 1000,Hard,1st Round,3,Cilic M.,Popyrin A.,Cilic M.,49.0,47.0,1000.0,1010.0,6-4 6-4
2026-03-19,Miami Open,Masters 1000,Hard,1st Round,3,Comesana F.,Tabilo A.,Tabilo A.,82.0,41.0,679.0,1118.0,4-6 2-6
2026-03-19,Miami Open,Masters 1000,Hard,1st Round,3,Dimitrov G.,Collignon R.,Collignon R.,44.0,72.0,1035.0,768.0,6-7 6-4 6-7
2026-03-19,Miami Open,Masters 1000,Hard,1st Round,3,Dzumhur D.,Buse I.,Dzumhur D.,76.0,63.0,723.0,836.0,6-7 7-6 6-1
2026-03-19,Miami Open,Masters 1000,Hard,1st Round,3,Halys Q.,Draxl L.,Halys Q.,111.0,147.0,580.0,406.0,6-7 6-1 6-1
2026-03-19,Miami Open,Masters 1000,Hard,1st Round,3,Jodar R.,Hanfmann Y.,Jodar R.,109.0,64.0,588.0,835.0,6-4 4-6 6-1
2026-03-19,Miami Open,Masters 1000,Hard,1st Round,3,Kouame M.,Svajda Z.,Kouame M.,385.0,96.0,122.0,644.0,5-7 6-4 6-4
2026-03-19,Miami Open,Masters 1000,Hard,1st Round,3,Landaluce M.,Giron M.,Landaluce M.,151.0,70.0,394.0,790.0,6-3 7-6
2026-03-19,Miami Open,Masters 1000,Hard,1st Round,3,Machac T.,Nava E.,Machac T.,48.0,74.0,1000.0,741.0,2-6 6-4 6-1
2026-03-19,Miami Open,Masters 1000,Hard,1st Round,3,Majchrzak K.,Kecmanovic M.,Majchrzak K.,57.0,58.0,905.0,895.0,4-6 6-3 6-1
2026-03-19,Miami Open,Masters 1000,Hard,1st Round,3,Mannarino A.,Zhang Zh.,Mannarino A.,43.0,270.0,1060.0,195.0,6-3 6-2
2026-03-19,Miami Open,Masters 1000,Hard,1st Round,3,Marozsan F.,Fonseca J.,Fonseca J.,46.0,39.0,1020.0,1135.0,4-6 6-3 2-6
2026-03-19,Miami Open,Masters 1000,Hard,1st Round,3,Mpetshi G.,Ugo Carabelli C.,Ugo Carabelli C.,59.0,66.0,890.0,810.0,6-2 3-6 6-7
2026-03-19,Miami Open,Masters 1000,Hard,1st Round,3,Navone M.,Basilashvili N.,Navone M.,61.0,134.0,855.0,463.0,7-6 6-3
2026-03-19,Miami Open,Masters 1000,Hard,1st Round,3,Opelka R.,Borges N.,Opelka R.,67.0,50.0,803.0,995.0,6-7 6-2 7-6
2026-03-19,Miami Open,Masters 1000,Hard,1st Round,3,Quinn E.,Hurkacz H.,Quinn E.,56.0,75.0,906.0,735.0,6-2 6-4
2026-03-19,Miami Open,Masters 1000,Hard,1st Round,3,Tsitsipas S.,Fery A.,Tsitsipas S.,51.0,174.0,995.0,342.0,6-1 7-6
2026-03-19,Miami Open,Masters 1000,Hard,1st Round,3,Van De Zandschulp B.,Shapovalov D.,Van De Zandschulp B.,65.0,38.0,823.0,1160.0,7-5 6-3
2026-03-20,Miami Open,Masters 1000,Hard,1st Round,3,Arnaldi M.,Shevchenko A.,Shevchenko A.,101.0,84.0,625.0,679.0,6-7 7-6 2-6
2026-03-20,Miami Open,Masters 1000,Hard,1st Round,3,Atmane T.,Altmaier D.,Atmane T.,53.0,55.0,968.0,906.0,6-4 6-2
2026-03-20,Miami Open,Masters 1000,Hard,1st Round,3,Baez S.,Walton A.,Walton A.,52.0,85.0,980.0,674.0,2-6 2-6
2026-03-20,Miami Open,Masters 1000,Hard,1st Round,3,Barrios M.,Cazaux A.,Cazaux A.,119.0,73.0,551.0,754.0,5-7 4-6
2026-03-20,Miami Open,Masters 1000,Hard,1st Round,3,Fucsovics M.,O Connell C.,Fucsovics M.,54.0,130.0,959.0,493.0,7-6 6-3
2026-03-20,Miami Open,Masters 1000,Hard,1st Round,3,Michelsen A.,Bellucci M.,Michelsen A.,40.0,77.0,1135.0,720.0,6-2 6-1
2026-03-20,Miami Open,Masters 1000,Hard,1st Round,3,Royer V.,Tirante T.A.,Tirante T.A.,69.0,81.0,795.0,691.0,5-7 7-6 6-7
2026-03-20,Miami Open,Masters 1000,Hard,1st Round,3,Sakamoto R.,Kovacevic A.,Sakamoto R.,164.0,92.0,366.0,661.0,6-4 3-6 7-6
2026-03-20,Miami Open,Masters 1000,Hard,1st Round,3,Wu Y.,Diallo G.,Diallo G.,118.0,37.0,559.0,1185.0,2-6 6-7
2026-03-20,Miami Open,Masters 1000,Hard,2nd Round,3,Berrettini M.,Bublik A.,Berrettini M.,68.0,11.0,800.0,3385.0,6-4 6-4
2026-03-20,Miami Open,Masters 1000,Hard,2nd Round,3,Blanch Dar.,Fils A.,Fils A.,272.0,31.0,193.0,1440.0,2-6 3-6
2026-03-20,Miami Open,Masters 1000,Hard,2nd Round,3,Draper J.,Opelka R.,Opelka R.,26.0,67.0,1710.0,803.0,6-7 6-7
2026-03-20,Miami Open,Masters 1000,Hard,2nd Round,3,Khachanov K.,Bautista Agut R.,Khachanov K.,15.0,89.0,2410.0,668.0,6-3 6-3
2026-03-20,Miami Open,Masters 1000,Hard,2nd Round,3,Paul T.,Mannarino A.,Paul T.,23.0,43.0,1765.0,1060.0,6-2 2-6 6-4
2026-03-20,Miami Open,Masters 1000,Hard,2nd Round,3,Quinn E.,Ruud C.,Quinn E.,56.0,12.0,906.0,2715.0,6-4 7-6
2026-03-20,Miami Open,Masters 1000,Hard,2nd Round,3,Van De Zandschulp B.,Fritz T.,Fritz T.,65.0,7.0,823.0,4170.0,3-6 7-6 3-6
2026-03-21,Miami Open,Masters 1000,Hard,2nd Round,3,Alcaraz C.,Fonseca J.,Alcaraz C.,1.0,39.0,13550.0,1135.0,6-4 6-4
2026-03-21,Miami Open,Masters 1000,Hard,2nd Round,3,Atmane T.,Rinderknech A.,Atmane T.,53.0,27.0,968.0,1657.0,7-6 6-3
2026-03-21,Miami Open,Masters 1000,Hard,2nd Round,3,Auger-Aliassime F.,Fucsovics M.,Auger-Aliassime F.,8.0,54.0,4000.0,959.0,7-6 7-5
2026-03-21,Miami Open,Masters 1000,Hard,2nd Round,3,Cobolli F.,Collignon R.,Collignon R.,14.0,72.0,2520.0,768.0,5-7 3-6
2026-03-21,Miami Open,Masters 1000,Hard,2nd Round,3,Darderi L.,Landaluce M.,Landaluce M.,18.0,151.0,2084.0,394.0,3-6 7-6 4-6
2026-03-21,Miami Open,Masters 1000,Hard,2nd Round,3,Davidovich Fokina A.,Halys Q.,Halys Q.,17.0,111.0,2260.0,580.0,6-7 4-6
2026-03-21,Miami Open,Masters 1000,Hard,2nd Round,3,Etcheverry T.,Bergs Z.,Etcheverry T.,32.0,45.0,1430.0,1030.0,7-6 7-6
2026-03-21,Miami Open,Masters 1000,Hard,2nd Round,3,Humbert U.,Diallo G.,Humbert U.,34.0,37.0,1245.0,1185.0,6-1 6-4
2026-03-21,Miami Open,Masters 1000,Hard,2nd Round,3,Jodar R.,Vukic A.,Jodar R.,109.0,93.0,588.0,656.0,6-1 6-2
2026-03-21,Miami Open,Masters 1000,Hard,2nd Round,3,Lehecka J.,Kouame M.,Lehecka J.,22.0,385.0,1850.0,122.0,6-2 7-5
2026-03-21,Miami Open,Masters 1000,Hard,2nd Round,3,Majchrzak K.,Tien L.,Majchrzak K.,57.0,21.0,905.0,1860.0,6-2 4-6 6-2
2026-03-21,Miami Open,Masters 1000,Hard,2nd Round,3,Michelsen A.,Norrie C.,Michelsen A.,40.0,24.0,1135.0,1753.0,7-5 6-7 6-4
2026-03-21,Miami Open,Masters 1000,Hard,2nd Round,3,Moutet C.,Machac T.,Moutet C.,33.0,48.0,1383.0,1000.0,6-0 1-6 6-4
2026-03-21,Miami Open,Masters 1000,Hard,2nd Round,3,Navone M.,Vacherot V.,Vacherot V.,61.0,25.0,855.0,1741.0,3-6 4-6
2026-03-21,Miami Open,Masters 1000,Hard,2nd Round,3,Rublev A.,Tabilo A.,Tabilo A.,16.0,41.0,2400.0,1118.0,7-6 2-6 4-6
2026-03-21,Miami Open,Masters 1000,Hard,2nd Round,3,Sakamoto R.,Medvedev D.,Medvedev D.,164.0,10.0,366.0,3610.0,7-6 3-6 1-6
2026-03-21,Miami Open,Masters 1000,Hard,2nd Round,3,Shevchenko A.,Shelton B.,Shevchenko A.,84.0,9.0,679.0,3860.0,6-7 7-6 6-3
2026-03-21,Miami Open,Masters 1000,Hard,2nd Round,3,Sinner J.,Dzumhur D.,Sinner J.,2.0,76.0,11400.0,723.0,6-3 6-3
2026-03-21,Miami Open,Masters 1000,Hard,2nd Round,3,Tiafoe F.,Cazaux A.,Tiafoe F.,20.0,73.0,1920.0,754.0,7-6 6-1
2026-03-21,Miami Open,Masters 1000,Hard,2nd Round,3,Tirante T.A.,Cerundolo F.,Cerundolo F.,81.0,19.0,691.0,2020.0,4-6 2-6
2026-03-21,Miami Open,Masters 1000,Hard,2nd Round,3,Tsitsipas S.,De Minaur A.,Tsitsipas S.,51.0,6.0,995.0,4185.0,6-3 7-6
2026-03-21,Miami Open,Masters 1000,Hard,2nd Round,3,Ugo Carabelli C.,Korda S.,Korda S.,66.0,36.0,810.0,1200.0,0-6 3-6
2026-03-21,Miami Open,Masters 1000,Hard,2nd Round,3,Walton A.,Mensik J.,Mensik J.,85.0,13.0,674.0,2650.0,6-3 2-6 4-6
2026-03-22,Miami Open,Masters 1000,Hard,2nd Round,3,Cilic M.,Nakashima B.,Cilic M.,49.0,30.0,1000.0,1485.0,2-6 6-4 7-6
2026-03-22,Miami Open,Masters 1000,Hard,2nd Round,3,Damm M.,Zverev A.,Zverev A.,133.0,4.0,469.0,4905.0,2-6 4-6
2026-03-22,Miami Open,Masters 1000,Hard,3rd Round,3,Etcheverry T.,Jodar R.,Etcheverry T.,32.0,109.0,1430.0,588.0,7-5 6-4
2026-03-22,Miami Open,Masters 1000,Hard,3rd Round,3,Fritz T.,Opelka R.,Fritz T.,7.0,67.0,4170.0,803.0,6-3 6-4
2026-03-22,Miami Open,Masters 1000,Hard,3rd Round,3,Khachanov K.,Landaluce M.,Landaluce M.,15.0,151.0,2410.0,394.0,3-6 6-7
2026-03-22,Miami Open,Masters 1000,Hard,3rd Round,3,Korda S.,Alcaraz C.,Korda S.,36.0,1.0,1200.0,13550.0,6-3 5-7 6-4
2026-03-22,Miami Open,Masters 1000,Hard,3rd Round,3,Paul T.,Collignon R.,Paul T.,23.0,72.0,1765.0,768.0,6-2 3-6 7-6
2026-03-22,Miami Open,Masters 1000,Hard,3rd Round,3,Quinn E.,Lehecka J.,Lehecka J.,56.0,22.0,906.0,1850.0,3-6 6-7
2026-03-23,Miami Open,Masters 1000,Hard,3rd Round,3,Atmane T.,Auger-Aliassime F.,Atmane T.,53.0,8.0,968.0,4000.0,6-3 1-6 6-3
2026-03-23,Miami Open,Masters 1000,Hard,3rd Round,3,Berrettini M.,Vacherot V.,Vacherot V.,68.0,25.0,800.0,1741.0,6-7 4-6
2026-03-23,Miami Open,Masters 1000,Hard,3rd Round,3,Halys Q.,Majchrzak K.,Halys Q.,111.0,57.0,580.0,905.0,7-6 6-1
2026-03-23,Miami Open,Masters 1000,Hard,3rd Round,3,Medvedev D.,Cerundolo F.,Cerundolo F.,10.0,19.0,3610.0,2020.0,0-6 6-4 5-7
2026-03-23,Miami Open,Masters 1000,Hard,3rd Round,3,Mensik J.,Tiafoe F.,Tiafoe F.,13.0,20.0,2650.0,1920.0,6-7 6-4 6-7
2026-03-23,Miami Open,Masters 1000,Hard,3rd Round,3,Moutet C.,Sinner J.,Sinner J.,33.0,2.0,1383.0,11400.0,1-6 4-6
2026-03-23,Miami Open,Masters 1000,Hard,3rd Round,3,Shevchenko A.,Humbert U.,Humbert U.,84.0,34.0,679.0,1245.0,4-6 6-7
2026-03-23,Miami Open,Masters 1000,Hard,3rd Round,3,Tabilo A.,Michelsen A.,Michelsen A.,41.0,40.0,1118.0,1135.0,6-3 3-6 4-6
2026-03-23,Miami Open,Masters 1000,Hard,3rd Round,3,Tsitsipas S.,Fils A.,Fils A.,51.0,31.0,995.0,1440.0,0-6 1-6
2026-03-23,Miami Open,Masters 1000,Hard,3rd Round,3,Zverev A.,Cilic M.,Zverev A.,4.0,49.0,4905.0,1000.0,6-2 5-7 6-4
2026-03-24,Miami Open,Masters 1000,Hard,4th Round,3,Etcheverry T.,Paul T.,Paul T.,32.0,23.0,1430.0,1765.0,1-6 3-6
2026-03-24,Miami Open,Masters 1000,Hard,4th Round,3,Fils A.,Vacherot V.,Fils A.,31.0,25.0,1440.0,1741.0,6-4 6-7 6-4
2026-03-24,Miami Open,Masters 1000,Hard,4th Round,3,Fritz T.,Lehecka J.,Lehecka J.,7.0,22.0,4170.0,1850.0,4-6 7-6 2-6
2026-03-24,Miami Open,Masters 1000,Hard,4th Round,3,Landaluce M.,Korda S.,Landaluce M.,151.0,36.0,394.0,1200.0,2-6 7-6 6-4
2026-03-24,Miami Open,Masters 1000,Hard,4th Round,3,Sinner J.,Michelsen A.,Sinner J.,2.0,40.0,11400.0,1135.0,7-5 7-6
2026-03-24,Miami Open,Masters 1000,Hard,4th Round,3,Tiafoe F.,Atmane T.,Tiafoe F.,20.0,53.0,1920.0,968.0,6-4 1-6 6-4
2026-03-25,Miami Open,Masters 1000,Hard,4th Round,3,Cerundolo F.,Humbert U.,Cerundolo F.,19.0,34.0,2020.0,1245.0,6-4 6-3
2026-03-25,Miami Open,Masters 1000,Hard,4th Round,3,Zverev A.,Halys Q.,Zverev A.,4.0,111.0,4905.0,580.0,7-6 7-6
2026-03-25,Miami Open,Masters 1000,Hard,Quarterfinals,3,Landaluce M.,Lehecka J.,Lehecka J.,151.0,22.0,394.0,1850.0,6-7 5-7
2026-03-26,Miami Open,Masters 1000,Hard,Quarterfinals,3,Paul T.,Fils A.,Fils A.,23.0,31.0,1765.0,1440.0,7-6 6-7 6-7
2026-03-26,Miami Open,Masters 1000,Hard,Quarterfinals,3,Sinner J.,Tiafoe F.,Sinner J.,2.0,20.0,11400.0,1920.0,6-2 6-2
2026-03-26,Miami Open,Masters 1000,Hard,Quarterfinals,3,Zverev A.,Cerundolo F.,Zverev A.,4.0,19.0,4905.0,2020.0,6-1 6-2
2026-03-27,Miami Open,Masters 1000,Hard,Semifinals,3,Fils A.,Lehecka J.,Lehecka J.,31.0,22.0,1440.0,1850.0,2-6 2-6
2026-03-27,Miami Open,Masters 1000,Hard,Semifinals,3,Zverev A.,Sinner J.,Sinner J.,4.0,2.0,4905.0,11400.0,3-6 6-7
2026-03-29,Miami Open,Masters 1000,Hard,The Final,3,Lehecka J.,Sinner J.,Sinner J.,22.0,2.0,1850.0,11400.0,4-6 4-6
2026-03-30,Grand Prix Hassan II,ATP250,Clay,1st Round,3,Baadi T.,Vukic A.,Baadi T.,587.0,84.0,64.0,663.0,6-2 3-6 6-1
2026-03-30,Grand Prix Hassan II,ATP250,Clay,1st Round,3,Bennani K.,Halys Q.,Bennani K.,731.0,90.0,41.0,650.0,6-4 6-7 6-2
2026-03-30,Grand Prix Hassan II,ATP250,Clay,1st Round,3,De Jong J.,Hanfmann Y.,Hanfmann Y.,99.0,61.0,625.0,857.0,6-7 4-6
2026-03-30,U.S.Men's Clay Court Championships,ATP250,Clay,1st Round,3,Bolt A.,Wu Y.,Bolt A.,165.0,118.0,369.0,559.0,7-6 6-2
2026-03-30,U.S.Men's Clay Court Championships,ATP250,Clay,1st Round,3,Vallejo D.,Svajda Z.,Vallejo D.,109.0,82.0,601.0,674.0,6-1 6-4
2026-03-30,U.S.Men's Clay Court Championships,ATP250,Clay,1st Round,3,Zhang Zh.,Pinnington Jones J.,Zhang Zh.,263.0,138.0,205.0,456.0,6-1 6-3
2026-03-31,Grand Prix Hassan II,ATP250,Clay,1st Round,3,Bellucci M.,Bennani R.,Bellucci M.,73.0,555.0,740.0,70.0,6-3 3-6 6-4
2026-03-31,Grand Prix Hassan II,ATP250,Clay,1st Round,3,Buse I.,Berrettini M.,Buse I.,59.0,91.0,864.0,650.0,7-6 6-7 6-4
2026-03-31,Grand Prix Hassan II,ATP250,Clay,1st Round,3,Cerundolo J.M.,Majchrzak K.,Majchrzak K.,69.0,53.0,776.0,955.0,6-7 6-3 3-6
2026-03-31,Grand Prix Hassan II,ATP250,Clay,1st Round,3,Gaston H.,Van Assche L.,Van Assche L.,116.0,109.0,564.0,601.0,4-6 6-7
2026-03-31,Grand Prix Hassan II,ATP250,Clay,1st Round,3,Lajovic D.,Jodar R.,Jodar R.,132.0,89.0,486.0,652.0,3-6 4-6
2026-03-31,Grand Prix Hassan II,ATP250,Clay,1st Round,3,Muller A.,Cina F.,Muller A.,94.0,208.0,645.0,285.0,6-2 6-3
2026-03-31,Grand Prix Hassan II,ATP250,Clay,1st Round,3,Rocha H.,Trungelliti M.,Trungelliti M.,133.0,117.0,483.0,561.0,6-7 2-6
2026-03-31,Grand Prix Hassan II,ATP250,Clay,1st Round,3,Skatov T.,Ugo Carabelli C.,Ugo Carabelli C.,202.0,67.0,292.0,780.0,7-6 3-6 4-6
2026-03-31,Tiriac Open,ATP250,Clay,1st Round,3,Baez S.,Gaubas V.,Baez S.,50.0,108.0,980.0,603.0,6-3 6-1
2026-03-31,Tiriac Open,ATP250,Clay,1st Round,3,Basilashvili N.,Prizmic D.,Prizmic D.,129.0,112.0,493.0,585.0,4-6 2-6
2026-03-31,Tiriac Open,ATP250,Clay,1st Round,3,Choinski J.,Sakellaridis S.,Sakellaridis S.,120.0,225.0,534.0,252.0,3-6 4-6
2026-03-31,Tiriac Open,ATP250,Clay,1st Round,3,Droguet T.,Bautista Agut R.,Droguet T.,122.0,80.0,528.0,685.0,6-1 1-6 6-1
2026-03-31,Tiriac Open,ATP250,Clay,1st Round,3,Jianu F.C.,Dzumhur D.,Dzumhur D.,246.0,74.0,219.0,731.0,3-6 6-4 6-7
2026-03-31,Tiriac Open,ATP250,Clay,1st Round,3,Martinez P.,Altmaier D.,Altmaier D.,113.0,52.0,580.0,960.0,1-6 4-6
2026-03-31,Tiriac Open,ATP250,Clay,1st Round,3,Molcan A.,Arnaldi M.,Molcan A.,189.0,107.0,314.0,605.0,6-3 6-1
2026-03-31,Tiriac Open,ATP250,Clay,1st Round,3,Moller E.,Boitan G.A.,Moller E.,134.0,306.0,478.0,167.0,6-3 7-5
2026-03-31,Tiriac Open,ATP250,Clay,1st Round,3,O Connell C.,Navone M.,Navone M.,128.0,60.0,493.0,860.0,4-6 6-7
2026-03-31,Tiriac Open,ATP250,Clay,1st Round,3,Shevchenko A.,Turcanu R.D.,Shevchenko A.,76.0,659.0,716.0,52.0,6-2 6-4
2026-03-31,Tiriac Open,ATP250,Clay,1st Round,3,Van De Zandschulp B.,Maestrelli F.,Van De Zandschulp B.,62.0,114.0,841.0,577.0,6-3 6-2
2026-03-31,Tiriac Open,ATP250,Clay,1st Round,3,Virtanen O.,Merida Aguilar D.,Merida Aguilar D.,123.0,136.0,512.0,458.0,6-7 7-5 5-7
2026-03-31,U.S.Men's Clay Court Championships,ATP250,Clay,1st Round,3,Brooksby J.,McDonald M.,McDonald M.,41.0,125.0,1115.0,501.0,4-6 2-6
2026-03-31,U.S.Men's Clay Court Championships,ATP250,Clay,1st Round,3,Draxl L.,Basavareddy N.,Basavareddy N.,147.0,193.0,430.0,306.0,3-6 6-2 4-6
2026-03-31,U.S.Men's Clay Court Championships,ATP250,Clay,1st Round,3,Etcheverry T.,Gomez F.A.,Etcheverry T.,31.0,182.0,1500.0,331.0,1-6 6-1 6-4
2026-03-31,U.S.Men's Clay Court Championships,ATP250,Clay,1st Round,3,Nakashima B.,Damm M.,Nakashima B.,33.0,126.0,1395.0,499.0,7-6 6-2
2026-03-31,U.S.Men's Clay Court Championships,ATP250,Clay,1st Round,3,Tirante T.A.,Smith C.,Tirante T.A.,83.0,164.0,673.0,371.0,6-0 6-3
2026-04-01,Grand Prix Hassan II,ATP250,Clay,1st Round,3,Medjedovic H.,Kopriva V.,Kopriva V.,81.0,70.0,680.0,763.0,7-6 5-7 2-6
2026-04-01,Grand Prix Hassan II,ATP250,Clay,2nd Round,3,Bennani K.,Hanfmann Y.,Hanfmann Y.,731.0,61.0,41.0,857.0,4-6 7-6 2-6
2026-04-01,Grand Prix Hassan II,ATP250,Clay,2nd Round,3,Darderi L.,Bellucci M.,Darderi L.,19.0,73.0,2050.0,740.0,6-4 6-2
2026-04-01,Grand Prix Hassan II,ATP250,Clay,2nd Round,3,Moutet C.,Baadi T.,Moutet C.,32.0,587.0,1403.0,64.0,6-0 6-2
2026-04-01,Grand Prix Hassan II,ATP250,Clay,2nd Round,3,Trungelliti M.,Majchrzak K.,Trungelliti M.,117.0,53.0,561.0,955.0,7-6 6-3
2026-04-01,Tiriac Open,ATP250,Clay,2nd Round,3,Diallo G.,Molcan A.,Molcan A.,36.0,189.0,1175.0,314.0,2-6 2-6
2026-04-01,Tiriac Open,ATP250,Clay,2nd Round,3,Dzumhur D.,Borges N.,Dzumhur D.,74.0,48.0,731.0,995.0,7-6 6-4
2026-04-01,Tiriac Open,ATP250,Clay,2nd Round,3,Moller E.,Navone M.,Navone M.,134.0,60.0,478.0,860.0,2-6 1-6
2026-04-01,Tiriac Open,ATP250,Clay,2nd Round,3,Shevchenko A.,Van De Zandschulp B.,Van De Zandschulp B.,76.0,62.0,716.0,841.0,5-7 1-6
2026-04-01,U.S.Men's Clay Court Championships,ATP250,Clay,1st Round,3,Kovacevic A.,Hijikata R.,Hijikata R.,85.0,102.0,661.0,619.0,4-6 2-6
2026-04-01,U.S.Men's Clay Court Championships,ATP250,Clay,1st Round,3,Kypson P.,Popyrin A.,Popyrin A.,96.0,45.0,640.0,1010.0,6-4 4-6 3-6
2026-04-01,U.S.Men's Clay Court Championships,ATP250,Clay,1st Round,3,Walton A.,Burruchaga R.,Burruchaga R.,105.0,77.0,614.0,703.0,2-6 3-6
2026-04-01,U.S.Men's Clay Court Championships,ATP250,Clay,1st Round,3,Wong C.,Michelsen A.,Michelsen A.,124.0,35.0,503.0,1225.0,4-6 2-6
2026-04-01,U.S.Men's Clay Court Championships,ATP250,Clay,2nd Round,3,Etcheverry T.,Bolt A.,Etcheverry T.,31.0,165.0,1500.0,369.0,6-7 6-0 6-3
2026-04-01,U.S.Men's Clay Court Championships,ATP250,Clay,2nd Round,3,Tirante T.A.,McDonald M.,Tirante T.A.,83.0,125.0,673.0,501.0,6-2 6-0
2026-04-02,Grand Prix Hassan II,ATP250,Clay,2nd Round,3,Buse I.,Ugo Carabelli C.,Ugo Carabelli C.,59.0,67.0,864.0,780.0,3-6 6-3 5-7
2026-04-02,Grand Prix Hassan II,ATP250,Clay,2nd Round,3,Griekspoor T.,Van Assche L.,Van Assche L.,30.0,109.0,1585.0,601.0,4-6 6-1 3-6
2026-04-02,Grand Prix Hassan II,ATP250,Clay,2nd Round,3,Machac T.,Jodar R.,Jodar R.,55.0,89.0,930.0,652.0,4-6 6-4 3-6
2026-04-02,Grand Prix Hassan II,ATP250,Clay,2nd Round,3,Muller A.,Kopriva V.,Muller A.,94.0,70.0,645.0,763.0,6-3 7-6
2026-04-02,U.S.Men's Clay Court Championships,ATP250,Clay,2nd Round,3,Basavareddy N.,Tien L.,Tien L.,193.0,22.0,306.0,1845.0,3-6 6-3 1-6
2026-04-02,U.S.Men's Clay Court Championships,ATP250,Clay,2nd Round,3,Burruchaga R.,Nakashima B.,Burruchaga R.,77.0,33.0,703.0,1395.0,6-4 2-6 6-4
2026-04-02,U.S.Men's Clay Court Championships,ATP250,Clay,2nd Round,3,Paul T.,Vallejo D.,Paul T.,21.0,109.0,1915.0,601.0,3-6 6-4 6-4
2026-04-02,U.S.Men's Clay Court Championships,ATP250,Clay,2nd Round,3,Shelton B.,Zhang Zh.,Shelton B.,9.0,263.0,3860.0,205.0,7-6 7-6
2026-04-03,Grand Prix Hassan II,ATP250,Clay,Quarterfinals,3,Moutet C.,Trungelliti M.,Trungelliti M.,32.0,117.0,1403.0,561.0,6-4 3-6 4-6
2026-04-03,Grand Prix Hassan II,ATP250,Clay,Quarterfinals,3,Van Assche L.,Ugo Carabelli C.,Ugo Carabelli C.,109.0,67.0,601.0,780.0,6-0 3-6 2-6
2026-04-03,Tiriac Open,ATP250,Clay,2nd Round,3,Droguet T.,Baez S.,Droguet T.,122.0,50.0,528.0,980.0,6-4 6-4
2026-04-03,Tiriac Open,ATP250,Clay,2nd Round,3,Merida Aguilar D.,Mannarino A.,Merida Aguilar D.,136.0,43.0,458.0,1082.0,4-6 6-2 6-2
2026-04-03,Tiriac Open,ATP250,Clay,2nd Round,3,Prizmic D.,Altmaier D.,Altmaier D.,112.0,52.0,585.0,960.0,6-3 6-7 6-7
2026-04-03,Tiriac Open,ATP250,Clay,2nd Round,3,Sakellaridis S.,Marozsan F.,Marozsan F.,225.0,47.0,252.0,1005.0,6-7 5-7
2026-04-03,Tiriac Open,ATP250,Clay,Quarterfinals,3,Marozsan F.,Altmaier D.,Marozsan F.,47.0,52.0,1005.0,960.0,6-2 7-6
2026-04-03,Tiriac Open,ATP250,Clay,Quarterfinals,3,Navone M.,Molcan A.,Navone M.,60.0,189.0,860.0,314.0,3-6 6-2 6-3
2026-04-03,Tiriac Open,ATP250,Clay,Quarterfinals,3,Van De Zandschulp B.,Dzumhur D.,Van De Zandschulp B.,62.0,74.0,841.0,731.0,6-3 6-3
2026-04-03,U.S.Men's Clay Court Championships,ATP250,Clay,2nd Round,3,Hijikata R.,Tiafoe F.,Tiafoe F.,102.0,18.0,619.0,2070.0,4-6 6-3 2-6
2026-04-03,U.S.Men's Clay Court Championships,ATP250,Clay,2nd Round,3,Popyrin A.,Michelsen A.,Popyrin A.,45.0,35.0,1010.0,1225.0,6-0 4-6 6-1
2026-04-03,U.S.Men's Clay Court Championships,ATP250,Clay,Quarterfinals,3,Etcheverry T.,Paul T.,Paul T.,31.0,21.0,1500.0,1915.0,4-6 2-6
2026-04-03,U.S.Men's Clay Court Championships,ATP250,Clay,Quarterfinals,3,Shelton B.,Tirante T.A.,Tirante T.A.,9.0,83.0,3860.0,673.0,7-6 3-6 4-6
2026-04-03,U.S.Men's Clay Court Championships,ATP250,Clay,Quarterfinals,3,Tien L.,Burruchaga R.,Burruchaga R.,22.0,77.0,1845.0,703.0,5-7 4-6
2026-04-04,Grand Prix Hassan II,ATP250,Clay,Semifinals,3,Trungelliti M.,Darderi L.,Trungelliti M.,117.0,19.0,561.0,2050.0,6-4 7-6
2026-04-04,Grand Prix Hassan II,ATP250,Clay,Semifinals,3,Ugo Carabelli C.,Jodar R.,Jodar R.,67.0,89.0,780.0,652.0,2-6 1-6
2026-04-04,Tiriac Open,ATP250,Clay,Semifinals,3,Marozsan F.,Merida Aguilar D.,Merida Aguilar D.,47.0,136.0,1005.0,458.0,7-6 3-6 1-6
2026-04-04,Tiriac Open,ATP250,Clay,Semifinals,3,Navone M.,Van De Zandschulp B.,Navone M.,60.0,62.0,860.0,841.0,5-7 7-6 7-5
2026-04-04,U.S.Men's Clay Court Championships,ATP250,Clay,Quarterfinals,3,Popyrin A.,Tiafoe F.,Tiafoe F.,45.0,18.0,1010.0,2070.0,6-3 4-6 6-7
2026-04-04,U.S.Men's Clay Court Championships,ATP250,Clay,Semifinals,3,Tiafoe F.,Paul T.,Paul T.,18.0,21.0,2070.0,1915.0,5-7 6-4 6-7
2026-04-04,U.S.Men's Clay Court Championships,ATP250,Clay,Semifinals,3,Tirante T.A.,Burruchaga R.,Burruchaga R.,83.0,77.0,673.0,703.0,1-6 1-6
2026-04-05,Grand Prix Hassan II,ATP250,Clay,The Final,3,Trungelliti M.,Jodar R.,Jodar R.,117.0,89.0,561.0,652.0,3-6 2-6
2026-04-05,Monte Carlo Masters,Masters 1000,Clay,1st Round,3,Griekspoor T.,Monfils G.,Monfils G.,32.0,199.0,1430.0,290.0,7-6 1-6 4-6
2026-04-05,Monte Carlo Masters,Masters 1000,Clay,1st Round,3,Humbert U.,Kouame M.,Humbert U.,34.0,334.0,1320.0,151.0,6-3 7-5
2026-04-05,Monte Carlo Masters,Masters 1000,Clay,1st Round,3,Norrie C.,Kecmanovic M.,Norrie C.,24.0,59.0,1753.0,875.0,6-2 4-6 7-6
2026-04-05,Monte Carlo Masters,Masters 1000,Clay,1st Round,3,Tabilo A.,Fucsovics M.,Tabilo A.,39.0,58.0,1118.0,877.0,6-4 6-3
2026-04-05,Tiriac Open,ATP250,Clay,The Final,3,Navone M.,Merida Aguilar D.,Navone M.,60.0,136.0,860.0,458.0,6-2 4-6 7-5
2026-04-05,U.S.Men's Clay Court Championships,ATP250,Clay,The Final,3,Paul T.,Burruchaga R.,Paul T.,21.0,77.0,1915.0,703.0,6-1 3-6 7-5
2026-04-06,Monte Carlo Masters,Masters 1000,Clay,1st Round,3,Cobolli F.,Comesana F.,Cobolli F.,16.0,99.0,2320.0,634.0,7-5 2-6 6-3
2026-04-06,Monte Carlo Masters,Masters 1000,Clay,1st Round,3,Fonseca J.,Diallo G.,Fonseca J.,40.0,36.0,1115.0,1175.0,6-2 6-3
2026-04-06,Monte Carlo Masters,Masters 1000,Clay,1st Round,3,Garin C.,Arnaldi M.,Garin C.,109.0,107.0,599.0,605.0,6-2 6-4
2026-04-06,Monte Carlo Masters,Masters 1000,Clay,1st Round,3,Machac T.,Altmaier D.,Machac T.,53.0,49.0,930.0,994.0,6-4 1-6 6-3
2026-04-06,Monte Carlo Masters,Masters 1000,Clay,1st Round,3,Mannarino A.,Bergs Z.,Bergs Z.,46.0,47.0,1050.0,1010.0,4-6 3-6
2026-04-06,Monte Carlo Masters,Masters 1000,Clay,1st Round,3,Nava E.,Lehecka J.,Lehecka J.,103.0,13.0,615.0,2490.0,6-7 7-6 2-6
2026-04-06,Monte Carlo Masters,Masters 1000,Clay,1st Round,3,Rinderknech A.,Khachanov K.,Rinderknech A.,27.0,14.0,1651.0,2410.0,7-5 6-2
2026-04-06,Monte Carlo Masters,Masters 1000,Clay,1st Round,3,Rublev A.,Borges N.,Rublev A.,15.0,50.0,2400.0,970.0,6-4 1-6 6-1
2026-04-06,Monte Carlo Masters,Masters 1000,Clay,1st Round,3,Shapovalov D.,Blockx A.,Blockx A.,38.0,91.0,1120.0,649.0,4-6 6-4 3-6
2026-04-06,Monte Carlo Masters,Masters 1000,Clay,1st Round,3,Tsitsipas S.,Cerundolo F.,Cerundolo F.,48.0,19.0,995.0,2020.0,5-7 4-6
2026-04-06,Monte Carlo Masters,Masters 1000,Clay,1st Round,3,Vacherot V.,Cerundolo J.M.,Vacherot V.,23.0,71.0,1818.0,773.0,5-7 6-2 6-1
2026-04-06,Monte Carlo Masters,Masters 1000,Clay,1st Round,3,Wawrinka S.,Baez S.,Baez S.,104.0,65.0,608.0,840.0,5-7 5-7
2026-04-07,Monte Carlo Masters,Masters 1000,Clay,1st Round,3,Cilic M.,Shevchenko A.,Cilic M.,51.0,77.0,950.0,727.0,6-1 6-3
2026-04-07,Monte Carlo Masters,Masters 1000,Clay,1st Round,3,Dimitrov G.,Etcheverry T.,Etcheverry T.,93.0,30.0,645.0,1540.0,4-6 6-2 3-6
2026-04-07,Monte Carlo Masters,Masters 1000,Clay,1st Round,3,Dzumhur D.,Marozsan F.,Marozsan F.,81.0,43.0,681.0,1095.0,2-6 1-6
2026-04-07,Monte Carlo Masters,Masters 1000,Clay,1st Round,3,Hurkacz H.,Darderi L.,Hurkacz H.,74.0,21.0,745.0,1920.0,7-6 5-7 6-1
2026-04-07,Monte Carlo Masters,Masters 1000,Clay,1st Round,3,Muller A.,Moutet C.,Moutet C.,88.0,31.0,651.0,1433.0,4-6 1-6
2026-04-07,Monte Carlo Masters,Masters 1000,Clay,1st Round,3,Popyrin A.,Ruud C.,Ruud C.,44.0,12.0,1060.0,2625.0,3-6 4-6
2026-04-07,Monte Carlo Masters,Masters 1000,Clay,1st Round,3,Quinn E.,Atmane T.,Atmane T.,54.0,45.0,911.0,1058.0,1-6 4-6
2026-04-07,Monte Carlo Masters,Masters 1000,Clay,2nd Round,3,Alcaraz C.,Baez S.,Alcaraz C.,1.0,65.0,13590.0,840.0,6-1 6-3
2026-04-07,Monte Carlo Masters,Masters 1000,Clay,2nd Round,3,Bublik A.,Monfils G.,Bublik A.,11.0,199.0,3345.0,290.0,6-4 6-4
2026-04-07,Monte Carlo Masters,Masters 1000,Clay,2nd Round,3,De Minaur A.,Norrie C.,De Minaur A.,6.0,24.0,4095.0,1753.0,7-6 2-6 6-2
2026-04-07,Monte Carlo Masters,Masters 1000,Clay,2nd Round,3,Sinner J.,Humbert U.,Sinner J.,2.0,34.0,12400.0,1320.0,6-3 6-0
2026-04-08,Monte Carlo Masters,Masters 1000,Clay,2nd Round,3,Auger-Aliassime F.,Cilic M.,Auger-Aliassime F.,7.0,51.0,4000.0,950.0,7-6 6-3
2026-04-08,Monte Carlo Masters,Masters 1000,Clay,2nd Round,3,Blockx A.,Cobolli F.,Blockx A.,91.0,16.0,649.0,2320.0,6-3 6-3
2026-04-08,Monte Carlo Masters,Masters 1000,Clay,2nd Round,3,Etcheverry T.,Atmane T.,Etcheverry T.,30.0,45.0,1540.0,1058.0,3-6 6-3 6-2
2026-04-08,Monte Carlo Masters,Masters 1000,Clay,2nd Round,3,Hurkacz H.,Marozsan F.,Hurkacz H.,74.0,43.0,745.0,1095.0,6-2 6-3
2026-04-08,Monte Carlo Masters,Masters 1000,Clay,2nd Round,3,Machac T.,Cerundolo F.,Machac T.,53.0,19.0,930.0,2020.0,7-6 6-3
2026-04-08,Monte Carlo Masters,Masters 1000,Clay,2nd Round,3,Medvedev D.,Berrettini M.,Berrettini M.,10.0,90.0,3610.0,650.0,0-6 0-6
2026-04-08,Monte Carlo Masters,Masters 1000,Clay,2nd Round,3,Rinderknech A.,Fonseca J.,Fonseca J.,27.0,40.0,1651.0,1115.0,5-7 6-4 3-6
2026-04-08,Monte Carlo Masters,Masters 1000,Clay,2nd Round,3,Rublev A.,Bergs Z.,Bergs Z.,15.0,47.0,2400.0,1010.0,4-6 1-6
2026-04-08,Monte Carlo Masters,Masters 1000,Clay,2nd Round,3,Ruud C.,Moutet C.,Ruud C.,12.0,31.0,2625.0,1433.0,7-5 6-3
2026-04-08,Monte Carlo Masters,Masters 1000,Clay,2nd Round,3,Tabilo A.,Lehecka J.,Lehecka J.,39.0,13.0,1118.0,2490.0,6-4 6-7 3-6
2026-04-08,Monte Carlo Masters,Masters 1000,Clay,2nd Round,3,Vacherot V.,Musetti L.,Vacherot V.,23.0,5.0,1818.0,4265.0,7-6 7-5
2026-04-08,Monte Carlo Masters,Masters 1000,Clay,2nd Round,3,Zverev A.,Garin C.,Zverev A.,3.0,109.0,5205.0,599.0,4-6 6-4 7-5
2026-04-09,Monte Carlo Masters,Masters 1000,Clay,3rd Round,3,Alcaraz C.,Etcheverry T.,Alcaraz C.,1.0,30.0,13590.0,1540.0,6-1 4-6 6-3
2026-04-09,Monte Carlo Masters,Masters 1000,Clay,3rd Round,3,Bergs Z.,Zverev A.,Zverev A.,47.0,3.0,1010.0,5205.0,2-6 5-7
2026-04-09,Monte Carlo Masters,Masters 1000,Clay,3rd Round,3,Bublik A.,Lehecka J.,Bublik A.,11.0,13.0,3345.0,2490.0,6-2 7-5
2026-04-09,Monte Carlo Masters,Masters 1000,Clay,3rd Round,3,De Minaur A.,Blockx A.,De Minaur A.,6.0,91.0,4095.0,649.0,7-5 7-6
2026-04-09,Monte Carlo Masters,Masters 1000,Clay,3rd Round,3,Fonseca J.,Berrettini M.,Fonseca J.,40.0,90.0,1115.0,650.0,6-3 6-2
2026-04-09,Monte Carlo Masters,Masters 1000,Clay,3rd Round,3,Machac T.,Sinner J.,Sinner J.,53.0,2.0,930.0,12400.0,1-6 7-6 3-6
2026-04-09,Monte Carlo Masters,Masters 1000,Clay,3rd Round,3,Vacherot V.,Hurkacz H.,Vacherot V.,23.0,74.0,1818.0,745.0,6-7 6-3 6-4
2026-04-10,Monte Carlo Masters,Masters 1000,Clay,Quarterfinals,3,Alcaraz C.,Bublik A.,Alcaraz C.,1.0,11.0,13590.0,3345.0,6-3 6-0
2026-04-10,Monte Carlo Masters,Masters 1000,Clay,Quarterfinals,3,Auger-Aliassime F.,Sinner J.,Sinner J.,7.0,2.0,4000.0,12400.0,3-6 4-6
2026-04-10,Monte Carlo Masters,Masters 1000,Clay,Quarterfinals,3,Vacherot V.,De Minaur A.,Vacherot V.,23.0,6.0,1818.0,4095.0,6-4 3-6 6-3
2026-04-10,Monte Carlo Masters,Masters 1000,Clay,Quarterfinals,3,Zverev A.,Fonseca J.,Zverev A.,3.0,40.0,5205.0,1115.0,7-5 6-7 6-3
2026-04-11,Monte Carlo Masters,Masters 1000,Clay,Semifinals,3,Sinner J.,Zverev A.,Sinner J.,2.0,3.0,12400.0,5205.0,6-1 6-4
2026-04-11,Monte Carlo Masters,Masters 1000,Clay,Semifinals,3,Vacherot V.,Alcaraz C.,Alcaraz C.,23.0,1.0,1818.0,13590.0,4-6 4-6
2026-04-12,Monte Carlo Masters,Masters 1000,Clay,The Final,3,Sinner J.,Alcaraz C.,Sinner J.,2.0,1.0,12400.0,13590.0,7-6 6-3
2026-04-13,BMW Open,ATP500,Clay,1st Round,3,Blockx A.,Hanfmann Y.,Blockx A.,71.0,51.0,772.0,899.0,7-6 6-2
2026-04-13,BMW Open,ATP500,Clay,1st Round,3,Cerundolo F.,Nagal S.,Cerundolo F.,19.0,292.0,2020.0,179.0,6-2 6-2
2026-04-13,BMW Open,ATP500,Clay,1st Round,3,Diallo G.,Sachko V.,Diallo G.,37.0,208.0,1175.0,282.0,6-1 6-2
2026-04-13,BMW Open,ATP500,Clay,1st Round,3,Michelsen A.,Rinderknech A.,Rinderknech A.,36.0,26.0,1200.0,1676.0,3-6 3-6
2026-04-13,BMW Open,ATP500,Clay,1st Round,3,Shelton B.,Nava E.,Shelton B.,6.0,112.0,3900.0,580.0,7-6 3-6 6-3
2026-04-13,BMW Open,ATP500,Clay,1st Round,3,Van De Zandschulp B.,Huesler M.,Van De Zandschulp B.,49.0,340.0,931.0,148.0,7-6 6-3
2026-04-13,Barcelona Open,ATP500,Clay,1st Round,3,Borges N.,Mannarino A.,Borges N.,52.0,46.0,895.0,1025.0,6-3 6-4
2026-04-13,Barcelona Open,ATP500,Clay,1st Round,3,Jodar R.,Munar J.,Jodar R.,55.0,38.0,886.0,1175.0,6-1 6-2
2026-04-13,Barcelona Open,ATP500,Clay,1st Round,3,Moutet C.,Buse I.,Moutet C.,31.0,60.0,1433.0,864.0,6-4 6-4
2026-04-13,Barcelona Open,ATP500,Clay,1st Round,3,Quinn E.,Opelka R.,Quinn E.,50.0,68.0,927.0,803.0,7-5 7-6
2026-04-13,Barcelona Open,ATP500,Clay,1st Round,3,Trungelliti M.,Medjedovic H.,Medjedovic H.,79.0,88.0,732.0,664.0,5-7 4-6
2026-04-13,Barcelona Open,ATP500,Clay,1st Round,3,Wawrinka S.,Norrie C.,Norrie C.,107.0,24.0,608.0,1778.0,4-6 7-6 4-6
2026-04-14,BMW Open,ATP500,Clay,1st Round,3,Bublik A.,Molcan A.,Molcan A.,11.0,166.0,3445.0,376.0,4-6 2-6
2026-04-14,BMW Open,ATP500,Clay,1st Round,3,Cilic M.,Altmaier D.,Altmaier D.,48.0,56.0,950.0,880.0,2-6 3-6
2026-04-14,BMW Open,ATP500,Clay,1st Round,3,Darderi L.,Zhang Zh.,Darderi L.,21.0,242.0,1920.0,230.0,7-6 3-6 6-1
2026-04-14,BMW Open,ATP500,Clay,1st Round,3,Dedura D.,Cobolli F.,Cobolli F.,258.0,16.0,210.0,2320.0,4-6 5-7
2026-04-14,BMW Open,ATP500,Clay,1st Round,3,Engel J.,Kopriva V.,Kopriva V.,184.0,77.0,323.0,738.0,3-6 7-5 2-6
2026-04-14,BMW Open,ATP500,Clay,1st Round,3,Fonseca J.,Tabilo A.,Fonseca J.,35.0,45.0,1315.0,1068.0,7-6 6-3
2026-04-14,BMW Open,ATP500,Clay,1st Round,3,Kecmanovic M.,Zverev A.,Zverev A.,58.0,3.0,875.0,5555.0,3-6 6-3 6-7
2026-04-14,BMW Open,ATP500,Clay,1st Round,3,Shapovalov D.,Griekspoor T.,Shapovalov D.,39.0,32.0,1120.0,1430.0,6-4 3-6 6-2
2026-04-14,BMW Open,ATP500,Clay,1st Round,3,Topo M.,Bergs Z.,Bergs Z.,260.0,40.0,208.0,1110.0,1-6 4-6
2026-04-14,Barcelona Open,ATP500,Clay,1st Round,3,Alcaraz C.,Virtanen O.,Alcaraz C.,2.0,130.0,13240.0,487.0,6-4 6-2
2026-04-14,Barcelona Open,ATP500,Clay,1st Round,3,Baez S.,Machac T.,Machac T.,57.0,47.0,880.0,980.0,6-2 4-6 1-6
2026-04-14,Barcelona Open,ATP500,Clay,1st Round,3,Cerundolo J.M.,Nakashima B.,Nakashima B.,69.0,33.0,803.0,1385.0,3-6 5-7
2026-04-14,Barcelona Open,ATP500,Clay,1st Round,3,Fils A.,Atmane T.,Fils A.,30.0,41.0,1440.0,1108.0,4-6 6-4 7-6
2026-04-14,Barcelona Open,ATP500,Clay,1st Round,3,Khachanov K.,Ugo Carabelli C.,Ugo Carabelli C.,14.0,64.0,2410.0,825.0,3-6 4-6
2026-04-14,Barcelona Open,ATP500,Clay,1st Round,3,Musetti L.,Landaluce M.,Musetti L.,9.0,101.0,3625.0,634.0,7-5 6-2
2026-04-14,Barcelona Open,ATP500,Clay,1st Round,3,Navone M.,Rublev A.,Rublev A.,44.0,15.0,1085.0,2350.0,4-6 5-7
2026-04-14,Barcelona Open,ATP500,Clay,1st Round,3,Ofner S.,De Minaur A.,De Minaur A.,86.0,7.0,673.0,3895.0,6-7 4-6
2026-04-14,Barcelona Open,ATP500,Clay,1st Round,3,Sonego L.,Martinez P.,Sonego L.,66.0,125.0,810.0,496.0,6-2 2-6 6-4
2026-04-15,BMW Open,ATP500,Clay,1st Round,3,Marozsan F.,Tsitsipas S.,Marozsan F.,42.0,67.0,1105.0,805.0,3-6 7-6 6-4
2026-04-15,BMW Open,ATP500,Clay,2nd Round,3,Bergs Z.,Cobolli F.,Cobolli F.,40.0,16.0,1110.0,2320.0,2-6 3-6
2026-04-15,BMW Open,ATP500,Clay,2nd Round,3,Blockx A.,Shelton B.,Shelton B.,71.0,6.0,772.0,3900.0,4-6 6-7
2026-04-15,BMW Open,ATP500,Clay,2nd Round,3,Fonseca J.,Rinderknech A.,Fonseca J.,35.0,26.0,1315.0,1676.0,6-3 6-2
2026-04-15,BMW Open,ATP500,Clay,2nd Round,3,Kopriva V.,Darderi L.,Kopriva V.,77.0,21.0,738.0,1920.0,2-6 6-4 6-1
2026-04-15,Barcelona Open,ATP500,Clay,2nd Round,3,De Minaur A.,Medjedovic H.,Medjedovic H.,7.0,88.0,3895.0,664.0,3-6 4-6
2026-04-15,Barcelona Open,ATP500,Clay,2nd Round,3,Etcheverry T.,Borges N.,Borges N.,29.0,52.0,1590.0,895.0,3-6 6-7
2026-04-15,Barcelona Open,ATP500,Clay,2nd Round,3,Quinn E.,Norrie C.,Norrie C.,50.0,24.0,927.0,1778.0,3-6 6-4 4-6
2026-04-15,Barcelona Open,ATP500,Clay,2nd Round,3,Ugo Carabelli C.,Jodar R.,Jodar R.,64.0,55.0,825.0,886.0,3-6 3-6
2026-04-16,BMW Open,ATP500,Clay,2nd Round,3,Altmaier D.,Molcan A.,Molcan A.,56.0,166.0,880.0,376.0,4-6 6-7
2026-04-16,BMW Open,ATP500,Clay,2nd Round,3,Marozsan F.,Shapovalov D.,Shapovalov D.,42.0,39.0,1105.0,1120.0,6-7 2-6
2026-04-16,BMW Open,ATP500,Clay,2nd Round,3,Van De Zandschulp B.,Cerundolo F.,Cerundolo F.,49.0,19.0,931.0,2020.0,3-6 0-6
2026-04-16,BMW Open,ATP500,Clay,2nd Round,3,Zverev A.,Diallo G.,Zverev A.,3.0,37.0,5555.0,1175.0,6-1 6-2
2026-04-16,Barcelona Open,ATP500,Clay,2nd Round,3,Moutet C.,Musetti L.,Musetti L.,31.0,9.0,1433.0,3625.0,3-6 4-6
2026-04-16,Barcelona Open,ATP500,Clay,2nd Round,3,Nakashima B.,Fils A.,Fils A.,33.0,30.0,1385.0,1440.0,2-6 3-6
2026-04-16,Barcelona Open,ATP500,Clay,2nd Round,3,Rublev A.,Sonego L.,Rublev A.,15.0,66.0,2350.0,810.0,6-2 6-3
2026-04-17,BMW Open,ATP500,Clay,Quarterfinals,3,Fonseca J.,Shelton B.,Shelton B.,35.0,6.0,1315.0,3900.0,3-6 6-3 3-6
2026-04-17,BMW Open,ATP500,Clay,Quarterfinals,3,Kopriva V.,Cobolli F.,Cobolli F.,77.0,16.0,738.0,2320.0,3-6 2-6
2026-04-17,BMW Open,ATP500,Clay,Quarterfinals,3,Shapovalov D.,Molcan A.,Molcan A.,39.0,166.0,1120.0,376.0,4-6 4-6
2026-04-17,BMW Open,ATP500,Clay,Quarterfinals,3,Zverev A.,Cerundolo F.,Zverev A.,3.0,19.0,5555.0,2020.0,5-7 6-0 6-2
2026-04-17,Barcelona Open,ATP500,Clay,Quarterfinals,3,Jodar R.,Norrie C.,Jodar R.,55.0,24.0,886.0,1778.0,6-3 6-2
2026-04-17,Barcelona Open,ATP500,Clay,Quarterfinals,3,Medjedovic H.,Borges N.,Medjedovic H.,88.0,52.0,664.0,895.0,7-6 6-2
2026-04-17,Barcelona Open,ATP500,Clay,Quarterfinals,3,Musetti L.,Fils A.,Fils A.,9.0,30.0,3625.0,1440.0,3-6 4-6
2026-04-17,Barcelona Open,ATP500,Clay,Quarterfinals,3,Rublev A.,Machac T.,Rublev A.,15.0,47.0,2350.0,980.0,6-4 6-3
2026-04-18,BMW Open,ATP500,Clay,Semifinals,3,Shelton B.,Molcan A.,Shelton B.,6.0,166.0,3900.0,376.0,6-3 6-4
2026-04-18,BMW Open,ATP500,Clay,Semifinals,3,Zverev A.,Cobolli F.,Cobolli F.,3.0,16.0,5555.0,2320.0,3-6 3-6
2026-04-18,Barcelona Open,ATP500,Clay,Semifinals,3,Jodar R.,Fils A.,Fils A.,55.0,30.0,886.0,1440.0,6-3 3-6 2-6
2026-04-18,Barcelona Open,ATP500,Clay,Semifinals,3,Medjedovic H.,Rublev A.,Rublev A.,88.0,15.0,664.0,2350.0,6-3 2-6 2-6
2026-04-19,BMW Open,ATP500,Clay,The Final,3,Shelton B.,Cobolli F.,Shelton B.,6.0,16.0,3900.0,2320.0,6-2 7-5
2026-04-19,Barcelona Open,ATP500,Clay,The Final,3,Rublev A.,Fils A.,Fils A.,15.0,30.0,2350.0,1440.0,2-6 6-7
2026-04-22,Mutua Madrid Open,Masters 1000,Clay,1st Round,3,Basilashvili N.,Ofner S.,Ofner S.,120.0,83.0,516.0,698.0,6-7 6-7
2026-04-22,Mutua Madrid Open,Masters 1000,Clay,1st Round,3,Bellucci M.,Dzumhur D.,Dzumhur D.,78.0,84.0,734.0,694.0,2-6 4-6
2026-04-22,Mutua Madrid Open,Masters 1000,Clay,1st Round,3,Bergs Z.,Cilic M.,Cilic M.,44.0,51.0,1060.0,950.0,6-4 3-6 4-6
2026-04-22,Mutua Madrid Open,Masters 1000,Clay,1st Round,3,Berrettini M.,Prizmic D.,Prizmic D.,92.0,87.0,650.0,670.0,3-6 4-6
2026-04-22,Mutua Madrid Open,Masters 1000,Clay,1st Round,3,Comesana F.,Machac T.,Machac T.,105.0,41.0,610.0,1080.0,6-3 6-7 3-6
2026-04-22,Mutua Madrid Open,Masters 1000,Clay,1st Round,3,Droguet T.,Bonzi B.,Bonzi B.,113.0,104.0,571.0,616.0,7-6 6-7 4-6
2026-04-22,Mutua Madrid Open,Masters 1000,Clay,1st Round,3,Faria J.,Hurkacz H.,Hurkacz H.,136.0,63.0,459.0,845.0,3-6 3-6
2026-04-22,Mutua Madrid Open,Masters 1000,Clay,1st Round,3,Jodar R.,De Jong J.,Jodar R.,42.0,109.0,1080.0,588.0,2-6 7-5 6-4
2026-04-22,Mutua Madrid Open,Masters 1000,Clay,1st Round,3,Kopriva V.,Zhang Zh.,Kopriva V.,66.0,245.0,826.0,230.0,6-2 6-0
2026-04-22,Mutua Madrid Open,Masters 1000,Clay,1st Round,3,Lajovic D.,Sonego L.,Lajovic D.,138.0,62.0,451.0,850.0,6-3 7-6
2026-04-22,Mutua Madrid Open,Masters 1000,Clay,1st Round,3,Mannarino A.,Buse I.,Buse I.,46.0,58.0,1025.0,864.0,4-6 2-6
2026-04-22,Mutua Madrid Open,Masters 1000,Clay,1st Round,3,Moller E.,Cina F.,Moller E.,169.0,205.0,364.0,285.0,6-4 7-6
2026-04-22,Mutua Madrid Open,Masters 1000,Clay,1st Round,3,Nava E.,Brooksby J.,Nava E.,116.0,61.0,549.0,852.0,6-3 7-5
2026-04-22,Mutua Madrid Open,Masters 1000,Clay,1st Round,3,Struff J.L.,Muller A.,Struff J.L.,81.0,95.0,709.0,641.0,7-6 6-0
2026-04-22,Mutua Madrid Open,Masters 1000,Clay,1st Round,3,Tabilo A.,Royer V.,Tabilo A.,43.0,72.0,1068.0,794.0,6-2 6-4
2026-04-22,Mutua Madrid Open,Masters 1000,Clay,1st Round,3,Tirante T.A.,Bautista Agut R.,Tirante T.A.,75.0,93.0,765.0,649.0,6-2 6-4
2026-04-23,Mutua Madrid Open,Masters 1000,Clay,1st Round,3,Altmaier D.,Cerundolo J.M.,Cerundolo J.M.,55.0,67.0,880.0,816.0,4-6 4-6
2026-04-23,Mutua Madrid Open,Masters 1000,Clay,1st Round,3,Atmane T.,Kecmanovic M.,Atmane T.,47.0,65.0,983.0,835.0,6-4 7-5
2026-04-23,Mutua Madrid Open,Masters 1000,Clay,1st Round,3,Baez S.,Gaubas V.,Gaubas V.,64.0,124.0,840.0,503.0,5-7 1-6
2026-04-23,Mutua Madrid Open,Masters 1000,Clay,1st Round,3,Blockx A.,Garin C.,Blockx A.,69.0,85.0,814.0,679.0,4-6 7-5 7-5
2026-04-23,Mutua Madrid Open,Masters 1000,Clay,1st Round,3,Carreno Busta P.,Fucsovics M.,Carreno Busta P.,94.0,54.0,646.0,887.0,4-6 7-6 6-2
2026-04-23,Mutua Madrid Open,Masters 1000,Clay,1st Round,3,Dimitrov G.,Vallejo D.,Vallejo D.,137.0,96.0,455.0,640.0,4-6 4-6
2026-04-23,Mutua Madrid Open,Masters 1000,Clay,1st Round,3,Hanfmann Y.,Giron M.,Hanfmann Y.,60.0,76.0,857.0,750.0,6-4 6-7 7-5
2026-04-23,Mutua Madrid Open,Masters 1000,Clay,1st Round,3,Marozsan F.,Quinn E.,Marozsan F.,50.0,48.0,955.0,977.0,7-6 7-6
2026-04-23,Mutua Madrid Open,Masters 1000,Clay,1st Round,3,Munar J.,Shevchenko A.,Munar J.,38.0,82.0,1135.0,704.0,6-4 6-1
2026-04-23,Mutua Madrid Open,Masters 1000,Clay,1st Round,3,Navone M.,Borges N.,Navone M.,45.0,49.0,1055.0,970.0,6-3 6-4
2026-04-23,Mutua Madrid Open,Masters 1000,Clay,1st Round,3,Popyrin A.,Damm M.,Damm M.,56.0,126.0,870.0,499.0,6-7 4-6
2026-04-23,Mutua Madrid Open,Masters 1000,Clay,1st Round,3,Trungelliti M.,Merida Aguilar D.,Merida Aguilar D.,77.0,102.0,737.0,632.0,4-6 6-1 6-7
2026-04-23,Mutua Madrid Open,Masters 1000,Clay,1st Round,3,Tsitsipas S.,Kypson P.,Tsitsipas S.,80.0,90.0,715.0,653.0,3-6 7-6 7-6
2026-04-23,Mutua Madrid Open,Masters 1000,Clay,1st Round,3,Ugo Carabelli C.,Monfils G.,Ugo Carabelli C.,57.0,200.0,865.0,290.0,6-3 6-4
2026-04-23,Mutua Madrid Open,Masters 1000,Clay,1st Round,3,Walton A.,Landaluce M.,Walton A.,117.0,99.0,547.0,634.0,6-2 6-3
2026-04-24,Mutua Madrid Open,Masters 1000,Clay,2nd Round,3,Bonzi B.,Sinner J.,Sinner J.,104.0,1.0,616.0,13350.0,7-6 1-6 4-6
2026-04-24,Mutua Madrid Open,Masters 1000,Clay,2nd Round,3,Buse I.,Fils A.,Fils A.,58.0,25.0,864.0,1740.0,7-6 6-7 5-7
2026-04-24,Mutua Madrid Open,Masters 1000,Clay,2nd Round,3,De Minaur A.,Jodar R.,Jodar R.,8.0,42.0,3845.0,1080.0,3-6 1-6
2026-04-24,Mutua Madrid Open,Masters 1000,Clay,2nd Round,3,Etcheverry T.,Ofner S.,Etcheverry T.,29.0,83.0,1590.0,698.0,6-4 6-4
2026-04-24,Mutua Madrid Open,Masters 1000,Clay,2nd Round,3,Griekspoor T.,Dzumhur D.,Griekspoor T.,33.0,84.0,1340.0,694.0,6-3 6-4
2026-04-24,Mutua Madrid Open,Masters 1000,Clay,2nd Round,3,Hurkacz H.,Musetti L.,Musetti L.,63.0,9.0,845.0,3715.0,4-6 6-7
2026-04-24,Mutua Madrid Open,Masters 1000,Clay,2nd Round,3,Nava E.,Vacherot V.,Nava E.,116.0,17.0,549.0,2168.0,6-7 7-6 6-3
2026-04-24,Mutua Madrid Open,Masters 1000,Clay,2nd Round,3,Norrie C.,Machac T.,Norrie C.,23.0,41.0,1868.0,1080.0,6-2 6-7 7-6
2026-04-24,Mutua Madrid Open,Masters 1000,Clay,2nd Round,3,Paul T.,Tirante T.A.,Tirante T.A.,18.0,75.0,2065.0,765.0,5-7 4-6
2026-04-24,Mutua Madrid Open,Masters 1000,Clay,2nd Round,3,Prizmic D.,Shelton B.,Prizmic D.,87.0,6.0,670.0,4070.0,6-4 6-7 7-6
2026-04-24,Mutua Madrid Open,Masters 1000,Clay,2nd Round,3,Rinderknech A.,Lajovic D.,Rinderknech A.,26.0,138.0,1716.0,451.0,6-3 6-2
2026-04-24,Mutua Madrid Open,Masters 1000,Clay,2nd Round,3,Rublev A.,Kopriva V.,Kopriva V.,12.0,66.0,2630.0,826.0,3-6 4-6
2026-04-24,Mutua Madrid Open,Masters 1000,Clay,2nd Round,3,Struff J.L.,Michelsen A.,Michelsen A.,81.0,37.0,709.0,1200.0,2-6 1-6
2026-04-24,Mutua Madrid Open,Masters 1000,Clay,2nd Round,3,Tabilo A.,Lehecka J.,Lehecka J.,43.0,14.0,1068.0,2540.0,6-3 6-7 4-6
2026-04-25,Mutua Madrid Open,Masters 1000,Clay,2nd Round,3,Blockx A.,Nakashima B.,Blockx A.,69.0,32.0,814.0,1385.0,3-6 6-3 6-4
2026-04-25,Mutua Madrid Open,Masters 1000,Clay,2nd Round,3,Budkov Kjaer N.,Shapovalov D.,Budkov Kjaer N.,140.0,35.0,451.0,1210.0,6-2 6-1
2026-04-25,Mutua Madrid Open,Masters 1000,Clay,2nd Round,3,Carreno Busta P.,Davidovich Fokina A.,Davidovich Fokina A.,94.0,24.0,646.0,1820.0,3-6 3-6
2026-04-25,Mutua Madrid Open,Masters 1000,Clay,2nd Round,3,Cerundolo J.M.,Darderi L.,Darderi L.,67.0,22.0,816.0,1870.0,1-6 3-6
2026-04-25,Mutua Madrid Open,Masters 1000,Clay,2nd Round,3,Damm M.,Mensik J.,Mensik J.,126.0,27.0,499.0,1700.0,3-6 4-6
2026-04-25,Mutua Madrid Open,Masters 1000,Clay,2nd Round,3,Gaubas V.,Auger-Aliassime F.,Auger-Aliassime F.,124.0,5.0,503.0,4100.0,3-6 4-6
2026-04-25,Mutua Madrid Open,Masters 1000,Clay,2nd Round,3,Hanfmann Y.,Cerundolo F.,Cerundolo F.,60.0,20.0,857.0,1920.0,1-6 5-7
2026-04-25,Mutua Madrid Open,Masters 1000,Clay,2nd Round,3,Humbert U.,Atmane T.,Atmane T.,34.0,47.0,1320.0,983.0,6-7 6-7
2026-04-25,Mutua Madrid Open,Masters 1000,Clay,2nd Round,3,Khachanov K.,Walton A.,Khachanov K.,16.0,117.0,2220.0,547.0,6-2 6-3
2026-04-25,Mutua Madrid Open,Masters 1000,Clay,2nd Round,3,Marozsan F.,Medvedev D.,Medvedev D.,50.0,10.0,955.0,3560.0,2-6 7-6 4-6
2026-04-25,Mutua Madrid Open,Masters 1000,Clay,2nd Round,3,Merida Aguilar D.,Moutet C.,Merida Aguilar D.,102.0,30.0,632.0,1433.0,6-3 6-4
2026-04-25,Mutua Madrid Open,Masters 1000,Clay,2nd Round,3,Ruud C.,Munar J.,Ruud C.,15.0,38.0,2535.0,1135.0,6-0 6-1
2026-04-25,Mutua Madrid Open,Masters 1000,Clay,2nd Round,3,Tien L.,Vallejo D.,Vallejo D.,21.0,96.0,1885.0,640.0,4-6 3-6
2026-04-25,Mutua Madrid Open,Masters 1000,Clay,2nd Round,3,Tsitsipas S.,Bublik A.,Tsitsipas S.,80.0,11.0,715.0,3445.0,6-2 7-5
2026-04-25,Mutua Madrid Open,Masters 1000,Clay,2nd Round,3,Ugo Carabelli C.,Cobolli F.,Cobolli F.,57.0,13.0,865.0,2600.0,7-6 1-6 4-6
2026-04-25,Mutua Madrid Open,Masters 1000,Clay,2nd Round,3,Zverev A.,Navone M.,Zverev A.,3.0,45.0,5255.0,1055.0,6-1 3-6 6-3
2026-04-26,Mutua Madrid Open,Masters 1000,Clay,3rd Round,3,Etcheverry T.,Prizmic D.,Etcheverry T.,29.0,87.0,1590.0,670.0,2-6 6-4 6-3
2026-04-26,Mutua Madrid Open,Masters 1000,Clay,3rd Round,3,Fils A.,Nava E.,Fils A.,25.0,116.0,1740.0,549.0,7-6 6-3
2026-04-26,Mutua Madrid Open,Masters 1000,Clay,3rd Round,3,Fonseca J.,Jodar R.,Jodar R.,31.0,42.0,1415.0,1080.0,6-7 6-4 1-6
2026-04-26,Mutua Madrid Open,Masters 1000,Clay,3rd Round,3,Michelsen A.,Lehecka J.,Lehecka J.,37.0,14.0,1200.0,2540.0,4-6 2-6
2026-04-26,Mutua Madrid Open,Masters 1000,Clay,3rd Round,3,Musetti L.,Griekspoor T.,Musetti L.,9.0,33.0,3715.0,1340.0,6-4 7-5
2026-04-26,Mutua Madrid Open,Masters 1000,Clay,3rd Round,3,Sinner J.,Moller E.,Sinner J.,1.0,169.0,13350.0,364.0,6-2 6-3
2026-04-26,Mutua Madrid Open,Masters 1000,Clay,3rd Round,3,Tirante T.A.,Norrie C.,Norrie C.,75.0,23.0,765.0,1868.0,5-7 6-7
2026-04-27,Mutua Madrid Open,Masters 1000,Clay,3rd Round,3,Blockx A.,Auger-Aliassime F.,Blockx A.,69.0,5.0,814.0,4100.0,7-6 6-3
2026-04-27,Mutua Madrid Open,Masters 1000,Clay,3rd Round,3,Cobolli F.,Vallejo D.,Cobolli F.,13.0,96.0,2600.0,640.0,6-3 6-2
2026-04-27,Mutua Madrid Open,Masters 1000,Clay,3rd Round,3,Darderi L.,Cerundolo F.,Cerundolo F.,22.0,20.0,1870.0,1920.0,2-6 3-6
2026-04-27,Mutua Madrid Open,Masters 1000,Clay,3rd Round,3,Khachanov K.,Mensik J.,Mensik J.,16.0,27.0,2220.0,1700.0,4-6 6-7
2026-04-27,Mutua Madrid Open,Masters 1000,Clay,3rd Round,3,Medvedev D.,Budkov Kjaer N.,Medvedev D.,10.0,140.0,3560.0,451.0,6-3 6-2
2026-04-27,Mutua Madrid Open,Masters 1000,Clay,3rd Round,3,Ruud C.,Davidovich Fokina A.,Ruud C.,15.0,24.0,2535.0,1820.0,6-3 6-1
2026-04-27,Mutua Madrid Open,Masters 1000,Clay,3rd Round,3,Tsitsipas S.,Merida Aguilar D.,Tsitsipas S.,80.0,102.0,715.0,632.0,6-4 6-2
2026-04-27,Mutua Madrid Open,Masters 1000,Clay,3rd Round,3,Zverev A.,Atmane T.,Zverev A.,3.0,47.0,5255.0,983.0,6-3 7-6
2026-04-28,Mutua Madrid Open,Masters 1000,Clay,4th Round,3,Blockx A.,Cerundolo F.,Blockx A.,69.0,20.0,814.0,1920.0,7-6 6-2
2026-04-28,Mutua Madrid Open,Masters 1000,Clay,4th Round,3,Etcheverry T.,Fils A.,Fils A.,29.0,25.0,1590.0,1740.0,3-6 4-6
2026-04-28,Mutua Madrid Open,Masters 1000,Clay,4th Round,3,Jodar R.,Kopriva V.,Jodar R.,42.0,66.0,1080.0,826.0,7-5 6-0
2026-04-28,Mutua Madrid Open,Masters 1000,Clay,4th Round,3,Medvedev D.,Cobolli F.,Cobolli F.,10.0,13.0,3560.0,2600.0,3-6 7-5 4-6
2026-04-28,Mutua Madrid Open,Masters 1000,Clay,4th Round,3,Musetti L.,Lehecka J.,Lehecka J.,9.0,14.0,3715.0,2540.0,3-6 3-6
2026-04-28,Mutua Madrid Open,Masters 1000,Clay,4th Round,3,Norrie C.,Sinner J.,Sinner J.,23.0,1.0,1868.0,13350.0,2-6 5-7
2026-04-28,Mutua Madrid Open,Masters 1000,Clay,4th Round,3,Ruud C.,Tsitsipas S.,Ruud C.,15.0,80.0,2535.0,715.0,6-7 7-6 7-6
2026-04-28,Mutua Madrid Open,Masters 1000,Clay,4th Round,3,Zverev A.,Mensik J.,Zverev A.,3.0,27.0,5255.0,1700.0,6-4 6-7 6-3
2026-04-29,Mutua Madrid Open,Masters 1000,Clay,Quarterfinals,3,Fils A.,Lehecka J.,Fils A.,25.0,14.0,1740.0,2540.0,6-3 6-4
2026-04-29,Mutua Madrid Open,Masters 1000,Clay,Quarterfinals,3,Sinner J.,Jodar R.,Sinner J.,1.0,42.0,13350.0,1080.0,6-2 7-6
2026-04-30,Mutua Madrid Open,Masters 1000,Clay,Quarterfinals,3,Blockx A.,Ruud C.,Blockx A.,69.0,15.0,814.0,2535.0,6-4 6-4
2026-04-30,Mutua Madrid Open,Masters 1000,Clay,Quarterfinals,3,Cobolli F.,Zverev A.,Zverev A.,13.0,3.0,2600.0,5255.0,1-6 4-6
2026-05-01,Mutua Madrid Open,Masters 1000,Clay,Semifinals,3,Sinner J.,Fils A.,Sinner J.,1.0,25.0,13350.0,1740.0,6-2 6-4
2026-05-01,Mutua Madrid Open,Masters 1000,Clay,Semifinals,3,Zverev A.,Blockx A.,Zverev A.,3.0,69.0,5255.0,814.0,6-2 7-5
2026-05-03,Mutua Madrid Open,Masters 1000,Clay,The Final,3,Sinner J.,Zverev A.,Sinner J.,1.0,3.0,13350.0,5255.0,6-1 6-2
2026-05-06,Internazionali BNL d'Italia,Masters 1000,Clay,1st Round,3,Altmaier D.,Zhang Zh.,Altmaier D.,64.0,239.0,860.0,240.0,4-6 7-6 6-4
2026-05-06,Internazionali BNL d'Italia,Masters 1000,Clay,1st Round,3,Brooksby J.,Baez S.,Baez S.,63.0,65.0,862.0,840.0,3-6 6-7
2026-05-06,Internazionali BNL d'Italia,Masters 1000,Clay,1st Round,3,Comesana F.,Struff J.L.,Struff J.L.,114.0,302.0,570.0,216.0,2-6 4-6
2026-05-06,Internazionali BNL d'Italia,Masters 1000,Clay,1st Round,3,De Jong J.,Borges N.,Borges N.,102.0,52.0,610.0,950.0,3-6 0-6
2026-05-06,Internazionali BNL d'Italia,Masters 1000,Clay,1st Round,3,Dzumhur D.,Mannarino A.,Dzumhur D.,87.0,45.0,674.0,1035.0,6-4 6-0
2026-05-06,Internazionali BNL d'Italia,Masters 1000,Clay,1st Round,3,Hanfmann Y.,Hurkacz H.,Hanfmann Y.,59.0,53.0,879.0,930.0,6-7 7-6 6-2
2026-05-06,Internazionali BNL d'Italia,Masters 1000,Clay,1st Round,3,Kopriva V.,Marozsan F.,Kopriva V.,55.0,49.0,896.0,975.0,6-3 6-3
2026-05-06,Internazionali BNL d'Italia,Masters 1000,Clay,1st Round,3,Kypson P.,Vukic A.,Vukic A.,89.0,99.0,669.0,626.0,3-6 7-5 0-6
2026-05-06,Internazionali BNL d'Italia,Masters 1000,Clay,1st Round,3,Munar J.,Arnaldi M.,Arnaldi M.,38.0,106.0,1155.0,596.0,3-6 6-3 3-6
2026-05-06,Internazionali BNL d'Italia,Masters 1000,Clay,1st Round,3,Tabilo A.,Carreno Busta P.,Tabilo A.,35.0,91.0,1248.0,663.0,6-2 6-1
2026-05-06,Internazionali BNL d'Italia,Masters 1000,Clay,1st Round,3,Trungelliti M.,Svajda Z.,Svajda Z.,78.0,90.0,743.0,666.0,6-0 4-6 6-7
2026-05-06,Internazionali BNL d'Italia,Masters 1000,Clay,1st Round,3,Ugo Carabelli C.,Shevchenko A.,Shevchenko A.,61.0,85.0,865.0,698.0,3-6 6-4 6-7
2026-05-06,Internazionali BNL d'Italia,Masters 1000,Clay,1st Round,3,Van De Zandschulp B.,Muller A.,Van De Zandschulp B.,54.0,105.0,898.0,601.0,7-5 6-3
2026-05-07,Internazionali BNL d'Italia,Masters 1000,Clay,1st Round,3,Bellucci M.,Burruchaga R.,Bellucci M.,80.0,56.0,737.0,885.0,6-4 6-4
2026-05-07,Internazionali BNL d'Italia,Masters 1000,Clay,1st Round,3,Bergs Z.,Atmane T.,Atmane T.,39.0,51.0,1140.0,958.0,3-6 4-6
2026-05-07,Internazionali BNL d'Italia,Masters 1000,Clay,1st Round,3,Berrettini M.,Popyrin A.,Popyrin A.,100.0,60.0,625.0,870.0,2-6 3-6
2026-05-07,Internazionali BNL d'Italia,Masters 1000,Clay,1st Round,3,Blockx A.,Cina F.,Blockx A.,36.0,225.0,1200.0,255.0,4-6 6-1 6-3
2026-05-07,Internazionali BNL d'Italia,Masters 1000,Clay,1st Round,3,Cadenasso G.,Tirante T.A.,Tirante T.A.,196.0,69.0,297.0,801.0,7-6 4-6 0-6
2026-05-07,Internazionali BNL d'Italia,Masters 1000,Clay,1st Round,3,Garin C.,Cerundolo J.M.,Garin C.,104.0,72.0,602.0,776.0,7-6 7-5
2026-05-07,Internazionali BNL d'Italia,Masters 1000,Clay,1st Round,3,Giron M.,Cilic M.,Cilic M.,77.0,47.0,745.0,980.0,5-7 4-6
2026-05-07,Internazionali BNL d'Italia,Masters 1000,Clay,1st Round,3,Kecmanovic M.,Svrcina D.,Kecmanovic M.,70.0,116.0,795.0,547.0,6-2 6-3
2026-05-07,Internazionali BNL d'Italia,Masters 1000,Clay,1st Round,3,Llamas Ruiz P.,Quinn E.,Llamas Ruiz P.,139.0,48.0,448.0,977.0,6-3 5-7 6-3
2026-05-07,Internazionali BNL d'Italia,Masters 1000,Clay,1st Round,3,Maestrelli F.,Bautista Agut R.,Bautista Agut R.,112.0,98.0,575.0,629.0,3-6 6-7
2026-05-07,Internazionali BNL d'Italia,Masters 1000,Clay,1st Round,3,Merida Aguilar D.,Basilashvili N.,Basilashvili N.,86.0,117.0,696.0,539.0,4-6 6-2 3-6
2026-05-07,Internazionali BNL d'Italia,Masters 1000,Clay,1st Round,3,Mpetshi G.,Fearnley J.,Mpetshi G.,58.0,123.0,880.0,523.0,7-6 4-6 6-2
2026-05-07,Internazionali BNL d'Italia,Masters 1000,Clay,1st Round,3,Navone M.,Shapovalov D.,Navone M.,44.0,37.0,1046.0,1170.0,6-4 6-2
2026-05-07,Internazionali BNL d'Italia,Masters 1000,Clay,1st Round,3,Ofner S.,Michelsen A.,Ofner S.,82.0,42.0,711.0,1090.0,6-3 6-3
2026-05-07,Internazionali BNL d'Italia,Masters 1000,Clay,1st Round,3,Pellegrino A.,Nardi L.,Pellegrino A.,155.0,151.0,393.0,409.0,4-6 6-3 6-3
2026-05-07,Internazionali BNL d'Italia,Masters 1000,Clay,1st Round,3,Prizmic D.,Fucsovics M.,Prizmic D.,79.0,57.0,740.0,884.0,6-4 6-3
2026-05-07,Internazionali BNL d'Italia,Masters 1000,Clay,1st Round,3,Royer V.,Medjedovic H.,Medjedovic H.,71.0,67.0,788.0,804.0,4-6 3-6
2026-05-07,Internazionali BNL d'Italia,Masters 1000,Clay,1st Round,3,Sonego L.,Buse I.,Buse I.,66.0,62.0,830.0,863.0,3-6 3-6
2026-05-07,Internazionali BNL d'Italia,Masters 1000,Clay,1st Round,3,Tsitsipas S.,Machac T.,Machac T.,75.0,41.0,765.0,1100.0,4-6 6-7
2026-05-08,Internazionali BNL d'Italia,Masters 1000,Clay,2nd Round,3,Altmaier D.,Zverev A.,Zverev A.,64.0,3.0,860.0,5805.0,5-7 3-6
2026-05-08,Internazionali BNL d'Italia,Masters 1000,Clay,2nd Round,3,Arnaldi M.,De Minaur A.,Arnaldi M.,106.0,8.0,596.0,3755.0,4-6 7-6 6-4
2026-05-08,Internazionali BNL d'Italia,Masters 1000,Clay,2nd Round,3,Baez S.,Bublik A.,Bublik A.,65.0,11.0,840.0,3355.0,1-6 2-6
2026-05-08,Internazionali BNL d'Italia,Masters 1000,Clay,2nd Round,3,Borges N.,Jodar R.,Jodar R.,52.0,34.0,950.0,1273.0,6-7 4-6
2026-05-08,Internazionali BNL d'Italia,Masters 1000,Clay,2nd Round,3,Djokovic N.,Prizmic D.,Prizmic D.,4.0,79.0,4700.0,740.0,6-2 2-6 4-6
2026-05-08,Internazionali BNL d'Italia,Masters 1000,Clay,2nd Round,3,Dzumhur D.,Tien L.,Tien L.,87.0,21.0,674.0,1870.0,2-6 1-6
2026-05-08,Internazionali BNL d'Italia,Masters 1000,Clay,2nd Round,3,Griekspoor T.,Blockx A.,Blockx A.,31.0,36.0,1360.0,1200.0,7-6 3-6 4-6
2026-05-08,Internazionali BNL d'Italia,Masters 1000,Clay,2nd Round,3,Hanfmann Y.,Darderi L.,Darderi L.,59.0,20.0,879.0,1890.0,4-6 4-6
2026-05-08,Internazionali BNL d'Italia,Masters 1000,Clay,2nd Round,3,Humbert U.,Kopriva V.,Humbert U.,33.0,55.0,1280.0,896.0,6-3 6-2
2026-05-08,Internazionali BNL d'Italia,Masters 1000,Clay,2nd Round,3,Mpetshi G.,Musetti L.,Musetti L.,58.0,10.0,880.0,3415.0,4-6 4-6
2026-05-08,Internazionali BNL d'Italia,Masters 1000,Clay,2nd Round,3,Ruud C.,Svajda Z.,Ruud C.,25.0,90.0,1735.0,666.0,6-1 6-3
2026-05-08,Internazionali BNL d'Italia,Masters 1000,Clay,2nd Round,3,Shevchenko A.,Khachanov K.,Khachanov K.,85.0,15.0,698.0,2220.0,4-6 4-6
2026-05-08,Internazionali BNL d'Italia,Masters 1000,Clay,2nd Round,3,Struff J.L.,Lehecka J.,Lehecka J.,302.0,13.0,216.0,2715.0,6-7 3-6
2026-05-08,Internazionali BNL d'Italia,Masters 1000,Clay,2nd Round,3,Tabilo A.,Cerundolo F.,Cerundolo F.,35.0,27.0,1248.0,1620.0,0-6 2-6
2026-05-08,Internazionali BNL d'Italia,Masters 1000,Clay,2nd Round,3,Van De Zandschulp B.,Kovacevic A.,Van De Zandschulp B.,54.0,95.0,898.0,639.0,2-6 6-2 7-6
2026-05-08,Internazionali BNL d'Italia,Masters 1000,Clay,2nd Round,3,Vukic A.,Paul T.,Paul T.,99.0,18.0,626.0,1975.0,4-6 2-6
2026-05-09,Internazionali BNL d'Italia,Masters 1000,Clay,2nd Round,3,Auger-Aliassime F.,Navone M.,Navone M.,5.0,44.0,4050.0,1046.0,6-7 6-7
2026-05-09,Internazionali BNL d'Italia,Masters 1000,Clay,2nd Round,3,Cobolli F.,Atmane T.,Cobolli F.,12.0,51.0,2750.0,958.0,7-6 6-3
2026-05-09,Internazionali BNL d'Italia,Masters 1000,Clay,2nd Round,3,Davidovich Fokina A.,Garin C.,Davidovich Fokina A.,23.0,104.0,1820.0,602.0,7-6 6-4
2026-05-09,Internazionali BNL d'Italia,Masters 1000,Clay,2nd Round,3,Etcheverry T.,Bellucci M.,Bellucci M.,26.0,80.0,1660.0,737.0,7-5 2-6 3-6
2026-05-09,Internazionali BNL d'Italia,Masters 1000,Clay,2nd Round,3,Landaluce M.,Cilic M.,Landaluce M.,94.0,47.0,639.0,980.0,6-4 6-4
2026-05-09,Internazionali BNL d'Italia,Masters 1000,Clay,2nd Round,3,Llamas Ruiz P.,Moutet C.,Llamas Ruiz P.,139.0,30.0,448.0,1413.0,6-4 3-6 7-6
2026-05-09,Internazionali BNL d'Italia,Masters 1000,Clay,2nd Round,3,Medjedovic H.,Fonseca J.,Medjedovic H.,67.0,29.0,804.0,1435.0,3-6 6-3 7-6
2026-05-09,Internazionali BNL d'Italia,Masters 1000,Clay,2nd Round,3,Nakashima B.,Bautista Agut R.,Nakashima B.,32.0,98.0,1295.0,629.0,6-4 6-0
2026-05-09,Internazionali BNL d'Italia,Masters 1000,Clay,2nd Round,3,Norrie C.,Tirante T.A.,Tirante T.A.,19.0,69.0,1918.0,801.0,3-6 5-7
2026-05-09,Internazionali BNL d'Italia,Masters 1000,Clay,2nd Round,3,Popyrin A.,Mensik J.,Popyrin A.,60.0,28.0,870.0,1600.0,6-3 2-6 6-4
2026-05-09,Internazionali BNL d'Italia,Masters 1000,Clay,2nd Round,3,Rublev A.,Kecmanovic M.,Rublev A.,14.0,70.0,2590.0,795.0,6-4 6-4
2026-05-09,Internazionali BNL d'Italia,Masters 1000,Clay,2nd Round,3,Shelton B.,Basilashvili N.,Basilashvili N.,6.0,117.0,4030.0,539.0,4-6 7-6 3-6
2026-05-09,Internazionali BNL d'Italia,Masters 1000,Clay,2nd Round,3,Sinner J.,Ofner S.,Sinner J.,1.0,82.0,14350.0,711.0,6-3 6-4
2026-05-09,Internazionali BNL d'Italia,Masters 1000,Clay,2nd Round,3,Tiafoe F.,Buse I.,Tiafoe F.,22.0,62.0,1865.0,863.0,6-7 6-3 6-2
2026-05-10,Internazionali BNL d'Italia,Masters 1000,Clay,3rd Round,3,Arnaldi M.,Jodar R.,Jodar R.,106.0,34.0,596.0,1273.0,1-6 6-4 3-6
2026-05-10,Internazionali BNL d'Italia,Masters 1000,Clay,3rd Round,3,Bublik A.,Tien L.,Tien L.,11.0,21.0,3355.0,1870.0,6-4 3-6 5-7
2026-05-10,Internazionali BNL d'Italia,Masters 1000,Clay,3rd Round,3,Cerundolo F.,Musetti L.,Musetti L.,27.0,10.0,1620.0,3415.0,6-7 4-6
2026-05-10,Internazionali BNL d'Italia,Masters 1000,Clay,3rd Round,3,Humbert U.,Prizmic D.,Prizmic D.,33.0,79.0,1280.0,740.0,1-6 5-7
2026-05-10,Internazionali BNL d'Italia,Masters 1000,Clay,3rd Round,3,Khachanov K.,Van De Zandschulp B.,Khachanov K.,15.0,54.0,2220.0,898.0,5-7 6-4 6-4
2026-05-10,Internazionali BNL d'Italia,Masters 1000,Clay,3rd Round,3,Lehecka J.,Ruud C.,Ruud C.,13.0,25.0,2715.0,1735.0,3-6 4-6
2026-05-10,Internazionali BNL d'Italia,Masters 1000,Clay,3rd Round,3,Paul T.,Darderi L.,Darderi L.,18.0,20.0,1975.0,1890.0,6-3 3-6 2-6
2026-05-10,Internazionali BNL d'Italia,Masters 1000,Clay,3rd Round,3,Zverev A.,Blockx A.,Zverev A.,3.0,36.0,5805.0,1200.0,6-1 6-4
2026-05-11,Internazionali BNL d'Italia,Masters 1000,Clay,3rd Round,3,Basilashvili N.,Nakashima B.,Basilashvili N.,117.0,32.0,539.0,1295.0,7-6 6-4
2026-05-11,Internazionali BNL d'Italia,Masters 1000,Clay,3rd Round,3,Bellucci M.,Landaluce M.,Landaluce M.,80.0,94.0,737.0,639.0,4-6 3-6
2026-05-11,Internazionali BNL d'Italia,Masters 1000,Clay,3rd Round,3,Cobolli F.,Tirante T.A.,Tirante T.A.,12.0,69.0,2750.0,801.0,3-6 4-6
2026-05-11,Internazionali BNL d'Italia,Masters 1000,Clay,3rd Round,3,Medjedovic H.,Navone M.,Medjedovic H.,67.0,44.0,804.0,1046.0,4-6 6-3 6-4
2026-05-11,Internazionali BNL d'Italia,Masters 1000,Clay,3rd Round,3,Medvedev D.,Llamas Ruiz P.,Medvedev D.,9.0,139.0,3460.0,448.0,3-6 6-4 6-2
2026-05-11,Internazionali BNL d'Italia,Masters 1000,Clay,3rd Round,3,Rublev A.,Davidovich Fokina A.,Rublev A.,14.0,23.0,2590.0,1820.0,6-4 6-4
2026-05-11,Internazionali BNL d'Italia,Masters 1000,Clay,3rd Round,3,Sinner J.,Popyrin A.,Sinner J.,1.0,60.0,14350.0,870.0,6-2 6-0
2026-05-11,Internazionali BNL d'Italia,Masters 1000,Clay,3rd Round,3,Tiafoe F.,Pellegrino A.,Pellegrino A.,22.0,155.0,1865.0,393.0,6-7 1-6
2026-05-12,Internazionali BNL d'Italia,Masters 1000,Clay,4th Round,3,Darderi L.,Zverev A.,Darderi L.,20.0,3.0,1890.0,5805.0,1-6 7-6 6-0
2026-05-12,Internazionali BNL d'Italia,Masters 1000,Clay,4th Round,3,Landaluce M.,Medjedovic H.,Landaluce M.,94.0,67.0,639.0,804.0,7-5 6-4
2026-05-12,Internazionali BNL d'Italia,Masters 1000,Clay,4th Round,3,Medvedev D.,Tirante T.A.,Medvedev D.,9.0,69.0,3460.0,801.0,6-3 6-2
2026-05-12,Internazionali BNL d'Italia,Masters 1000,Clay,4th Round,3,Musetti L.,Ruud C.,Ruud C.,10.0,25.0,3415.0,1735.0,3-6 1-6
2026-05-12,Internazionali BNL d'Italia,Masters 1000,Clay,4th Round,3,Pellegrino A.,Sinner J.,Sinner J.,155.0,1.0,393.0,14350.0,2-6 3-6
2026-05-12,Internazionali BNL d'Italia,Masters 1000,Clay,4th Round,3,Prizmic D.,Khachanov K.,Khachanov K.,79.0,15.0,740.0,2220.0,1-6 6-7
2026-05-12,Internazionali BNL d'Italia,Masters 1000,Clay,4th Round,3,Rublev A.,Basilashvili N.,Rublev A.,14.0,117.0,2590.0,539.0,3-6 7-6 6-2
2026-05-12,Internazionali BNL d'Italia,Masters 1000,Clay,4th Round,3,Tien L.,Jodar R.,Jodar R.,21.0,34.0,1870.0,1273.0,1-6 4-6
2026-05-13,Internazionali BNL d'Italia,Masters 1000,Clay,Quarterfinals,3,Jodar R.,Darderi L.,Darderi L.,34.0,20.0,1273.0,1890.0,6-7 7-5 0-6
2026-05-13,Internazionali BNL d'Italia,Masters 1000,Clay,Quarterfinals,3,Ruud C.,Khachanov K.,Ruud C.,25.0,15.0,1735.0,2220.0,6-1 1-6 6-2
2026-05-14,Internazionali BNL d'Italia,Masters 1000,Clay,Quarterfinals,3,Landaluce M.,Medvedev D.,Medvedev D.,94.0,9.0,639.0,3460.0,6-1 4-6 5-7
2026-05-14,Internazionali BNL d'Italia,Masters 1000,Clay,Quarterfinals,3,Rublev A.,Sinner J.,Sinner J.,14.0,1.0,2590.0,14350.0,2-6 4-6
2026-05-15,Internazionali BNL d'Italia,Masters 1000,Clay,Semifinals,3,Ruud C.,Darderi L.,Ruud C.,25.0,20.0,1735.0,1890.0,6-1 6-1
2026-05-16,Internazionali BNL d'Italia,Masters 1000,Clay,Semifinals,3,Medvedev D.,Sinner J.,Sinner J.,9.0,1.0,3460.0,14350.0,2-6 7-5 4-6
2026-05-17,Geneva Open,ATP250,Clay,1st Round,3,Trungelliti M.,Navone M.,Navone M.,81.0,42.0,731.0,1066.0,7-5 5-7 1-6
2026-05-17,Hamburg Open,ATP500,Clay,1st Round,3,Paul T.,Quinn E.,Paul T.,26.0,49.0,1625.0,974.0,6-1 6-3
2026-05-17,Hamburg Open,ATP500,Clay,1st Round,3,Tiafoe F.,Dedura D.,Tiafoe F.,21.0,281.0,1905.0,187.0,6-4 6-4
2026-05-17,Internazionali BNL d'Italia,Masters 1000,Clay,The Final,3,Sinner J.,Ruud C.,Sinner J.,1.0,25.0,14350.0,1735.0,6-4 6-4
2026-05-18,Geneva Open,ATP250,Clay,1st Round,3,Brancaccio R.,Wawrinka S.,Wawrinka S.,241.0,119.0,236.0,528.0,2-6 6-4 6-7
2026-05-18,Geneva Open,ATP250,Clay,1st Round,3,Michelsen A.,Baez S.,Michelsen A.,41.0,62.0,1075.0,860.0,7-5 6-3
2026-05-18,Geneva Open,ATP250,Clay,1st Round,3,Rinderknech A.,Tirante T.A.,Rinderknech A.,24.0,58.0,1711.0,887.0,6-4 6-1
2026-05-18,Geneva Open,ATP250,Clay,1st Round,3,Royer V.,Comesana F.,Comesana F.,73.0,114.0,773.0,570.0,6-2 3-6 4-6
2026-05-18,Geneva Open,ATP250,Clay,1st Round,3,Sonego L.,Butvilas E.,Butvilas E.,69.0,253.0,815.0,215.0,3-6 1-6
2026-05-18,Geneva Open,ATP250,Clay,1st Round,3,Tsitsipas S.,Mpetshi G.,Tsitsipas S.,82.0,80.0,725.0,735.0,6-4 7-6
2026-05-18,Hamburg Open,ATP500,Clay,1st Round,3,Altmaier D.,Hijikata R.,Altmaier D.,65.0,102.0,843.0,599.0,7-5 6-2
2026-05-18,Hamburg Open,ATP500,Clay,1st Round,3,Atmane T.,Etcheverry T.,Etcheverry T.,51.0,25.0,938.0,1630.0,2-6 6-7
2026-05-18,Hamburg Open,ATP500,Clay,1st Round,3,Davidovich Fokina A.,Moutet C.,Davidovich Fokina A.,23.0,32.0,1820.0,1323.0,6-4 6-4
2026-05-18,Hamburg Open,ATP500,Clay,1st Round,3,De Minaur A.,Cerundolo F.,De Minaur A.,9.0,27.0,3665.0,1570.0,3-6 6-4 6-3
2026-05-18,Hamburg Open,ATP500,Clay,1st Round,3,Giron M.,Shelton B.,Shelton B.,84.0,6.0,705.0,4030.0,3-6 6-4 6-7
2026-05-18,Hamburg Open,ATP500,Clay,1st Round,3,Majchrzak K.,Ugo Carabelli C.,Ugo Carabelli C.,77.0,68.0,747.0,825.0,6-1 2-6 3-6
2026-05-18,Hamburg Open,ATP500,Clay,1st Round,3,Schoenhaus M.,Hanfmann Y.,Hanfmann Y.,452.0,55.0,101.0,899.0,3-6 7-6 4-6
2026-05-18,Hamburg Open,ATP500,Clay,1st Round,3,Struff J.L.,Mensik J.,Mensik J.,79.0,28.0,739.0,1510.0,6-7 2-6
2026-05-19,Geneva Open,ATP250,Clay,1st Round,3,Brooksby J.,Ruud C.,Ruud C.,60.0,17.0,872.0,2185.0,3-6 5-7
2026-05-19,Geneva Open,ATP250,Clay,1st Round,3,Collignon R.,Mannarino A.,Collignon R.,64.0,44.0,854.0,1037.0,6-3 7-6
2026-05-19,Geneva Open,ATP250,Clay,1st Round,3,Djere L.,Duckworth J.,Djere L.,238.0,83.0,241.0,722.0,6-4 3-6 6-3
2026-05-19,Geneva Open,ATP250,Clay,1st Round,3,Munar J.,Basavareddy N.,Munar J.,39.0,156.0,1105.0,396.0,6-0 6-3
2026-05-19,Geneva Open,ATP250,Clay,1st Round,3,Popyrin A.,Tabur C.,Popyrin A.,61.0,165.0,870.0,360.0,7-6 6-7 6-4
2026-05-19,Hamburg Open,ATP500,Clay,1st Round,3,Burruchaga R.,Darderi L.,Darderi L.,66.0,16.0,833.0,2260.0,3-6 6-7
2026-05-19,Hamburg Open,ATP500,Clay,1st Round,3,Cobolli F.,Buse I.,Buse I.,12.0,57.0,2790.0,893.0,2-6 5-7
2026-05-19,Hamburg Open,ATP500,Clay,1st Round,3,Gaston H.,Khachanov K.,Khachanov K.,120.0,15.0,527.0,2320.0,6-3 3-6 6-7
2026-05-19,Hamburg Open,ATP500,Clay,1st Round,3,Gea A.,Kovacevic A.,Kovacevic A.,140.0,94.0,436.0,649.0,2-6 6-7
2026-05-19,Hamburg Open,ATP500,Clay,1st Round,3,Humbert U.,Engel J.,Humbert U.,34.0,190.0,1280.0,316.0,6-3 3-6 7-6
2026-05-19,Hamburg Open,ATP500,Clay,1st Round,3,Kopriva V.,Auger-Aliassime F.,Auger-Aliassime F.,63.0,5.0,856.0,4060.0,5-7 1-6
2026-05-19,Hamburg Open,ATP500,Clay,2nd Round,3,Shelton B.,Altmaier D.,Altmaier D.,6.0,65.0,4030.0,843.0,6-4 6-7 4-6
2026-05-20,Geneva Open,ATP250,Clay,2nd Round,3,Butvilas E.,Bublik A.,Bublik A.,253.0,10.0,215.0,3230.0,4-6 3-6
2026-05-20,Geneva Open,ATP250,Clay,2nd Round,3,Djere L.,Rinderknech A.,Rinderknech A.,238.0,24.0,241.0,1711.0,6-4 6-7 1-6
2026-05-20,Geneva Open,ATP250,Clay,2nd Round,3,Michelsen A.,Wawrinka S.,Michelsen A.,41.0,119.0,1075.0,528.0,7-6 7-6
2026-05-20,Geneva Open,ATP250,Clay,2nd Round,3,Munar J.,Comesana F.,Munar J.,39.0,114.0,1105.0,570.0,6-4 6-4
2026-05-20,Geneva Open,ATP250,Clay,2nd Round,3,Navone M.,Norrie C.,Navone M.,42.0,22.0,1066.0,1888.0,6-4 6-4
2026-05-20,Geneva Open,ATP250,Clay,2nd Round,3,Popyrin A.,Fritz T.,Popyrin A.,61.0,8.0,870.0,3720.0,6-4 6-4
2026-05-20,Geneva Open,ATP250,Clay,2nd Round,3,Ruud C.,Collignon R.,Ruud C.,17.0,64.0,2185.0,854.0,7-6 6-2
2026-05-20,Geneva Open,ATP250,Clay,2nd Round,3,Tien L.,Tsitsipas S.,Tien L.,20.0,82.0,1940.0,725.0,7-6 7-6
2026-05-20,Hamburg Open,ATP500,Clay,2nd Round,3,Davidovich Fokina A.,De Minaur A.,De Minaur A.,23.0,9.0,1820.0,3665.0,2-6 6-4 4-6
2026-05-20,Hamburg Open,ATP500,Clay,2nd Round,3,Hanfmann Y.,Darderi L.,Darderi L.,55.0,16.0,899.0,2260.0,6-7 5-7
2026-05-20,Hamburg Open,ATP500,Clay,2nd Round,3,Khachanov K.,Humbert U.,Humbert U.,15.0,34.0,2320.0,1280.0,3-6 6-3 6-7
2026-05-20,Hamburg Open,ATP500,Clay,2nd Round,3,Kovacevic A.,Auger-Aliassime F.,Kovacevic A.,94.0,5.0,649.0,4060.0,4-6 7-5 6-4
2026-05-20,Hamburg Open,ATP500,Clay,2nd Round,3,Mensik J.,Buse I.,Buse I.,28.0,57.0,1510.0,893.0,0-6 3-6
2026-05-20,Hamburg Open,ATP500,Clay,2nd Round,3,Paul T.,Etcheverry T.,Paul T.,26.0,25.0,1625.0,1630.0,6-7 7-6 7-6
2026-05-20,Hamburg Open,ATP500,Clay,2nd Round,3,Ugo Carabelli C.,Tiafoe F.,Ugo Carabelli C.,68.0,21.0,825.0,1905.0,7-6 7-6
2026-05-21,Geneva Open,ATP250,Clay,Quarterfinals,3,Michelsen A.,Tien L.,Tien L.,41.0,20.0,1075.0,1940.0,4-6 6-3 1-6
2026-05-21,Geneva Open,ATP250,Clay,Quarterfinals,3,Navone M.,Munar J.,Navone M.,42.0,39.0,1066.0,1105.0,6-2 6-2
2026-05-21,Geneva Open,ATP250,Clay,Quarterfinals,3,Rinderknech A.,Bublik A.,Bublik A.,24.0,10.0,1711.0,3230.0,7-5 4-6 2-6
2026-05-21,Geneva Open,ATP250,Clay,Quarterfinals,3,Ruud C.,Popyrin A.,Ruud C.,17.0,61.0,2185.0,870.0,6-4 6-3
2026-05-21,Hamburg Open,ATP500,Clay,Quarterfinals,3,Altmaier D.,Paul T.,Paul T.,65.0,26.0,843.0,1625.0,2-6 5-7
2026-05-21,Hamburg Open,ATP500,Clay,Quarterfinals,3,Darderi L.,De Minaur A.,De Minaur A.,16.0,9.0,2260.0,3665.0,0-6 3-6
2026-05-21,Hamburg Open,ATP500,Clay,Quarterfinals,3,Humbert U.,Buse I.,Buse I.,34.0,57.0,1280.0,893.0,3-6 7-5 3-6
2026-05-21,Hamburg Open,ATP500,Clay,Quarterfinals,3,Ugo Carabelli C.,Kovacevic A.,Kovacevic A.,68.0,94.0,825.0,649.0,4-6 7-6 2-6
2026-05-22,Geneva Open,ATP250,Clay,Semifinals,3,Bublik A.,Tien L.,Tien L.,10.0,20.0,3230.0,1940.0,1-6 6-4 6-7
2026-05-22,Geneva Open,ATP250,Clay,Semifinals,3,Ruud C.,Navone M.,Navone M.,17.0,42.0,2185.0,1066.0,5-7 2-6
2026-05-22,Hamburg Open,ATP500,Clay,Semifinals,3,Kovacevic A.,Buse I.,Buse I.,94.0,57.0,649.0,893.0,1-6 4-6
2026-05-22,Hamburg Open,ATP500,Clay,Semifinals,3,Paul T.,De Minaur A.,Paul T.,26.0,9.0,1625.0,3665.0,2-6 6-3 6-3
2026-05-23,Geneva Open,ATP250,Clay,The Final,3,Navone M.,Tien L.,Tien L.,42.0,20.0,1066.0,1940.0,6-3 3-6 5-7
2026-05-23,Hamburg Open,ATP500,Clay,The Final,3,Paul T.,Buse I.,Buse I.,26.0,57.0,1625.0,893.0,6-7 6-4 3-6
2026-05-24,French Open,Grand Slam,Clay,1st Round,5,Basavareddy N.,Fritz T.,Basavareddy N.,148.0,9.0,409.0,3720.0,7-6 7-6 6-7 6-1
2026-05-24,French Open,Grand Slam,Clay,1st Round,5,Bellucci M.,Halys Q.,Halys Q.,73.0,90.0,777.0,678.0,3-6 6-7 3-6
2026-05-24,French Open,Grand Slam,Clay,1st Round,5,Bergs Z.,Machac T.,Machac T.,40.0,43.0,1150.0,1080.0,4-6 4-6 3-6
2026-05-24,French Open,Grand Slam,Clay,1st Round,5,Blockx A.,Wong C.,Blockx A.,37.0,109.0,1238.0,574.0,6-3 6-4 6-2
2026-05-24,French Open,Grand Slam,Clay,1st Round,5,Davidovich Fokina A.,Dzumhur D.,Davidovich Fokina A.,23.0,87.0,1860.0,694.0,6-7 6-3 2-6 7-5 6-3
2026-05-24,French Open,Grand Slam,Clay,1st Round,5,Etcheverry T.,Borges N.,Borges N.,28.0,51.0,1510.0,970.0,3-6 4-6 2-6
2026-05-24,French Open,Grand Slam,Clay,1st Round,5,Fonseca J.,Pavlovic L.,Fonseca J.,30.0,241.0,1435.0,237.0,7-6 6-4 6-2
2026-05-24,French Open,Grand Slam,Clay,1st Round,5,Hanfmann Y.,Medjedovic H.,Medjedovic H.,53.0,58.0,936.0,894.0,3-6 4-6 7-6 4-6
2026-05-24,French Open,Grand Slam,Clay,1st Round,5,Herbert P.,Sonego L.,Sonego L.,220.0,70.0,259.0,815.0,6-7 7-5 2-6 6-1 4-6
2026-05-24,French Open,Grand Slam,Clay,1st Round,5,Khachanov K.,Gea A.,Khachanov K.,15.0,135.0,2320.0,460.0,6-3 7-6 6-0
2026-05-24,French Open,Grand Slam,Clay,1st Round,5,Marozsan F.,Kecmanovic M.,Kecmanovic M.,54.0,48.0,935.0,980.0,6-7 3-6 4-6
2026-05-24,French Open,Grand Slam,Clay,1st Round,5,Mensik J.,Droguet T.,Mensik J.,27.0,107.0,1550.0,578.0,6-3 6-2 6-4
2026-05-24,French Open,Grand Slam,Clay,1st Round,5,Mpetshi G.,Djokovic N.,Djokovic N.,83.0,4.0,710.0,4460.0,7-5 5-7 1-6 4-6
2026-05-24,French Open,Grand Slam,Clay,1st Round,5,Opelka R.,Cina F.,Cina F.,76.0,238.0,758.0,242.0,6-3 4-6 2-6 7-6 4-6
2026-05-24,French Open,Grand Slam,Clay,1st Round,5,Prizmic D.,Zheng M.,Prizmic D.,72.0,146.0,785.0,414.0,6-1 6-1 6-3
2026-05-24,French Open,Grand Slam,Clay,1st Round,5,Royer V.,Dellien H.,Royer V.,74.0,144.0,773.0,421.0,6-4 6-2 6-2
2026-05-24,French Open,Grand Slam,Clay,1st Round,5,Tirante T.A.,Llamas Ruiz P.,Tirante T.A.,60.0,122.0,887.0,515.0,6-3 7-6 6-7 6-0
2026-05-24,French Open,Grand Slam,Clay,1st Round,5,Trungelliti M.,Jacquet K.,Trungelliti M.,81.0,147.0,731.0,411.0,6-4 6-2 6-2
2026-05-24,French Open,Grand Slam,Clay,1st Round,5,Zverev A.,Bonzi B.,Zverev A.,3.0,95.0,5705.0,629.0,6-3 6-4 6-2
2026-05-25,French Open,Grand Slam,Clay,1st Round,5,Atmane T.,Kokkinakis T.,Kokkinakis T.,52.0,855.0,938.0,29.0,7-6 2-6 6-4 3-6 5-7
2026-05-25,French Open,Grand Slam,Clay,1st Round,5,Bautista Agut R.,Nakashima B.,Nakashima B.,117.0,35.0,542.0,1295.0,2-6 5-7 2-6
2026-05-25,French Open,Grand Slam,Clay,1st Round,5,Berrettini M.,Fucsovics M.,Berrettini M.,105.0,65.0,585.0,859.0,6-7 7-5 6-1 6-2
2026-05-25,French Open,Grand Slam,Clay,1st Round,5,Buse I.,Rublev A.,Rublev A.,31.0,13.0,1412.0,2460.0,3-6 7-6 3-6 5-7
2026-05-25,French Open,Grand Slam,Clay,1st Round,5,Cobolli F.,Pellegrino A.,Cobolli F.,14.0,124.0,2340.0,507.0,6-4 7-6 6-3
2026-05-25,French Open,Grand Slam,Clay,1st Round,5,Collignon R.,Vukic A.,Collignon R.,62.0,96.0,866.0,626.0,6-3 6-3 7-6
2026-05-25,French Open,Grand Slam,Clay,1st Round,5,Hijikata R.,Paul T.,Paul T.,98.0,21.0,612.0,1945.0,6-4 3-6 5-7 4-6
2026-05-25,French Open,Grand Slam,Clay,1st Round,5,Humbert U.,Mannarino A.,Humbert U.,32.0,45.0,1370.0,1037.0,6-3 6-4 6-3
2026-05-25,French Open,Grand Slam,Clay,1st Round,5,Hurkacz H.,Munar J.,Hurkacz H.,99.0,41.0,600.0,1145.0,6-3 6-3 2-6 6-3
2026-05-25,French Open,Grand Slam,Clay,1st Round,5,Kovacevic A.,Jodar R.,Jodar R.,67.0,29.0,837.0,1461.0,1-6 0-6 4-6
2026-05-25,French Open,Grand Slam,Clay,1st Round,5,Lehecka J.,Carreno Busta P.,Carreno Busta P.,12.0,89.0,2665.0,685.0,3-6 6-7 3-6
2026-05-25,French Open,Grand Slam,Clay,1st Round,5,Merida Aguilar D.,Shelton B.,Shelton B.,86.0,5.0,696.0,4070.0,3-6 3-6 4-6
2026-05-25,French Open,Grand Slam,Clay,1st Round,5,Monfils G.,Gaston H.,Gaston H.,218.0,118.0,260.0,533.0,2-6 3-6 6-3 6-2 0-6
2026-05-25,French Open,Grand Slam,Clay,1st Round,5,Navone M.,Brooksby J.,Navone M.,38.0,63.0,1215.0,865.0,6-4 6-4 6-4
2026-05-25,French Open,Grand Slam,Clay,1st Round,5,Rinderknech A.,Rodionov J.,Rinderknech A.,25.0,158.0,1736.0,379.0,7-6 6-2 6-3
2026-05-25,French Open,Grand Slam,Clay,1st Round,5,Ruud C.,Safiullin R.,Ruud C.,16.0,141.0,2275.0,430.0,6-2 7-6 5-7 0-6 6-2
2026-05-25,French Open,Grand Slam,Clay,1st Round,5,Samuel T.,De Minaur A.,De Minaur A.,159.0,7.0,378.0,3855.0,4-6 4-6 2-6
2026-05-25,French Open,Grand Slam,Clay,1st Round,5,Shevchenko A.,Michelsen A.,Michelsen A.,88.0,42.0,689.0,1115.0,2-6 4-6 2-6
2026-05-25,French Open,Grand Slam,Clay,1st Round,5,Tiafoe F.,Spizzirri E.,Tiafoe F.,22.0,91.0,1905.0,660.0,6-3 6-7 6-4 6-3
2026-05-25,French Open,Grand Slam,Clay,1st Round,5,Ugo Carabelli C.,Nava E.,Ugo Carabelli C.,59.0,94.0,890.0,631.0,7-6 6-3 6-3
2026-05-25,French Open,Grand Slam,Clay,1st Round,5,Van Assche L.,Gaubas V.,Van Assche L.,100.0,133.0,599.0,464.0,6-4 6-2 2-6 7-5
2026-05-25,French Open,Grand Slam,Clay,1st Round,5,Van De Zandschulp B.,Cerundolo F.,Cerundolo F.,55.0,26.0,935.0,1570.0,3-6 4-6 7-6 4-6
2026-05-25,French Open,Grand Slam,Clay,1st Round,5,Wawrinka S.,De Jong J.,De Jong J.,113.0,106.0,553.0,580.0,3-6 6-3 3-6 4-6
2026-05-25,French Open,Grand Slam,Clay,1st Round,5,Wu Y.,Giron M.,Wu Y.,92.0,84.0,655.0,705.0,7-5 6-2 6-4
2026-05-26,French Open,Grand Slam,Clay,1st Round,5,Altmaier D.,Auger-Aliassime F.,Auger-Aliassime F.,57.0,6.0,930.0,4050.0,6-4 4-6 6-4 1-6 6-7
2026-05-26,French Open,Grand Slam,Clay,1st Round,5,Bublik A.,Struff J.L.,Struff J.L.,10.0,80.0,3320.0,739.0,5-7 7-6 4-6 5-7
2026-05-26,French Open,Grand Slam,Clay,1st Round,5,Diaz Acosta F.,Zhang Zh.,Diaz Acosta F.,151.0,224.0,407.0,254.0,6-1 6-4 6-3
2026-05-26,French Open,Grand Slam,Clay,1st Round,5,Faria J.,Shapovalov D.,Faria J.,115.0,39.0,548.0,1170.0,6-4 7-5 6-4
2026-05-26,French Open,Grand Slam,Clay,1st Round,5,Faurel T.,Vacherot V.,Vacherot V.,378.0,19.0,131.0,2103.0,3-6 4-6 6-3 6-7
2026-05-26,French Open,Grand Slam,Clay,1st Round,5,Fearnley J.,Cerundolo J.M.,Cerundolo J.M.,125.0,56.0,505.0,935.0,2-6 6-7 6-7
2026-05-26,French Open,Grand Slam,Clay,1st Round,5,Griekspoor T.,Arnaldi M.,Arnaldi M.,33.0,104.0,1340.0,586.0,7-6 3-6 6-7 3-6
2026-05-26,French Open,Grand Slam,Clay,1st Round,5,Kopriva V.,Moutet C.,Kopriva V.,66.0,34.0,856.0,1323.0,6-3 5-7 6-4 3-6 6-3
2026-05-26,French Open,Grand Slam,Clay,1st Round,5,Kouame M.,Cilic M.,Kouame M.,318.0,46.0,165.0,1010.0,7-6 6-2 6-1
2026-05-26,French Open,Grand Slam,Clay,1st Round,5,Ofner S.,Darderi L.,Darderi L.,112.0,17.0,558.0,2260.0,6-7 2-6 3-6
2026-05-26,French Open,Grand Slam,Clay,1st Round,5,Prado Angelo J.C.,Landaluce M.,Landaluce M.,176.0,69.0,338.0,827.0,3-6 6-4 2-6 7-6 4-6
2026-05-26,French Open,Grand Slam,Clay,1st Round,5,Quinn E.,Comesana F.,Comesana F.,50.0,102.0,974.0,598.0,4-6 6-7 6-7
2026-05-26,French Open,Grand Slam,Clay,1st Round,5,Svajda Z.,Popyrin A.,Svajda Z.,85.0,61.0,696.0,870.0,3-6 6-3 7-6 7-5
2026-05-26,French Open,Grand Slam,Clay,1st Round,5,Tabilo A.,Majchrzak K.,Tabilo A.,36.0,78.0,1278.0,747.0,6-1 6-3 6-4
2026-05-26,French Open,Grand Slam,Clay,1st Round,5,Tabur C.,Sinner J.,Sinner J.,171.0,1.0,348.0,14750.0,1-6 3-6 4-6
2026-05-26,French Open,Grand Slam,Clay,1st Round,5,Tien L.,Garin C.,Tien L.,18.0,114.0,2180.0,552.0,6-0 2-6 6-0 6-2
2026-05-26,French Open,Grand Slam,Clay,1st Round,5,Walton A.,Medvedev D.,Walton A.,97.0,8.0,614.0,3760.0,6-2 1-6 6-1 1-6 6-4
2026-05-27,French Open,Grand Slam,Clay,2nd Round,5,Basavareddy N.,Michelsen A.,Michelsen A.,148.0,42.0,409.0,1115.0,6-7 3-6 6-3 3-6
2026-05-27,French Open,Grand Slam,Clay,2nd Round,5,Cina F.,De Jong J.,De Jong J.,238.0,106.0,242.0,580.0,3-6 1-6 3-6
2026-05-27,French Open,Grand Slam,Clay,2nd Round,5,Davidovich Fokina A.,Tirante T.A.,Tirante T.A.,23.0,60.0,1860.0,887.0,6-4 6-7 1-6 3-6
2026-05-27,French Open,Grand Slam,Clay,2nd Round,5,Humbert U.,Halys Q.,Halys Q.,32.0,90.0,1370.0,678.0,4-6 6-7 6-7
2026-05-27,French Open,Grand Slam,Clay,2nd Round,5,Jodar R.,Duckworth J.,Jodar R.,29.0,82.0,1461.0,722.0,6-1 6-7 6-4 7-5
2026-05-27,French Open,Grand Slam,Clay,2nd Round,5,Kecmanovic M.,Borges N.,Borges N.,48.0,51.0,980.0,970.0,6-3 2-6 1-6 2-6
2026-05-27,French Open,Grand Slam,Clay,2nd Round,5,Mensik J.,Navone M.,Mensik J.,27.0,38.0,1550.0,1215.0,6-3 2-6 6-4 1-6 7-6
2026-05-27,French Open,Grand Slam,Clay,2nd Round,5,Paul T.,Sonego L.,Paul T.,21.0,70.0,1945.0,815.0,6-3 6-2 6-4
2026-05-27,French Open,Grand Slam,Clay,2nd Round,5,Prizmic D.,Fonseca J.,Fonseca J.,72.0,30.0,785.0,1435.0,6-3 6-4 3-6 1-6 2-6
2026-05-27,French Open,Grand Slam,Clay,2nd Round,5,Royer V.,Djokovic N.,Djokovic N.,74.0,4.0,773.0,4460.0,3-6 2-6 7-6 3-6
2026-05-27,French Open,Grand Slam,Clay,2nd Round,5,Rublev A.,Ugo Carabelli C.,Rublev A.,13.0,59.0,2460.0,890.0,6-1 1-6 6-3 7-6
2026-05-27,French Open,Grand Slam,Clay,2nd Round,5,Ruud C.,Medjedovic H.,Ruud C.,16.0,58.0,2275.0,894.0,6-3 6-2 6-4
2026-05-27,French Open,Grand Slam,Clay,2nd Round,5,Trungelliti M.,Khachanov K.,Khachanov K.,81.0,15.0,731.0,2320.0,6-7 7-5 1-6 6-7
2026-05-27,French Open,Grand Slam,Clay,2nd Round,5,Zverev A.,Machac T.,Zverev A.,3.0,43.0,5705.0,1080.0,6-4 6-2 6-2
2026-05-28,French Open,Grand Slam,Clay,2nd Round,5,Arnaldi M.,Tsitsipas S.,Arnaldi M.,104.0,79.0,586.0,740.0,7-6 5-7 6-3 6-2
2026-05-28,French Open,Grand Slam,Clay,2nd Round,5,Auger-Aliassime F.,Burruchaga R.,Auger-Aliassime F.,6.0,68.0,4050.0,833.0,4-6 6-0 7-5 6-1
2026-05-28,French Open,Grand Slam,Clay,2nd Round,5,Darderi L.,Comesana F.,Comesana F.,17.0,102.0,2260.0,598.0,6-7 6-4 4-6 6-2 4-6
2026-05-28,French Open,Grand Slam,Clay,2nd Round,5,Diaz Acosta F.,Tien L.,Tien L.,151.0,18.0,407.0,2180.0,5-7 6-4 6-3 6-7 3-6
2026-05-28,French Open,Grand Slam,Clay,2nd Round,5,Faria J.,Struff J.L.,Faria J.,115.0,80.0,548.0,739.0,7-5 7-6 6-2
2026-05-28,French Open,Grand Slam,Clay,2nd Round,5,Gaston H.,Cerundolo F.,Cerundolo F.,118.0,26.0,533.0,1570.0,6-2 4-6 2-6 1-6
2026-05-28,French Open,Grand Slam,Clay,2nd Round,5,Hurkacz H.,Tiafoe F.,Tiafoe F.,99.0,22.0,600.0,1905.0,7-6 6-7 4-6 7-6 4-6
2026-05-28,French Open,Grand Slam,Clay,2nd Round,5,Kopriva V.,Landaluce M.,Landaluce M.,66.0,69.0,856.0,827.0,6-1 6-2 4-6 5-7 0-6
2026-05-28,French Open,Grand Slam,Clay,2nd Round,5,Rinderknech A.,Berrettini M.,Berrettini M.,25.0,105.0,1736.0,585.0,4-6 4-6 4-6
2026-05-28,French Open,Grand Slam,Clay,2nd Round,5,Shelton B.,Collignon R.,Collignon R.,5.0,62.0,4070.0,866.0,4-6 5-7 4-6
2026-05-28,French Open,Grand Slam,Clay,2nd Round,5,Sinner J.,Cerundolo J.M.,Cerundolo J.M.,1.0,56.0,14750.0,935.0,6-3 6-2 5-7 1-6 1-6
2026-05-28,French Open,Grand Slam,Clay,2nd Round,5,Vallejo D.,Kouame M.,Kouame M.,71.0,318.0,786.0,165.0,3-6 5-7 6-3 6-2 6-7
2026-05-28,French Open,Grand Slam,Clay,2nd Round,5,Van Assche L.,Nakashima B.,Nakashima B.,100.0,35.0,599.0,1295.0,7-6 4-6 7-5 1-6 3-6
2026-05-28,French Open,Grand Slam,Clay,2nd Round,5,Walton A.,Svajda Z.,Svajda Z.,97.0,85.0,614.0,696.0,3-6 4-6 7-6 2-6
2026-05-28,French Open,Grand Slam,Clay,2nd Round,5,Wu Y.,Cobolli F.,Cobolli F.,92.0,14.0,655.0,2340.0,4-6 4-6 4-6
2026-05-29,French Open,Grand Slam,Clay,3rd Round,5,De Minaur A.,Mensik J.,Mensik J.,7.0,27.0,3855.0,1550.0,6-0 2-6 2-6 3-6
2026-05-29,French Open,Grand Slam,Clay,3rd Round,5,Fonseca J.,Djokovic N.,Fonseca J.,30.0,4.0,1435.0,4460.0,4-6 4-6 6-3 7-5 7-5
2026-05-29,French Open,Grand Slam,Clay,3rd Round,5,Khachanov K.,De Jong J.,De Jong J.,15.0,106.0,2320.0,580.0,5-7 7-5 2-6 7-6 2-6
2026-05-29,French Open,Grand Slam,Clay,3rd Round,5,Michelsen A.,Jodar R.,Jodar R.,42.0,29.0,1115.0,1461.0,6-7 7-6 6-4 3-6 3-6
2026-05-29,French Open,Grand Slam,Clay,3rd Round,5,Paul T.,Ruud C.,Ruud C.,21.0,16.0,1945.0,2275.0,6-4 7-6 4-6 6-7 5-7
2026-05-29,French Open,Grand Slam,Clay,3rd Round,5,Rublev A.,Borges N.,Rublev A.,13.0,51.0,2460.0,970.0,7-5 7-6 7-6
2026-05-29,French Open,Grand Slam,Clay,3rd Round,5,Tirante T.A.,Carreno Busta P.,Carreno Busta P.,60.0,89.0,887.0,685.0,6-7 5-7 6-3 4-6
2026-05-29,French Open,Grand Slam,Clay,3rd Round,5,Zverev A.,Halys Q.,Zverev A.,3.0,90.0,5705.0,678.0,6-4 6-3 5-7 6-2
2026-05-30,French Open,Grand Slam,Clay,3rd Round,5,Arnaldi M.,Collignon R.,Arnaldi M.,104.0,62.0,586.0,866.0,6-4 6-7 5-7 6-4 7-6
2026-05-30,French Open,Grand Slam,Clay,3rd Round,5,Auger-Aliassime F.,Nakashima B.,Auger-Aliassime F.,6.0,35.0,4050.0,1295.0,5-7 6-1 7-6 7-6
2026-05-30,French Open,Grand Slam,Clay,3rd Round,5,Cerundolo F.,Svajda Z.,Svajda Z.,26.0,85.0,1570.0,696.0,3-6 4-6 6-3 6-4 3-6
2026-05-30,French Open,Grand Slam,Clay,3rd Round,5,Cerundolo J.M.,Landaluce M.,Cerundolo J.M.,56.0,69.0,935.0,827.0,6-4 6-7 7-6 6-7 7-6
2026-05-30,French Open,Grand Slam,Clay,3rd Round,5,Cobolli F.,Tien L.,Cobolli F.,14.0,18.0,2340.0,2180.0,6-2 6-2 6-3
2026-05-30,French Open,Grand Slam,Clay,3rd Round,5,Comesana F.,Berrettini M.,Berrettini M.,102.0,105.0,598.0,585.0,6-7 7-5 7-6 4-6 6-7
2026-05-30,French Open,Grand Slam,Clay,3rd Round,5,Kouame M.,Tabilo A.,Tabilo A.,318.0,36.0,165.0,1278.0,6-4 3-6 4-6 6-7
2026-05-30,French Open,Grand Slam,Clay,3rd Round,5,Tiafoe F.,Faria J.,Tiafoe F.,22.0,115.0,1905.0,548.0,4-6 6-7 7-6 6-1 6-2
2026-05-31,French Open,Grand Slam,Clay,4th Round,5,Carreno Busta P.,Jodar R.,Jodar R.,89.0,29.0,685.0,1461.0,6-4 6-4 1-6 2-6 2-6
2026-05-31,French Open,Grand Slam,Clay,4th Round,5,De Jong J.,Zverev A.,Zverev A.,106.0,3.0,580.0,5705.0,6-7 4-6 1-6
2026-05-31,French Open,Grand Slam,Clay,4th Round,5,Rublev A.,Mensik J.,Mensik J.,13.0,27.0,2460.0,1550.0,3-6 6-7 6-4 6-2 3-6
2026-05-31,French Open,Grand Slam,Clay,4th Round,5,Ruud C.,Fonseca J.,Fonseca J.,16.0,30.0,2275.0,1435.0,5-7 6-7 7-5 2-6
2026-06-01,French Open,Grand Slam,Clay,4th Round,5,Arnaldi M.,Tiafoe F.,Arnaldi M.,104.0,22.0,586.0,1905.0,7-6 6-7 3-6 7-6 6-4
2026-06-01,French Open,Grand Slam,Clay,4th Round,5,Cerundolo J.M.,Berrettini M.,Berrettini M.,56.0,105.0,935.0,585.0,3-6 6-7 6-7
2026-06-01,French Open,Grand Slam,Clay,4th Round,5,Svajda Z.,Cobolli F.,Cobolli F.,85.0,14.0,696.0,2340.0,2-6 3-6 7-6 6-7
2026-06-01,French Open,Grand Slam,Clay,4th Round,5,Tabilo A.,Auger-Aliassime F.,Auger-Aliassime F.,36.0,6.0,1278.0,4050.0,3-6 5-7 1-6
2026-06-02,French Open,Grand Slam,Clay,Quarterfinals,5,Fonseca J.,Mensik J.,Mensik J.,30.0,27.0,1435.0,1550.0,4-6 3-6 6-7
2026-06-02,French Open,Grand Slam,Clay,Quarterfinals,5,Jodar R.,Zverev A.,Zverev A.,29.0,3.0,1461.0,5705.0,6-7 1-6 3-6
2026-06-03,French Open,Grand Slam,Clay,Quarterfinals,5,Auger-Aliassime F.,Cobolli F.,Cobolli F.,6.0,14.0,4050.0,2340.0,6-4 4-6 4-6 4-6
2026-06-05,French Open,Grand Slam,Clay,Semifinals,5,Mensik J.,Zverev A.,Zverev A.,27.0,3.0,1550.0,5705.0,5-7 2-6 6-3 3-6
2026-06-07,French Open,Grand Slam,Clay,The Final,5,Cobolli F.,Zverev A.,Zverev A.,14.0,3.0,2340.0,5705.0,1-6 6-4 4-6 7-6 1-6
2026-06-08,Rosmalen Grass Court Championships,ATP250,Grass,1st Round,3,Atmane T.,Borges N.,Borges N.,53.0,50.0,948.0,970.0,4-6 4-6
2026-06-08,Rosmalen Grass Court Championships,ATP250,Grass,1st Round,3,Humbert U.,Ymer E.,Humbert U.,33.0,184.0,1370.0,328.0,6-4 6-3
2026-06-08,Rosmalen Grass Court Championships,ATP250,Grass,1st Round,3,Rottgering M.,Bonzi B.,Bonzi B.,464.0,99.0,101.0,629.0,4-6 4-6
2026-06-08,Rosmalen Grass Court Championships,ATP250,Grass,1st Round,3,Shapovalov D.,Cilic M.,Cilic M.,42.0,47.0,1130.0,994.0,7-6 4-6 5-7
2026-06-08,Stuttgart Open,ATP250,Grass,1st Round,3,Davidovich Fokina A.,Bellucci M.,Bellucci M.,22.0,78.0,1860.0,777.0,2-6 7-6 1-6
2026-06-08,Stuttgart Open,ATP250,Grass,1st Round,3,Herbert P.,Landaluce M.,Landaluce M.,232.0,58.0,249.0,919.0,7-5 3-6 4-6
2026-06-08,Stuttgart Open,ATP250,Grass,1st Round,3,Marozsan F.,Onclin G.,Onclin G.,61.0,186.0,895.0,318.0,6-7 3-6
2026-06-09,Rosmalen Grass Court Championships,ATP250,Grass,1st Round,3,Mannarino A.,Diallo G.,Mannarino A.,46.0,54.0,1031.0,935.0,6-4 3-6 7-5
2026-06-09,Rosmalen Grass Court Championships,ATP250,Grass,1st Round,3,Munar J.,Damm M.,Damm M.,44.0,114.0,1105.0,548.0,4-6 4-6
2026-06-09,Rosmalen Grass Court Championships,ATP250,Grass,1st Round,3,Zhang Zh.,Brooksby J.,Zhang Zh.,214.0,73.0,269.0,825.0,7-6 5-7 6-1
2026-06-09,Stuttgart Open,ATP250,Grass,1st Round,3,Bautista Agut R.,Giron M.,Giron M.,116.0,88.0,542.0,705.0,6-7 5-7
2026-06-09,Stuttgart Open,ATP250,Grass,1st Round,3,Duckworth J.,Dedura D.,Duckworth J.,79.0,262.0,762.0,209.0,6-4 6-3
2026-06-09,Stuttgart Open,ATP250,Grass,1st Round,3,Galarneau A.,Struff J.L.,Struff J.L.,187.0,77.0,316.0,779.0,2-6 7-6 3-6
2026-06-09,Stuttgart Open,ATP250,Grass,1st Round,3,Gentzsch T.,Hijikata R.,Hijikata R.,229.0,106.0,254.0,593.0,7-6 6-7 3-6
2026-06-09,Stuttgart Open,ATP250,Grass,1st Round,3,Hanfmann Y.,Kovacevic A.,Hanfmann Y.,59.0,69.0,906.0,837.0,7-6 7-6
2026-06-09,Stuttgart Open,ATP250,Grass,1st Round,3,Kyrgios N.,Moutet C.,Kyrgios N.,,36.0,,1283.0,6-3 6-4
2026-06-09,Stuttgart Open,ATP250,Grass,1st Round,3,Mpetshi G.,Safiullin R.,Mpetshi G.,93.0,135.0,670.0,460.0,7-5 6-7 7-6
2026-06-09,Stuttgart Open,ATP250,Grass,1st Round,3,Shimabukuro S.,Halys Q.,Shimabukuro S.,104.0,92.0,604.0,678.0,6-4 6-2
2026-06-09,Stuttgart Open,ATP250,Grass,1st Round,3,Tiafoe F.,Altmaier D.,Tiafoe F.,26.0,85.0,1705.0,740.0,7-6 4-6 6-4
2026-06-10,Rosmalen Grass Court Championships,ATP250,Grass,1st Round,3,Fucsovics M.,Hurkacz H.,Fucsovics M.,75.0,96.0,819.0,640.0,3-6 7-6 7-6
2026-06-10,Rosmalen Grass Court Championships,ATP250,Grass,1st Round,3,Griekspoor T.,Van De Zandschulp B.,Griekspoor T.,41.0,55.0,1150.0,935.0,6-2 6-7 6-4
2026-06-10,Rosmalen Grass Court Championships,ATP250,Grass,1st Round,3,McCabe J.,Bergs Z.,McCabe J.,233.0,40.0,248.0,1150.0,6-7 6-2 7-6
2026-06-10,Rosmalen Grass Court Championships,ATP250,Grass,1st Round,3,Virtanen O.,Majchrzak K.,Majchrzak K.,158.0,76.0,393.0,782.0,7-6 4-6 6-7
2026-06-10,Rosmalen Grass Court Championships,ATP250,Grass,1st Round,3,Wu Y.,Boogaard T.,Boogaard T.,101.0,779.0,626.0,37.0,3-6 6-2 4-6
2026-06-10,Rosmalen Grass Court Championships,ATP250,Grass,2nd Round,3,De Minaur A.,Damm M.,De Minaur A.,6.0,114.0,3905.0,548.0,7-6 7-5
2026-06-10,Stuttgart Open,ATP250,Grass,2nd Round,3,Bublik A.,Struff J.L.,Bublik A.,11.0,77.0,2930.0,779.0,7-6 3-6 6-2
2026-06-10,Stuttgart Open,ATP250,Grass,2nd Round,3,Hanfmann Y.,Bellucci M.,Bellucci M.,59.0,78.0,906.0,777.0,5-7 7-6 2-6
2026-06-10,Stuttgart Open,ATP250,Grass,2nd Round,3,Onclin G.,Mpetshi G.,Mpetshi G.,186.0,93.0,318.0,670.0,6-7 2-6
2026-06-11,Rosmalen Grass Court Championships,ATP250,Grass,2nd Round,3,Auger-Aliassime F.,Fucsovics M.,Auger-Aliassime F.,4.0,75.0,4440.0,819.0,6-3 6-4
2026-06-11,Rosmalen Grass Court Championships,ATP250,Grass,2nd Round,3,Bonzi B.,Humbert U.,Bonzi B.,99.0,33.0,629.0,1370.0,6-4 3-6 6-3
2026-06-11,Rosmalen Grass Court Championships,ATP250,Grass,2nd Round,3,Griekspoor T.,Zhang Zh.,Zhang Zh.,41.0,214.0,1150.0,269.0,6-7 4-6
2026-06-11,Rosmalen Grass Court Championships,ATP250,Grass,2nd Round,3,Mannarino A.,Rinderknech A.,Mannarino A.,46.0,24.0,1031.0,1776.0,7-6 3-6 6-3
2026-06-11,Rosmalen Grass Court Championships,ATP250,Grass,2nd Round,3,McCabe J.,Majchrzak K.,Majchrzak K.,233.0,76.0,248.0,782.0,0-6 3-6
2026-06-11,Stuttgart Open,ATP250,Grass,2nd Round,3,Duckworth J.,Lehecka J.,Lehecka J.,79.0,12.0,762.0,2575.0,7-6 4-6 6-7
2026-06-11,Stuttgart Open,ATP250,Grass,2nd Round,3,Fritz T.,Landaluce M.,Fritz T.,9.0,58.0,3720.0,919.0,6-7 7-5 7-6
2026-06-11,Stuttgart Open,ATP250,Grass,2nd Round,3,Kyrgios N.,Shimabukuro S.,Shimabukuro S.,,104.0,,604.0,6-4 6-7 4-6
2026-06-11,Stuttgart Open,ATP250,Grass,2nd Round,3,Tiafoe F.,Hijikata R.,Tiafoe F.,26.0,106.0,1705.0,593.0,6-4 6-4
2026-06-12,Rosmalen Grass Court Championships,ATP250,Grass,2nd Round,3,Borges N.,Cilic M.,Cilic M.,50.0,47.0,970.0,994.0,6-3 6-7 3-6
2026-06-12,Rosmalen Grass Court Championships,ATP250,Grass,2nd Round,3,Medvedev D.,Boogaard T.,Medvedev D.,8.0,779.0,3760.0,37.0,6-3 4-6 7-6
2026-06-12,Rosmalen Grass Court Championships,ATP250,Grass,Quarterfinals,3,Bonzi B.,De Minaur A.,De Minaur A.,99.0,6.0,629.0,3905.0,2-6 4-6
2026-06-12,Rosmalen Grass Court Championships,ATP250,Grass,Quarterfinals,3,Majchrzak K.,Auger-Aliassime F.,Majchrzak K.,76.0,4.0,782.0,4440.0,6-4 6-3
2026-06-12,Rosmalen Grass Court Championships,ATP250,Grass,Quarterfinals,3,Mannarino A.,Zhang Zh.,Mannarino A.,46.0,214.0,1031.0,269.0,7-6 6-3
2026-06-12,Stuttgart Open,ATP250,Grass,2nd Round,3,Giron M.,Shelton B.,Shelton B.,88.0,5.0,705.0,3920.0,7-6 4-6 6-7
2026-06-12,Stuttgart Open,ATP250,Grass,Quarterfinals,3,Bellucci M.,Fritz T.,Fritz T.,78.0,9.0,777.0,3720.0,7-5 5-7 5-7
2026-06-12,Stuttgart Open,ATP250,Grass,Quarterfinals,3,Bublik A.,Mpetshi G.,Bublik A.,11.0,93.0,2930.0,670.0,7-6 7-6
2026-06-12,Stuttgart Open,ATP250,Grass,Quarterfinals,3,Tiafoe F.,Lehecka J.,Lehecka J.,26.0,12.0,1705.0,2575.0,4-6 6-7
2026-06-13,Rosmalen Grass Court Championships,ATP250,Grass,Quarterfinals,3,Medvedev D.,Cilic M.,Medvedev D.,8.0,47.0,3760.0,994.0,6-2 3-6 6-1
2026-06-13,Rosmalen Grass Court Championships,ATP250,Grass,Semifinals,3,Majchrzak K.,Medvedev D.,Majchrzak K.,76.0,8.0,782.0,3760.0,7-6 6-1
2026-06-13,Rosmalen Grass Court Championships,ATP250,Grass,Semifinals,3,Mannarino A.,De Minaur A.,De Minaur A.,46.0,6.0,1031.0,3905.0,4-6 0-6
2026-06-13,Stuttgart Open,ATP250,Grass,Quarterfinals,3,Shimabukuro S.,Shelton B.,Shelton B.,104.0,5.0,604.0,3920.0,6-4 3-6 4-6
2026-06-13,Stuttgart Open,ATP250,Grass,Semifinals,3,Fritz T.,Bublik A.,Fritz T.,9.0,11.0,3720.0,2930.0,6-4 6-4
2026-06-13,Stuttgart Open,ATP250,Grass,Semifinals,3,Shelton B.,Lehecka J.,Shelton B.,5.0,12.0,3920.0,2575.0,6-7 7-6 7-6
2026-06-14,Rosmalen Grass Court Championships,ATP250,Grass,The Final,3,De Minaur A.,Majchrzak K.,Majchrzak K.,6.0,76.0,3905.0,782.0,3-6 6-2 6-7
2026-06-14,Stuttgart Open,ATP250,Grass,The Final,3,Shelton B.,Fritz T.,Shelton B.,5.0,9.0,3920.0,3720.0,6-4 2-6 6-4
2026-06-15,Halle Open,ATP500,Grass,1st Round,3,Altmaier D.,Basilashvili N.,Altmaier D.,81.0,118.0,740.0,529.0,7-5 6-4
2026-06-15,Halle Open,ATP500,Grass,1st Round,3,Auger-Aliassime F.,Borges N.,Auger-Aliassime F.,4.0,54.0,4390.0,945.0,6-3 3-6 6-3
2026-06-15,Halle Open,ATP500,Grass,1st Round,3,Cobolli F.,Tiafoe F.,Tiafoe F.,10.0,26.0,3540.0,1730.0,2-6 6-7
2026-06-15,Halle Open,ATP500,Grass,1st Round,3,Landaluce M.,Atmane T.,Atmane T.,55.0,53.0,936.0,948.0,3-6 6-3 6-7
2026-06-15,Halle Open,ATP500,Grass,1st Round,3,Tien L.,Schoenhaus M.,Tien L.,19.0,336.0,2270.0,158.0,6-2 6-4
2026-06-15,Queen's Club Championships,ATP500,Grass,1st Round,3,Paul T.,Svajda Z.,Paul T.,28.0,69.0,1645.0,835.0,7-5 6-3
2026-06-15,Queen's Club Championships,ATP500,Grass,1st Round,3,Pinnington Jones J.,Shapovalov D.,Shapovalov D.,147.0,41.0,409.0,1130.0,4-6 6-4 6-7
2026-06-15,Queen's Club Championships,ATP500,Grass,1st Round,3,Van De Zandschulp B.,Wendelken H.,Van De Zandschulp B.,56.0,224.0,935.0,258.0,6-4 7-6
2026-06-16,Halle Open,ATP500,Grass,1st Round,3,Bublik A.,Bellucci M.,Bellucci M.,11.0,74.0,3020.0,814.0,6-7 1-6
2026-06-16,Halle Open,ATP500,Grass,1st Round,3,Collignon R.,Popyrin A.,Collignon R.,51.0,90.0,966.0,680.0,6-4 6-2
2026-06-16,Halle Open,ATP500,Grass,1st Round,3,Etcheverry T.,Medvedev D.,Medvedev D.,30.0,7.0,1510.0,3810.0,3-6 4-6
2026-06-16,Halle Open,ATP500,Grass,1st Round,3,Hanfmann Y.,Fonseca J.,Hanfmann Y.,59.0,25.0,915.0,1735.0,6-2 6-2
2026-06-16,Halle Open,ATP500,Grass,1st Round,3,Hurkacz H.,Rublev A.,Hurkacz H.,103.0,13.0,615.0,2460.0,6-3 6-2
2026-06-16,Halle Open,ATP500,Grass,1st Round,3,Khachanov K.,Quinn E.,Quinn E.,18.0,66.0,2280.0,854.0,6-1 4-6 4-6
2026-06-16,Halle Open,ATP500,Grass,1st Round,3,Marozsan F.,Kecmanovic M.,Marozsan F.,61.0,50.0,895.0,980.0,6-3 3-6 6-4
2026-06-16,Halle Open,ATP500,Grass,1st Round,3,Shimabukuro S.,Griekspoor T.,Shimabukuro S.,97.0,40.0,651.0,1165.0,6-4 3-6 6-4
2026-06-16,Halle Open,ATP500,Grass,1st Round,3,Zverev A.,Kopriva V.,Zverev A.,3.0,64.0,7190.0,856.0,6-3 4-6 6-2
2026-06-16,Queen's Club Championships,ATP500,Grass,1st Round,3,Brooksby J.,Damm M.,Brooksby J.,73.0,108.0,817.0,586.0,6-4 3-6 6-3
2026-06-16,Queen's Club Championships,ATP500,Grass,1st Round,3,Buse I.,Giron M.,Buse I.,35.0,86.0,1316.0,705.0,3-6 7-5 7-6
2026-06-16,Queen's Club Championships,ATP500,Grass,1st Round,3,Cilic M.,Humbert U.,Humbert U.,46.0,33.0,1036.0,1360.0,5-7 3-6
2026-06-16,Queen's Club Championships,ATP500,Grass,1st Round,3,Diallo G.,De Minaur A.,De Minaur A.,84.0,6.0,710.0,4060.0,6-7 3-6
2026-06-16,Queen's Club Championships,ATP500,Grass,1st Round,3,Hijikata R.,Tabilo A.,Hijikata R.,104.0,31.0,605.0,1428.0,6-2 6-4
2026-06-16,Queen's Club Championships,ATP500,Grass,1st Round,3,Kovacevic A.,Cerundolo F.,Cerundolo F.,68.0,27.0,837.0,1660.0,4-6 7-6 2-6
2026-06-16,Queen's Club Championships,ATP500,Grass,1st Round,3,Majchrzak K.,Lehecka J.,Lehecka J.,47.0,12.0,1032.0,2640.0,5-7 6-7
2026-06-16,Queen's Club Championships,ATP500,Grass,1st Round,3,Mannarino A.,Mensik J.,Mannarino A.,44.0,16.0,1099.0,2300.0,5-7 7-6 7-6
2026-06-16,Queen's Club Championships,ATP500,Grass,1st Round,3,Mpetshi G.,Moutet C.,Moutet C.,87.0,36.0,695.0,1283.0,7-6 4-6 6-7
2026-06-16,Queen's Club Championships,ATP500,Grass,1st Round,3,Nakashima B.,Fucsovics M.,Nakashima B.,32.0,76.0,1385.0,781.0,6-3 6-3
2026-06-16,Queen's Club Championships,ATP500,Grass,1st Round,3,Norrie C.,Davidovich Fokina A.,Davidovich Fokina A.,29.0,22.0,1595.0,1860.0,6-7 2-6
2026-06-16,Queen's Club Championships,ATP500,Grass,1st Round,3,Rinderknech A.,Medjedovic H.,Medjedovic H.,24.0,67.0,1776.0,844.0,6-7 6-7
2026-06-16,Queen's Club Championships,ATP500,Grass,1st Round,3,Samuel T.,Fery A.,Fery A.,144.0,140.0,414.0,441.0,0-6 2-6
2026-06-17,Halle Open,ATP500,Grass,1st Round,3,Fritz T.,Bergs Z.,Fritz T.,9.0,48.0,3635.0,1010.0,7-6 5-7 6-4
2026-06-17,Halle Open,ATP500,Grass,1st Round,3,Sonego L.,Shelton B.,Shelton B.,65.0,5.0,855.0,4070.0,5-7 3-6
2026-06-17,Halle Open,ATP500,Grass,2nd Round,3,Altmaier D.,Hurkacz H.,Altmaier D.,81.0,103.0,740.0,615.0,3-6 6-3 7-5
2026-06-17,Halle Open,ATP500,Grass,2nd Round,3,Medvedev D.,Atmane T.,Medvedev D.,7.0,53.0,3810.0,948.0,6-4 6-4
2026-06-17,Halle Open,ATP500,Grass,2nd Round,3,Tiafoe F.,Shimabukuro S.,Tiafoe F.,26.0,97.0,1730.0,651.0,6-4 7-5
2026-06-17,Halle Open,ATP500,Grass,2nd Round,3,Tien L.,Auger-Aliassime F.,Auger-Aliassime F.,19.0,4.0,2270.0,4390.0,7-6 5-7 6-7
2026-06-17,Queen's Club Championships,ATP500,Grass,2nd Round,3,Cerundolo F.,Brooksby J.,Cerundolo F.,27.0,73.0,1660.0,817.0,6-0 6-4
2026-06-17,Queen's Club Championships,ATP500,Grass,2nd Round,3,De Minaur A.,Shapovalov D.,De Minaur A.,6.0,41.0,4060.0,1130.0,6-4 6-1
2026-06-17,Queen's Club Championships,ATP500,Grass,2nd Round,3,Mannarino A.,Fery A.,Fery A.,44.0,140.0,1099.0,441.0,6-7 4-6
2026-06-17,Queen's Club Championships,ATP500,Grass,2nd Round,3,Nakashima B.,Buse I.,Nakashima B.,32.0,35.0,1385.0,1316.0,6-2 6-2
2026-06-18,Halle Open,ATP500,Grass,2nd Round,3,Collignon R.,Bellucci M.,Collignon R.,51.0,74.0,966.0,814.0,4-6 6-4 6-3
2026-06-18,Halle Open,ATP500,Grass,2nd Round,3,Hanfmann Y.,Zverev A.,Zverev A.,59.0,3.0,915.0,7190.0,3-6 6-7
2026-06-18,Halle Open,ATP500,Grass,2nd Round,3,Marozsan F.,Fritz T.,Fritz T.,61.0,9.0,895.0,3635.0,2-6 4-6
2026-06-18,Halle Open,ATP500,Grass,2nd Round,3,Quinn E.,Shelton B.,Shelton B.,66.0,5.0,854.0,4070.0,4-6 7-5 4-6
2026-06-18,Queen's Club Championships,ATP500,Grass,2nd Round,3,Hijikata R.,Lehecka J.,Hijikata R.,104.0,12.0,605.0,2640.0,4-6 7-5 7-6
2026-06-18,Queen's Club Championships,ATP500,Grass,2nd Round,3,Moutet C.,Davidovich Fokina A.,Davidovich Fokina A.,36.0,22.0,1283.0,1860.0,4-6 3-6
2026-06-18,Queen's Club Championships,ATP500,Grass,2nd Round,3,Van De Zandschulp B.,Paul T.,Paul T.,56.0,28.0,935.0,1645.0,6-7 3-6
2026-06-19,Halle Open,ATP500,Grass,Quarterfinals,3,Auger-Aliassime F.,Tiafoe F.,Tiafoe F.,4.0,26.0,4390.0,1730.0,6-3 3-6 6-7
2026-06-19,Halle Open,ATP500,Grass,Quarterfinals,3,Medvedev D.,Altmaier D.,Altmaier D.,7.0,81.0,3810.0,740.0,4-6 7-6 4-6
2026-06-19,Halle Open,ATP500,Grass,Quarterfinals,3,Shelton B.,Fritz T.,Fritz T.,5.0,9.0,4070.0,3635.0,7-6 6-7 6-7
2026-06-19,Halle Open,ATP500,Grass,Quarterfinals,3,Zverev A.,Collignon R.,Zverev A.,3.0,51.0,7190.0,966.0,7-6 7-6
2026-06-19,Queen's Club Championships,ATP500,Grass,2nd Round,3,Medjedovic H.,Humbert U.,Humbert U.,67.0,33.0,844.0,1360.0,6-2 6-7 6-7
2026-06-19,Queen's Club Championships,ATP500,Grass,Quarterfinals,3,Davidovich Fokina A.,Paul T.,Paul T.,22.0,28.0,1860.0,1645.0,3-6 6-7
2026-06-19,Queen's Club Championships,ATP500,Grass,Quarterfinals,3,De Minaur A.,Nakashima B.,Nakashima B.,6.0,32.0,4060.0,1385.0,5-7 3-6
2026-06-19,Queen's Club Championships,ATP500,Grass,Quarterfinals,3,Fery A.,Cerundolo F.,Cerundolo F.,140.0,27.0,441.0,1660.0,6-7 6-3 4-6
2026-06-19,Queen's Club Championships,ATP500,Grass,Quarterfinals,3,Hijikata R.,Humbert U.,Humbert U.,104.0,33.0,605.0,1360.0,1-6 2-6
2026-06-20,Halle Open,ATP500,Grass,Semifinals,3,Tiafoe F.,Altmaier D.,Tiafoe F.,26.0,81.0,1730.0,740.0,6-1 6-3
2026-06-20,Halle Open,ATP500,Grass,Semifinals,3,Zverev A.,Fritz T.,Fritz T.,3.0,9.0,7190.0,3635.0,7-6 4-6 5-7
2026-06-20,Queen's Club Championships,ATP500,Grass,Semifinals,3,Cerundolo F.,Nakashima B.,Cerundolo F.,27.0,32.0,1660.0,1385.0,6-7 6-3 6-4
2026-06-20,Queen's Club Championships,ATP500,Grass,Semifinals,3,Humbert U.,Paul T.,Paul T.,33.0,28.0,1360.0,1645.0,3-6 3-6
2026-06-21,Halle Open,ATP500,Grass,The Final,3,Tiafoe F.,Fritz T.,Tiafoe F.,26.0,9.0,1730.0,3635.0,6-4 6-4
2026-06-21,Mallorca Championships,ATP250,Grass,1st Round,3,Borges N.,Mannarino A.,Borges N.,53.0,40.0,945.0,1139.0,6-2 6-2
2026-06-21,Mallorca Championships,ATP250,Grass,1st Round,3,Hanfmann Y.,Vallejo D.,Hanfmann Y.,55.0,73.0,940.0,828.0,7-6 7-6
2026-06-21,Mallorca Championships,ATP250,Grass,1st Round,3,Navone M.,Sonego L.,Sonego L.,38.0,72.0,1165.0,833.0,6-7 6-2 4-6
2026-06-21,Queen's Club Championships,ATP500,Grass,The Final,3,Paul T.,Cerundolo F.,Cerundolo F.,28.0,27.0,1645.0,1660.0,7-6 4-6 3-6
2026-06-22,Eastbourne International,ATP250,Grass,1st Round,3,Atmane T.,Diallo G.,Diallo G.,50.0,91.0,982.0,685.0,7-6 4-6 5-7
2026-06-22,Eastbourne International,ATP250,Grass,1st Round,3,Bergs Z.,Munar J.,Bergs Z.,48.0,44.0,1010.0,1065.0,6-2 6-4
2026-06-22,Eastbourne International,ATP250,Grass,1st Round,3,Cerundolo J.M.,Collignon R.,Cerundolo J.M.,45.0,43.0,1055.0,1069.0,6-4 4-6 7-6
2026-06-22,Eastbourne International,ATP250,Grass,1st Round,3,Giron M.,Draper J.,Draper J.,86.0,160.0,705.0,360.0,4-6 6-7
2026-06-22,Eastbourne International,ATP250,Grass,1st Round,3,Popyrin A.,Choinski J.,Choinski J.,100.0,106.0,630.0,601.0,6-1 2-6 2-6
2026-06-22,Eastbourne International,ATP250,Grass,1st Round,3,Trungelliti M.,Pinnington Jones J.,Pinnington Jones J.,94.0,145.0,670.0,409.0,7-5 3-6 5-7
2026-06-22,Mallorca Championships,ATP250,Grass,1st Round,3,Ghibaudo A.,Kecmanovic M.,Kecmanovic M.,303.0,51.0,177.0,980.0,6-2 3-6 6-7
2026-06-22,Mallorca Championships,ATP250,Grass,1st Round,3,Landaluce M.,Struff J.L.,Struff J.L.,58.0,77.0,926.0,779.0,3-6 6-1 5-7
2026-06-22,Mallorca Championships,ATP250,Grass,1st Round,3,Marozsan F.,Molcan A.,Marozsan F.,62.0,102.0,895.0,626.0,2-6 7-6 7-6
2026-06-22,Mallorca Championships,ATP250,Grass,1st Round,3,Quinn E.,Royer V.,Quinn E.,63.0,75.0,894.0,798.0,6-4 6-3
2026-06-22,Mallorca Championships,ATP250,Grass,1st Round,3,Shelbayh A.,Moutet C.,Shelbayh A.,299.0,36.0,180.0,1278.0,7-5 6-4
2026-06-22,Mallorca Championships,ATP250,Grass,1st Round,3,Walton A.,Kyrgios N.,Walton A.,92.0,900.0,676.0,25.0,6-3 6-4
2026-06-23,Eastbourne International,ATP250,Grass,1st Round,3,Bellucci M.,Humbert U.,Humbert U.,65.0,30.0,876.0,1510.0,6-7 7-6 4-6
2026-06-23,Eastbourne International,ATP250,Grass,1st Round,3,Burruchaga R.,Fery A.,Fery A.,66.0,118.0,875.0,528.0,2-6 6-4 5-7
2026-06-23,Eastbourne International,ATP250,Grass,1st Round,3,Hussey G.,Arnaldi M.,Hussey G.,293.0,35.0,183.0,1336.0,6-4 6-2
2026-06-23,Eastbourne International,ATP250,Grass,1st Round,3,Kovacevic A.,Altmaier D.,Altmaier D.,70.0,59.0,837.0,924.0,4-6 6-7
2026-06-23,Eastbourne International,ATP250,Grass,1st Round,3,Stewart H.,Tirante T. A.,Tirante T. A.,305.0,54.0,177.0,944.0,5-7 2-6
2026-06-23,Eastbourne International,ATP250,Grass,1st Round,3,Vukic A.,Brooksby J.,Brooksby J.,103.0,67.0,614.0,867.0,5-7 1-6
2026-06-23,Mallorca Championships,ATP250,Grass,1st Round,3,Buse I.,Tsitsipas S.,Buse I.,34.0,88.0,1360.0,700.0,7-6 6-3
2026-06-23,Mallorca Championships,ATP250,Grass,1st Round,3,Kopriva V.,Dzumhur D.,Kopriva V.,68.0,104.0,856.0,604.0,6-3 6-4
2026-06-23,Mallorca Championships,ATP250,Grass,1st Round,3,Polmans M.,Dimitrov G.,Dimitrov G.,366.0,164.0,140.0,357.0,1-6 6-7
2026-06-23,Mallorca Championships,ATP250,Grass,2nd Round,3,Borges N.,Struff J.L.,Borges N.,53.0,77.0,945.0,779.0,6-4 7-5
2026-06-23,Mallorca Championships,ATP250,Grass,2nd Round,3,Hanfmann Y.,Darderi L.,Darderi L.,55.0,16.0,940.0,2300.0,5-7 3-6
2026-06-23,Mallorca Championships,ATP250,Grass,2nd Round,3,Marozsan F.,Tabilo A.,Marozsan F.,62.0,33.0,895.0,1428.0,6-2 6-3
2026-06-23,Mallorca Championships,ATP250,Grass,2nd Round,3,Sonego L.,Kecmanovic M.,Kecmanovic M.,72.0,51.0,833.0,980.0,6-2 6-7 4-6
2026-06-24,Eastbourne International,ATP250,Grass,2nd Round,3,Cerundolo J.M.,Fery A.,Cerundolo J.M.,45.0,118.0,1055.0,528.0,6-2 7-6
2026-06-24,Eastbourne International,ATP250,Grass,2nd Round,3,Diallo G.,Etcheverry T.,Diallo G.,91.0,32.0,685.0,1460.0,6-7 6-3 6-2
2026-06-24,Eastbourne International,ATP250,Grass,2nd Round,3,Draper J.,Pinnington Jones J.,Draper J.,160.0,145.0,360.0,409.0,7-5 6-4
2026-06-24,Eastbourne International,ATP250,Grass,2nd Round,3,Gill F.,Choinski J.,Choinski J.,220.0,106.0,260.0,601.0,4-6 7-6 2-6
2026-06-24,Eastbourne International,ATP250,Grass,2nd Round,3,Halys Q.,Hussey G.,Halys Q.,101.0,293.0,626.0,183.0,6-1 7-5
2026-06-24,Eastbourne International,ATP250,Grass,2nd Round,3,Humbert U.,Brooksby J.,Humbert U.,30.0,67.0,1510.0,867.0,6-3 6-2
2026-06-24,Eastbourne International,ATP250,Grass,2nd Round,3,Tirante T. A.,Samuel T.,Samuel T.,54.0,142.0,944.0,414.0,1-6 6-7
2026-06-24,Mallorca Championships,ATP250,Grass,2nd Round,3,Dimitrov G.,Shelbayh A.,Dimitrov G.,164.0,299.0,357.0,180.0,6-2 6-4
2026-06-24,Mallorca Championships,ATP250,Grass,2nd Round,3,Kopriva V.,Buse I.,Kopriva V.,68.0,34.0,856.0,1360.0,7-5 6-1
2026-06-24,Mallorca Championships,ATP250,Grass,2nd Round,3,Quinn E.,Cassone M.,Quinn E.,63.0,291.0,894.0,184.0,6-3 6-7 6-3
2026-06-24,Mallorca Championships,ATP250,Grass,2nd Round,3,Walton A.,Davidovich Fokina A.,Davidovich Fokina A.,92.0,25.0,676.0,1910.0,4-6 5-7
2026-06-25,Eastbourne International,ATP250,Grass,Quarterfinals,3,Cerundolo J.M.,Samuel T.,Samuel T.,45.0,142.0,1055.0,414.0,3-6 4-6
2026-06-25,Eastbourne International,ATP250,Grass,Quarterfinals,3,Choinski J.,Bergs Z.,Bergs Z.,106.0,48.0,601.0,1010.0,3-6 3-6
2026-06-25,Eastbourne International,ATP250,Grass,Quarterfinals,3,Diallo G.,Draper J.,Draper J.,91.0,160.0,685.0,360.0,1-6 4-6
2026-06-25,Eastbourne International,ATP250,Grass,Quarterfinals,3,Halys Q.,Humbert U.,Humbert U.,101.0,30.0,626.0,1510.0,3-6 4-6
2026-06-25,Mallorca Championships,ATP250,Grass,Quarterfinals,3,Borges N.,Darderi L.,Borges N.,53.0,16.0,945.0,2300.0,7-6 6-4
2026-06-25,Mallorca Championships,ATP250,Grass,Quarterfinals,3,Dimitrov G.,Davidovich Fokina A.,Davidovich Fokina A.,164.0,25.0,357.0,1910.0,3-6 3-6
2026-06-25,Mallorca Championships,ATP250,Grass,Quarterfinals,3,Kecmanovic M.,Marozsan F.,Marozsan F.,51.0,62.0,980.0,895.0,4-6 3-6
2026-06-25,Mallorca Championships,ATP250,Grass,Quarterfinals,3,Kopriva V.,Quinn E.,Quinn E.,68.0,63.0,856.0,894.0,7-5 5-7 3-6
2026-06-26,Eastbourne International,ATP250,Grass,Semifinals,3,Humbert U.,Draper J.,Humbert U.,30.0,160.0,1510.0,360.0,7-5 6-3
2026-06-26,Eastbourne International,ATP250,Grass,Semifinals,3,Samuel T.,Bergs Z.,Bergs Z.,142.0,48.0,414.0,1010.0,6-4 6-7 2-6
2026-06-26,Mallorca Championships,ATP250,Grass,Semifinals,3,Borges N.,Quinn E.,Quinn E.,53.0,63.0,945.0,894.0,1-6 2-6
2026-06-26,Mallorca Championships,ATP250,Grass,Semifinals,3,Davidovich Fokina A.,Marozsan F.,Davidovich Fokina A.,25.0,62.0,1910.0,895.0,5-7 6-2 6-4
2026-06-27,Mallorca Championships,ATP250,Grass,The Final,3,Davidovich Fokina A.,Quinn E.,Davidovich Fokina A.,25.0,63.0,1910.0,894.0,7-6 6-3
2026-06-28,Eastbourne International,ATP250,Grass,The Final,3,Bergs Z.,Humbert U.,Bergs Z.,48.0,30.0,1010.0,1510.0,3-6 6-1 6-4
2026-06-29,Wimbledon,Grand Slam,Grass,1st Round,5,Auger-Aliassime F.,Shevchenko A.,Auger-Aliassime F.,4.0,99.0,4390.0,658.0,6-3 6-1 6-4
2026-06-29,Wimbledon,Grand Slam,Grass,1st Round,5,Baez S.,Struff J.L.,Struff J.L.,57.0,74.0,935.0,804.0,1-6 6-7 6-4 6-2 5-7
2026-06-29,Wimbledon,Grand Slam,Grass,1st Round,5,Bautista Agut R.,Fonseca J.,Fonseca J.,183.0,27.0,318.0,1710.0,6-7 4-6 3-6
2026-06-29,Wimbledon,Grand Slam,Grass,1st Round,5,Borges N.,Boyer T.,Borges N.,48.0,191.0,1020.0,302.0,6-3 7-5 7-5
2026-06-29,Wimbledon,Grand Slam,Grass,1st Round,5,Brooksby J.,Vukic A.,Brooksby J.,81.0,104.0,720.0,614.0,7-6 6-1 6-1
2026-06-29,Wimbledon,Grand Slam,Grass,1st Round,5,Davidovich Fokina A.,Cerundolo J.M.,Davidovich Fokina A.,23.0,42.0,2060.0,1108.0,6-4 6-4 7-6
2026-06-29,Wimbledon,Grand Slam,Grass,1st Round,5,Djokovic N.,Wu Y.,Djokovic N.,8.0,102.0,3760.0,634.0,6-4 5-7 6-4 6-4
2026-06-29,Wimbledon,Grand Slam,Grass,1st Round,5,Hurkacz H.,Ruud C.,Hurkacz H.,96.0,12.0,665.0,2425.0,6-4 6-2 7-6
2026-06-29,Wimbledon,Grand Slam,Grass,1st Round,5,Jodar R.,Gill F.,Jodar R.,26.0,220.0,1839.0,260.0,6-3 6-3 7-5
2026-06-29,Wimbledon,Grand Slam,Grass,1st Round,5,Kovacevic A.,Van De Zandschulp B.,Van De Zandschulp B.,70.0,54.0,837.0,969.0,3-6 7-6 4-6 0-6
2026-06-29,Wimbledon,Grand Slam,Grass,1st Round,5,Landaluce M.,Kwon S.,Kwon S.,60.0,200.0,926.0,280.0,4-6 3-6 3-6
2026-06-29,Wimbledon,Grand Slam,Grass,1st Round,5,Medjedovic H.,Ofner S.,Ofner S.,68.0,110.0,844.0,557.0,6-1 2-6 6-4 3-6 4-6
2026-06-29,Wimbledon,Grand Slam,Grass,1st Round,5,Medvedev D.,Cilic M.,Medvedev D.,9.0,62.0,3580.0,911.0,6-1 6-2 6-4
2026-06-29,Wimbledon,Grand Slam,Grass,1st Round,5,Mejia N.,Vallejo D.,Mejia N.,165.0,72.0,349.0,828.0,4-6 6-4 7-5 7-6
2026-06-29,Wimbledon,Grand Slam,Grass,1st Round,5,Mochizuki S.,Basing M.,Mochizuki S.,151.0,329.0,397.0,162.0,6-3 6-0 6-0
2026-06-29,Wimbledon,Grand Slam,Grass,1st Round,5,Nava E.,Buse I.,Buse I.,86.0,34.0,704.0,1375.0,6-7 6-3 5-7 0-6
2026-06-29,Wimbledon,Grand Slam,Grass,1st Round,5,Norrie C.,Zheng M.,Zheng M.,29.0,144.0,1595.0,410.0,7-6 2-6 7-6 3-6 6-7
2026-06-29,Wimbledon,Grand Slam,Grass,1st Round,5,Paul T.,Muller A.,Paul T.,25.0,126.0,1925.0,494.0,6-1 6-2 6-1
2026-06-29,Wimbledon,Grand Slam,Grass,1st Round,5,Prizmic D.,Walton A.,Prizmic D.,89.0,85.0,691.0,704.0,4-6 7-6 6-4 6-2
2026-06-29,Wimbledon,Grand Slam,Grass,1st Round,5,Quinn E.,Darderi L.,Quinn E.,47.0,16.0,1021.0,2300.0,7-6 7-5 6-2
2026-06-29,Wimbledon,Grand Slam,Grass,1st Round,5,Rinderknech A.,Tarvet O.,Rinderknech A.,28.0,348.0,1683.0,147.0,7-6 7-6 4-6 7-5
2026-06-29,Wimbledon,Grand Slam,Grass,1st Round,5,Rublev A.,Safiullin R.,Safiullin R.,13.0,132.0,2420.0,458.0,4-6 7-6 6-3 3-6 6-7
2026-06-29,Wimbledon,Grand Slam,Grass,1st Round,5,Sinner J.,Kecmanovic M.,Sinner J.,1.0,50.0,13450.0,1020.0,4-6 6-3 6-7 6-2 6-3
2026-06-29,Wimbledon,Grand Slam,Grass,1st Round,5,Svrcina D.,Tien L.,Tien L.,112.0,17.0,550.0,2270.0,1-6 4-6 7-6 3-6
2026-06-29,Wimbledon,Grand Slam,Grass,1st Round,5,Tirante T.A.,Marozsan F.,Marozsan F.,55.0,53.0,961.0,970.0,5-7 3-6 4-6
2026-06-29,Wimbledon,Grand Slam,Grass,1st Round,5,Trungelliti M.,Damm M.,Damm M.,94.0,106.0,670.0,603.0,6-7 7-6 6-7 6-7
2026-06-29,Wimbledon,Grand Slam,Grass,1st Round,5,Tsitsipas S.,Gaston H.,Tsitsipas S.,87.0,118.0,700.0,533.0,6-1 6-4 6-2
2026-06-30,Wimbledon,Grand Slam,Grass,1st Round,5,Berrettini M.,Wawrinka S.,Berrettini M.,51.0,109.0,985.0,563.0,6-7 7-6 7-6 7-6
2026-06-30,Wimbledon,Grand Slam,Grass,1st Round,5,Blockx A.,Zverev A.,Zverev A.,36.0,3.0,1275.0,7190.0,4-6 7-6 6-7 6-7
2026-06-30,Wimbledon,Grand Slam,Grass,1st Round,5,De Jong J.,Hijikata R.,De Jong J.,73.0,82.0,808.0,717.0,7-6 3-6 5-7 6-4 6-3
2026-06-30,Wimbledon,Grand Slam,Grass,1st Round,5,De Minaur A.,Burruchaga R.,De Minaur A.,6.0,65.0,4110.0,875.0,7-6 6-1 6-0
2026-06-30,Wimbledon,Grand Slam,Grass,1st Round,5,Duckworth J.,Griekspoor T.,Duckworth J.,79.0,58.0,748.0,935.0,6-4 4-6 7-5 6-4
2026-06-30,Wimbledon,Grand Slam,Grass,1st Round,5,Dzumhur D.,Fery A.,Fery A.,105.0,114.0,604.0,547.0,6-3 2-6 2-6 1-6
2026-06-30,Wimbledon,Grand Slam,Grass,1st Round,5,Faria J.,Shimabukuro S.,Faria J.,98.0,90.0,660.0,691.0,7-6 6-3 6-7 6-3
2026-06-30,Wimbledon,Grand Slam,Grass,1st Round,5,Fearnley J.,Michelsen A.,Fearnley J.,159.0,46.0,362.0,1025.0,3-6 4-6 6-2 6-3 6-2
2026-06-30,Wimbledon,Grand Slam,Grass,1st Round,5,Fils A.,Collignon R.,Fils A.,24.0,43.0,1940.0,1091.0,7-5 6-1 6-3
2026-06-30,Wimbledon,Grand Slam,Grass,1st Round,5,Fritz T.,Lajovic D.,Fritz T.,7.0,153.0,3765.0,378.0,6-3 6-4 6-3
2026-06-30,Wimbledon,Grand Slam,Grass,1st Round,5,Gaubas V.,Jacquet K.,Jacquet K.,129.0,139.0,474.0,433.0,3-6 4-6 6-7
2026-06-30,Wimbledon,Grand Slam,Grass,1st Round,5,Halys Q.,Arnaldi M.,Halys Q.,95.0,35.0,666.0,1349.0,3-6 6-1 7-6 6-3
2026-06-30,Wimbledon,Grand Slam,Grass,1st Round,5,Hanfmann Y.,Mpetshi G.,Hanfmann Y.,56.0,83.0,949.0,710.0,6-7 7-6 6-2 6-3
2026-06-30,Wimbledon,Grand Slam,Grass,1st Round,5,Harris B.,Khachanov K.,Khachanov K.,155.0,22.0,375.0,2080.0,3-6 7-5 3-6 3-6
2026-06-30,Wimbledon,Grand Slam,Grass,1st Round,5,Humbert U.,Bergs Z.,Bergs Z.,30.0,37.0,1575.0,1250.0,2-6 5-7 6-4 6-3 3-6
2026-06-30,Wimbledon,Grand Slam,Grass,1st Round,5,Kokkinakis T.,Bublik A.,Bublik A.,491.0,11.0,90.0,2620.0,6-4 3-6 7-6 3-6 4-6
2026-06-30,Wimbledon,Grand Slam,Grass,1st Round,5,Kopriva V.,Choinski J.,Choinski J.,64.0,100.0,893.0,657.0,3-6 5-7 2-6
2026-06-30,Wimbledon,Grand Slam,Grass,1st Round,5,Kypson P.,McDonald M.,Kypson P.,113.0,145.0,548.0,409.0,3-6 6-1 6-4 6-4
2026-06-30,Wimbledon,Grand Slam,Grass,1st Round,5,Llamas Ruiz P.,Svajda Z.,Svajda Z.,119.0,66.0,525.0,855.0,1-6 2-6 4-6
2026-06-30,Wimbledon,Grand Slam,Grass,1st Round,5,Mannarino A.,Droguet T.,Mannarino A.,40.0,116.0,1139.0,534.0,6-2 6-4 6-1
2026-06-30,Wimbledon,Grand Slam,Grass,1st Round,5,Mensik J.,Samuel T.,Mensik J.,18.0,123.0,2255.0,515.0,5-7 6-3 6-3 3-6 7-6
2026-06-30,Wimbledon,Grand Slam,Grass,1st Round,5,Moutet C.,Giron M.,Giron M.,39.0,92.0,1163.0,680.0,6-4 4-6 5-7 4-6
2026-06-30,Wimbledon,Grand Slam,Grass,1st Round,5,Munar J.,Cerundolo F.,Munar J.,44.0,21.0,1075.0,2110.0,6-1 6-4 6-3
2026-06-30,Wimbledon,Grand Slam,Grass,1st Round,5,Pinnington Jones J.,Nakashima B.,Nakashima B.,138.0,31.0,434.0,1485.0,3-6 6-7 5-7
2026-06-30,Wimbledon,Grand Slam,Grass,1st Round,5,Popyrin A.,Lehecka J.,Lehecka J.,103.0,14.0,630.0,2360.0,4-6 2-6 4-6
2026-06-30,Wimbledon,Grand Slam,Grass,1st Round,5,Royer V.,Wendelken H.,Royer V.,75.0,202.0,798.0,280.0,4-6 6-3 6-3 6-3
2026-06-30,Wimbledon,Grand Slam,Grass,1st Round,5,Sonego L.,Etcheverry T.,Sonego L.,69.0,32.0,843.0,1460.0,6-4 6-4 6-7 7-6
2026-06-30,Wimbledon,Grand Slam,Grass,1st Round,5,Sweeny D.,Dimitrov G.,Dimitrov G.,127.0,146.0,493.0,407.0,6-7 3-6 5-7
2026-06-30,Wimbledon,Grand Slam,Grass,1st Round,5,Tabilo A.,Majchrzak K.,Majchrzak K.,33.0,45.0,1428.0,1032.0,3-6 5-7 5-7
2026-06-30,Wimbledon,Grand Slam,Grass,1st Round,5,Virtanen O.,Shelton B.,Virtanen O.,140.0,5.0,432.0,4160.0,6-4 3-6 6-7 6-2 7-6
2026-07-01,Wimbledon,Grand Slam,Grass,1st Round,5,Altmaier D.,Molcan A.,Molcan A.,61.0,101.0,924.0,639.0,4-6 6-3 5-7 2-6
2026-07-01,Wimbledon,Grand Slam,Grass,1st Round,5,Navone M.,Cobolli F.,Cobolli F.,38.0,10.0,1165.0,3460.0,6-1 6-7 3-6 6-7
2026-07-01,Wimbledon,Grand Slam,Grass,1st Round,5,Tiafoe F.,Atmane T.,Tiafoe F.,19.0,52.0,2180.0,982.0,7-6 6-1 4-6 6-4
2026-07-01,Wimbledon,Grand Slam,Grass,2nd Round,5,Auger-Aliassime F.,Prizmic D.,Auger-Aliassime F.,4.0,89.0,4390.0,691.0,7-6 6-3 7-5
2026-07-01,Wimbledon,Grand Slam,Grass,2nd Round,5,Buse I.,Brooksby J.,Brooksby J.,34.0,81.0,1375.0,720.0,2-6 2-6 3-6
2026-07-01,Wimbledon,Grand Slam,Grass,2nd Round,5,Damm M.,Rinderknech A.,Rinderknech A.,106.0,28.0,603.0,1683.0,4-6 6-7 3-6
2026-07-01,Wimbledon,Grand Slam,Grass,2nd Round,5,Davidovich Fokina A.,Marozsan F.,Davidovich Fokina A.,23.0,53.0,2060.0,970.0,6-3 6-0 6-3
2026-07-01,Wimbledon,Grand Slam,Grass,2nd Round,5,Fonseca J.,De Jong J.,Fonseca J.,27.0,73.0,1710.0,808.0,6-1 7-5 6-4
2026-07-01,Wimbledon,Grand Slam,Grass,2nd Round,5,Fucsovics M.,Tien L.,Fucsovics M.,76.0,17.0,781.0,2270.0,6-7 6-4 7-6 6-3
2026-07-01,Wimbledon,Grand Slam,Grass,2nd Round,5,Hurkacz H.,Ofner S.,Hurkacz H.,96.0,110.0,665.0,557.0,7-6 6-4 6-4
2026-07-01,Wimbledon,Grand Slam,Grass,2nd Round,5,Medvedev D.,Merida Aguilar D.,Medvedev D.,9.0,84.0,3580.0,706.0,3-6 6-3 7-5 6-2
2026-07-01,Wimbledon,Grand Slam,Grass,2nd Round,5,Paul T.,Kwon S.,Paul T.,25.0,200.0,1925.0,280.0,6-3 7-6 6-2
2026-07-01,Wimbledon,Grand Slam,Grass,2nd Round,5,Quinn E.,Mochizuki S.,Mochizuki S.,47.0,151.0,1021.0,397.0,2-6 6-7 5-7
2026-07-01,Wimbledon,Grand Slam,Grass,2nd Round,5,Safiullin R.,Van De Zandschulp B.,Safiullin R.,132.0,54.0,458.0,969.0,6-0 4-6 6-3 3-6 7-6
2026-07-01,Wimbledon,Grand Slam,Grass,2nd Round,5,Sinner J.,Borges N.,Sinner J.,1.0,48.0,13450.0,1020.0,7-6 7-6 6-4
2026-07-01,Wimbledon,Grand Slam,Grass,2nd Round,5,Tsitsipas S.,Djokovic N.,Djokovic N.,87.0,8.0,700.0,3760.0,3-6 4-6 2-6
2026-07-01,Wimbledon,Grand Slam,Grass,2nd Round,5,Zheng M.,Mejia N.,Zheng M.,144.0,165.0,410.0,349.0,6-7 7-6 6-1 6-4
2026-07-02,Wimbledon,Grand Slam,Grass,2nd Round,5,Berrettini M.,Fils A.,Berrettini M.,51.0,24.0,985.0,1940.0,6-4 7-5 3-6 6-3
2026-07-02,Wimbledon,Grand Slam,Grass,2nd Round,5,Choinski J.,Tiafoe F.,Tiafoe F.,100.0,19.0,657.0,2180.0,6-4 2-6 5-7 2-6
2026-07-02,Wimbledon,Grand Slam,Grass,2nd Round,5,De Minaur A.,Mannarino A.,De Minaur A.,6.0,40.0,4110.0,1139.0,6-3 6-2 6-2
2026-07-02,Wimbledon,Grand Slam,Grass,2nd Round,5,Dimitrov G.,Mensik J.,Dimitrov G.,146.0,18.0,407.0,2255.0,7-6 4-6 7-5 6-3
2026-07-02,Wimbledon,Grand Slam,Grass,2nd Round,5,Duckworth J.,Cobolli F.,Cobolli F.,79.0,10.0,748.0,3460.0,6-7 6-3 6-7 1-6
2026-07-02,Wimbledon,Grand Slam,Grass,2nd Round,5,Faria J.,Bergs Z.,Bergs Z.,98.0,37.0,660.0,1250.0,6-7 6-4 2-6 3-6
2026-07-02,Wimbledon,Grand Slam,Grass,2nd Round,5,Fery A.,Virtanen O.,Fery A.,114.0,140.0,547.0,432.0,5-7 7-6 6-3 6-3
2026-07-02,Wimbledon,Grand Slam,Grass,2nd Round,5,Fritz T.,Kypson P.,Fritz T.,7.0,113.0,3765.0,548.0,6-2 6-2 7-5
2026-07-02,Wimbledon,Grand Slam,Grass,2nd Round,5,Giron M.,Halys Q.,Giron M.,92.0,95.0,680.0,666.0,7-6 6-3 6-4
2026-07-02,Wimbledon,Grand Slam,Grass,2nd Round,5,Jacquet K.,Bublik A.,Bublik A.,139.0,11.0,433.0,2620.0,3-6 4-6 6-7
2026-07-02,Wimbledon,Grand Slam,Grass,2nd Round,5,Jodar R.,Carreno Busta P.,Jodar R.,26.0,71.0,1839.0,834.0,3-6 6-3 1-6 6-3 6-4
2026-07-02,Wimbledon,Grand Slam,Grass,2nd Round,5,Khachanov K.,Hanfmann Y.,Khachanov K.,22.0,56.0,2080.0,949.0,6-3 6-4 6-4
2026-07-02,Wimbledon,Grand Slam,Grass,2nd Round,5,Lehecka J.,Molcan A.,Lehecka J.,14.0,101.0,2360.0,639.0,6-3 6-2 6-4
2026-07-02,Wimbledon,Grand Slam,Grass,2nd Round,5,Majchrzak K.,Svajda Z.,Svajda Z.,45.0,66.0,1032.0,855.0,6-2 2-6 7-6 4-6 3-6
2026-07-02,Wimbledon,Grand Slam,Grass,2nd Round,5,Munar J.,Fearnley J.,Munar J.,44.0,159.0,1075.0,362.0,6-4 7-6 6-4
2026-07-02,Wimbledon,Grand Slam,Grass,2nd Round,5,Royer V.,Zverev A.,Zverev A.,75.0,3.0,798.0,7190.0,1-6 3-6 6-7
2026-07-02,Wimbledon,Grand Slam,Grass,2nd Round,5,Sonego L.,Diallo G.,Sonego L.,69.0,88.0,843.0,695.0,7-6 4-6 7-6 6-7 6-2
2026-07-02,Wimbledon,Grand Slam,Grass,2nd Round,5,Struff J.L.,Nakashima B.,Struff J.L.,74.0,31.0,804.0,1485.0,4-6 7-6 7-6 6-7 7-6
2026-07-03,Wimbledon,Grand Slam,Grass,3rd Round,5,Brooksby J.,Sinner J.,Sinner J.,81.0,1.0,720.0,13450.0,4-6 3-6 4-6
2026-07-03,Wimbledon,Grand Slam,Grass,3rd Round,5,Davidovich Fokina A.,Fucsovics M.,Davidovich Fokina A.,23.0,76.0,2060.0,781.0,7-6 6-2 6-3
2026-07-03,Wimbledon,Grand Slam,Grass,3rd Round,5,Djokovic N.,Rinderknech A.,Djokovic N.,8.0,28.0,3760.0,1683.0,7-5 6-4 1-6 7-6
2026-07-03,Wimbledon,Grand Slam,Grass,3rd Round,5,Jodar R.,Mochizuki S.,Mochizuki S.,26.0,151.0,1839.0,397.0,6-1 6-7 4-6 4-6
2026-07-03,Wimbledon,Grand Slam,Grass,3rd Round,5,Medvedev D.,Struff J.L.,Struff J.L.,9.0,74.0,3580.0,804.0,6-7 6-7 5-7
2026-07-03,Wimbledon,Grand Slam,Grass,3rd Round,5,Paul T.,Hurkacz H.,Hurkacz H.,25.0,96.0,1925.0,665.0,6-4 6-7 5-7 2-6
2026-07-03,Wimbledon,Grand Slam,Grass,3rd Round,5,Safiullin R.,Fonseca J.,Safiullin R.,132.0,27.0,458.0,1710.0,6-3 6-3 6-3
2026-07-03,Wimbledon,Grand Slam,Grass,3rd Round,5,Zheng M.,Auger-Aliassime F.,Auger-Aliassime F.,144.0,4.0,410.0,4390.0,6-7 2-6 1-6
2026-07-04,Wimbledon,Grand Slam,Grass,3rd Round,5,De Minaur A.,Svajda Z.,De Minaur A.,6.0,66.0,4110.0,855.0,6-2 5-7 6-2 6-4
2026-07-04,Wimbledon,Grand Slam,Grass,3rd Round,3,Dimitrov G.,Berrettini M.,Dimitrov G.,146.0,51.0,407.0,985.0,6-3 6-4 3-6 5-7 6-3
2026-07-04,Wimbledon,Grand Slam,Grass,3rd Round,5,Fery A.,Bergs Z.,Fery A.,114.0,37.0,547.0,1250.0,2-6 7-5 2-6 7-6 7-6
2026-07-04,Wimbledon,Grand Slam,Grass,3rd Round,5,Fritz T.,Sonego L.,Fritz T.,7.0,69.0,3765.0,843.0,4-6 6-3 6-4 7-6
2026-07-04,Wimbledon,Grand Slam,Grass,3rd Round,5,Khachanov K.,Cobolli F.,Cobolli F.,22.0,10.0,2080.0,3460.0,6-0 6-7 7-6 2-6 2-6
2026-07-04,Wimbledon,Grand Slam,Grass,3rd Round,5,Munar J.,Lehecka J.,Lehecka J.,44.0,14.0,1075.0,2360.0,4-6 4-6 6-4 4-6
2026-07-04,Wimbledon,Grand Slam,Grass,3rd Round,5,Tiafoe F.,Bublik A.,Bublik A.,19.0,11.0,2180.0,2620.0,6-4 6-7 6-7 6-4 3-6
2026-07-04,Wimbledon,Grand Slam,Grass,3rd Round,5,Zverev A.,Giron M.,Zverev A.,3.0,92.0,7190.0,680.0,6-2 7-6 6-4
2026-07-05,Wimbledon,Grand Slam,Grass,4th Round,5,Auger-Aliassime F.,Davidovich Fokina A.,Auger-Aliassime F.,4.0,23.0,4390.0,2060.0,6-7 7-6 6-3 6-7 6-1
2026-07-05,Wimbledon,Grand Slam,Grass,4th Round,5,Safiullin R.,Djokovic N.,Djokovic N.,132.0,8.0,458.0,3760.0,6-7 3-6 6-3 3-6
2026-07-05,Wimbledon,Grand Slam,Grass,4th Round,5,Sinner J.,Mochizuki S.,Sinner J.,1.0,151.0,13450.0,397.0,6-3 7-6 6-3
2026-07-06,Wimbledon,Grand Slam,Grass,4th Round,5,Bublik A.,Fritz T.,Fritz T.,11.0,7.0,2620.0,3765.0,6-7 4-6 4-6
2026-07-06,Wimbledon,Grand Slam,Grass,4th Round,5,De Minaur A.,Cobolli F.,Cobolli F.,6.0,10.0,4110.0,3460.0,5-7 6-7 3-6
2026-07-06,Wimbledon,Grand Slam,Grass,4th Round,5,Fery A.,Dimitrov G.,Fery A.,114.0,146.0,547.0,407.0,7-5 3-6 4-6 6-4 7-6
2026-07-07,Wimbledon,Grand Slam,Grass,4th Round,5,Lehecka J.,Zverev A.,Zverev A.,14.0,3.0,2360.0,7190.0,4-6 5-7 6-3 6-7
2026-07-07,Wimbledon,Grand Slam,Grass,Quarterfinals,5,Auger-Aliassime F.,Djokovic N.,Djokovic N.,4.0,8.0,4390.0,3760.0,6-7 6-3 3-6 7-6 6-7
2026-07-07,Wimbledon,Grand Slam,Grass,Quarterfinals,5,Sinner J.,Struff J.L.,Sinner J.,1.0,74.0,13450.0,804.0,7-5 7-6 6-3
2026-07-08,Wimbledon,Grand Slam,Grass,Quarterfinals,5,Fery A.,Cobolli F.,Fery A.,114.0,10.0,547.0,3460.0,6-4 7-6 6-0
2026-07-08,Wimbledon,Grand Slam,Grass,Quarterfinals,5,Fritz T.,Zverev A.,Zverev A.,7.0,3.0,3765.0,7190.0,4-6 4-6 2-6
2026-07-10,Wimbledon,Grand Slam,Grass,Semifinals,5,Fery A.,Zverev A.,Zverev A.,114.0,3.0,547.0,7190.0,6-7 2-6 4-6
2026-07-10,Wimbledon,Grand Slam,Grass,Semifinals,5,Sinner J.,Djokovic N.,Sinner J.,1.0,8.0,13450.0,3760.0,6-4 6-4 6-4
2026-07-12,Wimbledon,Grand Slam,Grass,The Final,5,Sinner J.,Zverev A.,Sinner J.,1.0,3.0,13450.0,7190.0,6-7 7-6 6-3 6-4
2026-07-13,Croatia Open,ATP250,Clay,1st Round,3,Jacquet K.,Trungelliti M.,Trungelliti M.,130.0,99.0,497.0,666.0,2-6 3-6
2026-07-13,Croatia Open,ATP250,Clay,1st Round,3,Lajovic D.,Van Assche L.,Van Assche L.,152.0,86.0,378.0,737.0,6-2 5-7 4-6
2026-07-13,Croatia Open,ATP250,Clay,1st Round,3,Prizmic D.,Kopriva V.,Prizmic D.,84.0,64.0,741.0,893.0,6-1 6-3
2026-07-13,Croatia Open,ATP250,Clay,1st Round,3,Rocha H.,Dzumhur D.,Dzumhur D.,124.0,108.0,517.0,604.0,2-6 1-6
2026-07-13,Nordea Open,ATP250,Clay,1st Round,3,Gaubas V.,De Jong J.,De Jong J.,128.0,73.0,508.0,808.0,6-7 5-7
2026-07-13,Suisse Open Gstaad,ATP250,Clay,1st Round,3,Feldbausch K.,Kecmanovic M.,Kecmanovic M.,262.0,59.0,216.0,930.0,1-6 6-1 3-6
2026-07-13,Suisse Open Gstaad,ATP250,Clay,1st Round,3,Rodionov J.,Tabur C.,Tabur C.,143.0,178.0,427.0,319.0,6-4 5-7 4-6
2026-07-13,Suisse Open Gstaad,ATP250,Clay,1st Round,3,Skatov T.,Collignon R.,Collignon R.,163.0,42.0,343.0,1091.0,6-3 6-7 4-6
2026-07-13,Suisse Open Gstaad,ATP250,Clay,1st Round,3,Sonego L.,Schwaerzler J.J.,Sonego L.,83.0,171.0,743.0,331.0,6-4 7-6
2026-07-13,Suisse Open Gstaad,ATP250,Clay,1st Round,3,Stricker D.,Munar J.,Stricker D.,360.0,44.0,140.0,1075.0,6-2 6-4
2026-07-14,Croatia Open,ATP250,Clay,1st Round,3,Cecchinato M.,Burruchaga R.,Burruchaga R.,175.0,67.0,323.0,875.0,1-6 4-6
2026-07-14,Croatia Open,ATP250,Clay,1st Round,3,Dodig M.,Carreno Busta P.,Carreno Busta P.,254.0,65.0,220.0,884.0,4-6 2-6
2026-07-14,Croatia Open,ATP250,Clay,1st Round,3,Droguet T.,Blockx A.,Droguet T.,119.0,37.0,528.0,1233.0,3-6 6-2 6-0
2026-07-14,Croatia Open,ATP250,Clay,1st Round,3,Gomez F.A.,McDonald N.,Gomez F.A.,209.0,505.0,268.0,86.0,6-3 7-6
2026-07-14,Croatia Open,ATP250,Clay,1st Round,3,Merida Aguilar D.,Sesko Z.,Merida Aguilar D.,82.0,957.0,750.0,22.0,6-4 6-1
2026-07-14,Croatia Open,ATP250,Clay,1st Round,3,Neumayer L.,Prado Angelo J.C.,Prado Angelo J.C.,162.0,173.0,343.0,327.0,3-6 6-7
2026-07-14,Croatia Open,ATP250,Clay,1st Round,3,Royer V.,Molcan A.,Molcan A.,77.0,101.0,768.0,649.0,4-6 5-7
2026-07-14,Croatia Open,ATP250,Clay,1st Round,3,Ugo Carabelli C.,Topo M.,Ugo Carabelli C.,58.0,374.0,930.0,134.0,6-7 7-6 6-3
2026-07-14,Nordea Open,ATP250,Clay,1st Round,3,Altmaier D.,Gaston H.,Altmaier D.,60.0,107.0,924.0,619.0,6-2 7-5
2026-07-14,Nordea Open,ATP250,Clay,1st Round,3,Borges N.,Kouame M.,Borges N.,52.0,211.0,970.0,263.0,6-4 6-2
2026-07-14,Nordea Open,ATP250,Clay,1st Round,3,Budkov Kjaer N.,Pellegrino A.,Pellegrino A.,118.0,138.0,530.0,459.0,3-6 2-6
2026-07-14,Nordea Open,ATP250,Clay,1st Round,3,Choinski J.,Basilashvili N.,Basilashvili N.,75.0,135.0,775.0,474.0,4-6 6-7
2026-07-14,Nordea Open,ATP250,Clay,1st Round,3,Dahlin M.,Baez S.,Baez S.,1360.0,56.0,6.0,935.0,6-4 4-6 1-6
2026-07-14,Nordea Open,ATP250,Clay,1st Round,3,Damas M.,Vallejo D.,Vallejo D.,300.0,71.0,178.0,830.0,3-6 3-6
2026-07-14,Nordea Open,ATP250,Clay,1st Round,3,Daniel T.,Van De Zandschulp B.,Van De Zandschulp B.,194.0,55.0,285.0,969.0,6-7 4-6
2026-07-14,Nordea Open,ATP250,Clay,1st Round,3,Diaz Acosta F.,Midon L.,Midon L.,110.0,213.0,604.0,261.0,6-3 4-6 2-6
2026-07-14,Nordea Open,ATP250,Clay,1st Round,3,Dimitrov G.,Svrcina D.,Dimitrov G.,146.0,114.0,407.0,554.0,7-6 1-6 6-4
2026-07-14,Nordea Open,ATP250,Clay,1st Round,3,Ofner S.,Tirante T.A.,Tirante T.A.,125.0,61.0,515.0,921.0,3-6 4-6
2026-07-14,Nordea Open,ATP250,Clay,1st Round,3,Travaglia S.,Krumich M.,Travaglia S.,150.0,278.0,385.0,203.0,6-4 6-2
2026-07-14,Suisse Open Gstaad,ATP250,Clay,1st Round,3,Buse I.,Tsitsipas S.,Tsitsipas S.,33.0,85.0,1413.0,740.0,4-6 4-6
2026-07-14,Suisse Open Gstaad,ATP250,Clay,1st Round,3,Dietrich D.,Kym J.,Kym J.,618.0,186.0,59.0,310.0,6-7 6-2 6-7
2026-07-14,Suisse Open Gstaad,ATP250,Clay,1st Round,3,Halys Q.,Cina F.,Halys Q.,90.0,184.0,706.0,312.0,6-3 3-6 7-6
2026-07-14,Suisse Open Gstaad,ATP250,Clay,1st Round,3,Hanfmann Y.,Martinez P.,Hanfmann Y.,51.0,157.0,974.0,358.0,7-6 6-1
2026-07-14,Suisse Open Gstaad,ATP250,Clay,1st Round,3,Kolar Z.,Cerundolo J.M.,Cerundolo J.M.,153.0,45.0,370.0,1054.0,6-4 3-6 4-6
2026-07-14,Suisse Open Gstaad,ATP250,Clay,1st Round,3,Shevchenko A.,Muller A.,Shevchenko A.,100.0,132.0,658.0,494.0,3-6 6-3 6-4
2026-07-14,Suisse Open Gstaad,ATP250,Clay,1st Round,3,Wawrinka S.,Faria J.,Faria J.,117.0,92.0,538.0,700.0,7-6 4-6 4-6
2026-07-15,Croatia Open,ATP250,Clay,2nd Round,3,Arnaldi M.,Gomez F.A.,Arnaldi M.,34.0,209.0,1349.0,268.0,6-3 5-7 6-3
2026-07-15,Croatia Open,ATP250,Clay,2nd Round,3,Carreno Busta P.,Ugo Carabelli C.,Ugo Carabelli C.,65.0,58.0,884.0,930.0,6-3 5-7 5-7
2026-07-15,Croatia Open,ATP250,Clay,2nd Round,3,Cobolli F.,Burruchaga R.,Burruchaga R.,9.0,67.0,3460.0,875.0,2-6 4-6
2026-07-15,Croatia Open,ATP250,Clay,2nd Round,3,Davidovich Fokina A.,Trungelliti M.,Davidovich Fokina A.,20.0,99.0,2160.0,666.0,6-4 7-5
2026-07-15,Croatia Open,ATP250,Clay,2nd Round,3,Droguet T.,Van Assche L.,Droguet T.,119.0,86.0,528.0,737.0,6-1 1-6 7-5
2026-07-15,Croatia Open,ATP250,Clay,2nd Round,3,Merida Aguilar D.,Etcheverry T.,Merida Aguilar D.,82.0,30.0,750.0,1460.0,7-5 6-4
2026-07-15,Croatia Open,ATP250,Clay,2nd Round,3,Prado Angelo J.C.,Dzumhur D.,Dzumhur D.,173.0,108.0,327.0,604.0,6-7 1-6
2026-07-15,Nordea Open,ATP250,Clay,2nd Round,3,Darderi L.,Altmaier D.,Darderi L.,18.0,60.0,2210.0,924.0,6-4 6-4
2026-07-15,Nordea Open,ATP250,Clay,2nd Round,3,Dimitrov G.,Borges N.,Borges N.,146.0,52.0,407.0,970.0,4-6 2-6
2026-07-15,Nordea Open,ATP250,Clay,2nd Round,3,Travaglia S.,Navone M.,Travaglia S.,150.0,48.0,385.0,1016.0,6-4 6-2
2026-07-15,Nordea Open,ATP250,Clay,2nd Round,3,Van De Zandschulp B.,Vallejo D.,Vallejo D.,55.0,71.0,969.0,830.0,6-4 3-6 6-7
2026-07-15,Suisse Open Gstaad,ATP250,Clay,2nd Round,3,Sonego L.,Collignon R.,Collignon R.,83.0,42.0,743.0,1091.0,6-7 6-7
2026-07-15,Suisse Open Gstaad,ATP250,Clay,2nd Round,3,Tabur C.,Rinderknech A.,Rinderknech A.,178.0,28.0,319.0,1683.0,7-6 6-7 5-7
2026-07-15,Suisse Open Gstaad,ATP250,Clay,2nd Round,3,Vacherot V.,Hanfmann Y.,Vacherot V.,21.0,51.0,2138.0,974.0,4-6 6-3 6-4
2026-07-16,Croatia Open,ATP250,Clay,Quarterfinals,3,Arnaldi M.,Dzumhur D.,Dzumhur D.,34.0,108.0,1349.0,604.0,6-7 7-6 6-7
2026-07-16,Croatia Open,ATP250,Clay,Quarterfinals,3,Davidovich Fokina A.,Molcan A.,Molcan A.,20.0,101.0,2160.0,649.0,6-3 1-6 2-6
2026-07-16,Croatia Open,ATP250,Clay,Quarterfinals,3,Droguet T.,Merida Aguilar D.,Merida Aguilar D.,119.0,82.0,528.0,750.0,1-6 3-6
2026-07-16,Croatia Open,ATP250,Clay,Quarterfinals,3,Ugo Carabelli C.,Burruchaga R.,Burruchaga R.,58.0,67.0,930.0,875.0,2-6 6-2 3-6
2026-07-16,Nordea Open,ATP250,Clay,2nd Round,3,Baez S.,De Jong J.,Baez S.,56.0,73.0,935.0,808.0,6-4 6-2
2026-07-16,Nordea Open,ATP250,Clay,2nd Round,3,Rublev A.,Pellegrino A.,Rublev A.,16.0,138.0,2230.0,459.0,7-6 6-7 6-3
2026-07-16,Nordea Open,ATP250,Clay,2nd Round,3,Tabilo A.,Midon L.,Tabilo A.,31.0,213.0,1438.0,261.0,6-4 6-7 6-4
2026-07-16,Nordea Open,ATP250,Clay,2nd Round,3,Tirante T.A.,Basilashvili N.,Tirante T.A.,61.0,135.0,921.0,474.0,7-5 3-6 6-4
2026-07-16,Suisse Open Gstaad,ATP250,Clay,2nd Round,3,Cerundolo J.M.,Kecmanovic M.,Cerundolo J.M.,45.0,59.0,1054.0,930.0,3-6 6-3 7-5
2026-07-16,Suisse Open Gstaad,ATP250,Clay,2nd Round,3,Faria J.,Ruud C.,Ruud C.,92.0,13.0,700.0,2435.0,7-6 4-6 2-6
2026-07-16,Suisse Open Gstaad,ATP250,Clay,2nd Round,3,Tsitsipas S.,Kym J.,Tsitsipas S.,85.0,186.0,740.0,310.0,6-4 6-7 7-6
2026-07-17,Croatia Open,ATP250,Clay,Semifinals,3,Merida Aguilar D.,Burruchaga R.,Merida Aguilar D.,82.0,67.0,750.0,875.0,6-4 6-2
2026-07-17,Croatia Open,ATP250,Clay,Semifinals,3,Molcan A.,Dzumhur D.,Dzumhur D.,101.0,108.0,649.0,604.0,6-3 4-6 3-6
2026-07-17,Nordea Open,ATP250,Clay,Quarterfinals,3,Darderi L.,Borges N.,Darderi L.,18.0,52.0,2210.0,970.0,7-6 6-4
2026-07-17,Nordea Open,ATP250,Clay,Quarterfinals,3,Rublev A.,Baez S.,Rublev A.,16.0,56.0,2230.0,935.0,6-1 6-2
2026-07-17,Nordea Open,ATP250,Clay,Quarterfinals,3,Travaglia S.,Vallejo D.,Vallejo D.,150.0,71.0,385.0,830.0,6-7 2-6
2026-07-17,Suisse Open Gstaad,ATP250,Clay,2nd Round,3,Halys Q.,Bublik A.,Halys Q.,90.0,11.0,706.0,2810.0,6-7 6-4 7-6
2026-07-17,Suisse Open Gstaad,ATP250,Clay,2nd Round,3,Stricker D.,Shevchenko A.,Shevchenko A.,360.0,100.0,140.0,658.0,6-7 2-6
2026-07-17,Suisse Open Gstaad,ATP250,Clay,Quarterfinals,3,Collignon R.,Vacherot V.,Collignon R.,42.0,21.0,1091.0,2138.0,7-6 4-6 7-5
2026-07-17,Suisse Open Gstaad,ATP250,Clay,Quarterfinals,3,Ruud C.,Cerundolo J.M.,Cerundolo J.M.,13.0,45.0,2435.0,1054.0,6-3 5-7 2-6
2026-07-17,Suisse Open Gstaad,ATP250,Clay,Quarterfinals,3,Shevchenko A.,Halys Q.,Shevchenko A.,100.0,90.0,658.0,706.0,7-6 6-3
2026-07-17,Suisse Open Gstaad,ATP250,Clay,Quarterfinals,3,Tsitsipas S.,Rinderknech A.,Tsitsipas S.,85.0,28.0,740.0,1683.0,6-3 3-6 6-3
2026-07-18,Croatia Open,ATP250,Clay,The Final,3,Dzumhur D.,Merida Aguilar D.,Merida Aguilar D.,108.0,82.0,604.0,750.0,2-6 7-5 2-6
2026-07-18,Nordea Open,ATP250,Clay,Semifinals,3,Darderi L.,Vallejo D.,Darderi L.,18.0,71.0,2210.0,830.0,6-4 6-7 6-3
2026-07-18,Nordea Open,ATP250,Clay,Semifinals,3,Rublev A.,Tabilo A.,Rublev A.,16.0,31.0,2230.0,1438.0,6-4 4-6 6-4
2026-07-18,Suisse Open Gstaad,ATP250,Clay,Semifinals,3,Cerundolo J.M.,Collignon R.,Collignon R.,45.0,42.0,1054.0,1091.0,6-1 6-7 5-7
2026-07-18,Suisse Open Gstaad,ATP250,Clay,Semifinals,3,Tsitsipas S.,Shevchenko A.,Tsitsipas S.,85.0,100.0,740.0,658.0,6-4 3-6 6-3
2026-07-19,Nordea Open,ATP250,Clay,The Final,3,Darderi L.,Rublev A.,Rublev A.,18.0,16.0,2210.0,2230.0,4-6 3-6
2026-07-19,Suisse Open Gstaad,ATP250,Clay,The Final,3,Collignon R.,Tsitsipas S.,Tsitsipas S.,42.0,85.0,1091.0,740.0,4-6 7-6 3-6
2026-07-20,Estoril Open,ATP250,Clay,1st Round,3,Rocha H.,Martinez P.,Martinez P.,123.0,159.0,517.0,358.0,5-7 5-7
2026-07-20,Estoril Open,ATP250,Clay,1st Round,3,Torres T.,Basilashvili N.,Torres T.,427.0,130.0,109.0,499.0,6-4 6-2
2026-07-20,Estoril Open,ATP250,Clay,1st Round,3,Ugo Carabelli C.,Droguet T.,Droguet T.,69.0,114.0,880.0,570.0,0-6 6-3 4-6
2026-07-20,Estoril Open,ATP250,Clay,1st Round,3,Van Assche L.,Ferreira Silva F.,Van Assche L.,78.0,235.0,755.0,240.0,7-5 6-7 6-1
2026-07-20,Generali Open,ATP250,Clay,1st Round,3,Buse I.,Kopriva V.,Buse I.,35.0,68.0,1312.0,881.0,7-5 6-7 6-1
2026-07-20,Generali Open,ATP250,Clay,1st Round,3,Diaz Acosta F.,Cina F.,Diaz Acosta F.,108.0,184.0,604.0,317.0,4-6 6-3 6-4
2026-07-20,Generali Open,ATP250,Clay,1st Round,3,Muller A.,Navone M.,Navone M.,133.0,47.0,494.0,1005.0,4-6 0-6
2026-07-20,Generali Open,ATP250,Clay,1st Round,3,Neumayer L.,Hanfmann Y.,Hanfmann Y.,172.0,52.0,334.0,974.0,6-7 4-6
2026-07-20,Generali Open,ATP250,Clay,1st Round,3,Schwaerzler J.J.,Rodionov J.,Rodionov J.,185.0,145.0,315.0,427.0,4-6 2-6
2026-07-21,Estoril Open,ATP250,Clay,1st Round,3,Borges N.,Luz O.,Borges N.,48.0,1072.0,995.0,15.0,6-3 6-3
2026-07-21,Estoril Open,ATP250,Clay,1st Round,3,Bueno G.,Pereira T.,Bueno G.,180.0,371.0,321.0,133.0,6-3 1-6 7-6
2026-07-21,Estoril Open,ATP250,Clay,1st Round,3,Burruchaga R.,Wawrinka S.,Burruchaga R.,60.0,118.0,925.0,538.0,6-4 4-6 6-3
2026-07-21,Estoril Open,ATP250,Clay,1st Round,3,Carreno Busta P.,Gaubas V.,Carreno Busta P.,65.0,128.0,896.0,507.0,6-1 6-3
2026-07-21,Estoril Open,ATP250,Clay,1st Round,3,Merida Aguilar D.,Jacquet K.,Jacquet K.,59.0,134.0,925.0,489.0,6-1 1-6 5-7
2026-07-21,Estoril Open,ATP250,Clay,1st Round,3,Skatov T.,De Jong J.,Skatov T.,163.0,98.0,349.0,668.0,1-6 6-4 6-3
2026-07-21,Estoril Open,ATP250,Clay,1st Round,3,Van De Zandschulp B.,Faria J.,Faria J.,55.0,88.0,969.0,718.0,3-6 4-6
2026-07-21,Generali Open,ATP250,Clay,1st Round,3,Cerundolo J.M.,Trungelliti M.,Trungelliti M.,50.0,95.0,989.0,678.0,2-6 1-6
2026-07-21,Generali Open,ATP250,Clay,1st Round,3,Collignon R.,Altmaier D.,Altmaier D.,37.0,61.0,1234.0,924.0,3-6 2-6
2026-07-21,Generali Open,ATP250,Clay,1st Round,3,Djere L.,Halys Q.,Halys Q.,221.0,83.0,255.0,743.0,6-7 4-6
2026-07-21,Generali Open,ATP250,Clay,1st Round,3,Feldbausch K.,Vallejo D.,Feldbausch K.,284.0,63.0,191.0,918.0,7-6 6-1
2026-07-21,Generali Open,ATP250,Clay,1st Round,3,Kecmanovic M.,Baez S.,Baez S.,58.0,56.0,930.0,950.0,3-6 6-3 4-6
2026-07-21,Generali Open,ATP250,Clay,1st Round,3,Ofner S.,Molcan A.,Molcan A.,124.0,81.0,515.0,747.0,4-6 4-6
2026-07-21,Generali Open,ATP250,Clay,1st Round,3,Shevchenko A.,Struff J.L.,Struff J.L.,84.0,41.0,736.0,1104.0,6-3 6-7 4-6
2026-07-22,Estoril Open,ATP250,Clay,2nd Round,3,Blockx A.,Jacquet K.,Blockx A.,38.0,134.0,1218.0,489.0,3-6 6-4 7-6
2026-07-22,Estoril Open,ATP250,Clay,2nd Round,3,Borges N.,Burruchaga R.,Burruchaga R.,48.0,60.0,995.0,925.0,1-6 6-4 3-6
2026-07-22,Estoril Open,ATP250,Clay,2nd Round,3,Gaston H.,Droguet T.,Gaston H.,109.0,114.0,602.0,570.0,6-0 6-3
2026-07-22,Estoril Open,ATP250,Clay,2nd Round,3,Tabilo A.,Torres T.,Torres T.,30.0,427.0,1508.0,109.0,4-6 4-6
2026-07-22,Generali Open,ATP250,Clay,2nd Round,3,Altmaier D.,Molcan A.,Molcan A.,61.0,81.0,924.0,747.0,3-6 6-3 5-7
2026-07-22,Generali Open,ATP250,Clay,2nd Round,3,Bublik A.,Diaz Acosta F.,Bublik A.,11.0,108.0,2610.0,604.0,6-3 7-5
2026-07-22,Generali Open,ATP250,Clay,2nd Round,3,Etcheverry T.,Rodionov J.,Etcheverry T.,31.0,145.0,1460.0,427.0,6-2 7-6
2026-07-22,Generali Open,ATP250,Clay,2nd Round,3,Feldbausch K.,Buse I.,Buse I.,284.0,35.0,191.0,1312.0,6-2 2-6 2-6
2026-07-22,Generali Open,ATP250,Clay,2nd Round,3,Navone M.,Struff J.L.,Navone M.,47.0,41.0,1005.0,1104.0,6-0 6-3
2026-07-22,Generali Open,ATP250,Clay,2nd Round,3,Rinderknech A.,Baez S.,Baez S.,27.0,56.0,1723.0,950.0,6-7 6-2 4-6
2026-07-22,Generali Open,ATP250,Clay,2nd Round,3,Trungelliti M.,Hanfmann Y.,Hanfmann Y.,95.0,52.0,678.0,974.0,4-6 6-7
2026-07-22,Generali Open,ATP250,Clay,2nd Round,3,Vacherot V.,Halys Q.,Halys Q.,19.0,83.0,2188.0,743.0,3-6 4-6
2026-07-23,Estoril Open,ATP250,Clay,2nd Round,3,Darderi L.,Martinez P.,Darderi L.,21.0,159.0,2125.0,358.0,6-0 6-1
2026-07-23,Estoril Open,ATP250,Clay,2nd Round,3,Faria J.,Bueno G.,Faria J.,88.0,180.0,718.0,321.0,6-2 6-4
2026-07-23,Estoril Open,ATP250,Clay,2nd Round,3,Skatov T.,Rublev A.,Rublev A.,163.0,14.0,349.0,2380.0,1-6 1-6
2026-07-23,Estoril Open,ATP250,Clay,2nd Round,3,Van Assche L.,Carreno Busta P.,Van Assche L.,78.0,65.0,755.0,896.0,6-3 4-6 6-2
2026-07-23,Generali Open,ATP250,Clay,Quarterfinals,3,Bublik A.,Molcan A.,Bublik A.,11.0,81.0,2610.0,747.0,6-3 6-2
2026-07-23,Generali Open,ATP250,Clay,Quarterfinals,3,Etcheverry T.,Buse I.,Etcheverry T.,31.0,35.0,1460.0,1312.0,6-2 7-5
2026-07-23,Generali Open,ATP250,Clay,Quarterfinals,3,Halys Q.,Navone M.,Halys Q.,83.0,47.0,743.0,1005.0,7-5 6-3
2026-07-23,Generali Open,ATP250,Clay,Quarterfinals,3,Hanfmann Y.,Baez S.,Hanfmann Y.,52.0,56.0,974.0,950.0,6-3 6-1
2026-07-24,Estoril Open,ATP250,Clay,Quarterfinals,3,Burruchaga R.,Blockx A.,Blockx A.,60.0,38.0,925.0,1218.0,4-6 7-5 4-6
2026-07-24,Estoril Open,ATP250,Clay,Quarterfinals,3,Faria J.,Darderi L.,Darderi L.,88.0,21.0,718.0,2125.0,6-2 5-7 2-6
2026-07-24,Estoril Open,ATP250,Clay,Quarterfinals,3,Torres T.,Gaston H.,Gaston H.,427.0,109.0,109.0,602.0,3-6 4-6
2026-07-24,Estoril Open,ATP250,Clay,Quarterfinals,3,Van Assche L.,Rublev A.,Van Assche L.,78.0,14.0,755.0,2380.0,3-6 6-3 6-4
2026-07-24,Generali Open,ATP250,Clay,Semifinals,3,Etcheverry T.,Bublik A.,Bublik A.,31.0,11.0,1460.0,2610.0,3-6 4-6
2026-07-24,Generali Open,ATP250,Clay,Semifinals,3,Hanfmann Y.,Halys Q.,Halys Q.,52.0,83.0,974.0,743.0,4-6 6-7
2026-07-25,Estoril Open,ATP250,Clay,Semifinals,3,Blockx A.,Darderi L.,Blockx A.,38.0,21.0,1218.0,2125.0,5-7 7-6 7-6
2026-07-25,Estoril Open,ATP250,Clay,Semifinals,3,Gaston H.,Van Assche L.,Van Assche L.,109.0,78.0,602.0,755.0,4-6 5-7
2026-07-25,Generali Open,ATP250,Clay,The Final,3,Halys Q.,Bublik A.,Halys Q.,83.0,11.0,743.0,2610.0,6-4 7-6
2026-07-26,Estoril Open,ATP250,Clay,The Final,3,Van Assche L.,Blockx A.,Van Assche L.,78.0,38.0,755.0,1218.0,6-4 4-6 7-5
2026-07-27,Citi Open,ATP500,Hard,1st Round,3,Bergs Z.,Fritz T.,Fritz T.,36.0,10.0,1340.0,3300.0,3-6 4-6
2026-07-27,Citi Open,ATP500,Hard,1st Round,3,Griekspoor T.,Tabilo A.,Tabilo A.,67.0,30.0,895.0,1558.0,6-7 6-4 4-6
2026-07-27,Citi Open,ATP500,Hard,1st Round,3,Shang J.,Nishikori K.,Nishikori K.,270.0,721.0,205.0,45.0,7-6 3-6 4-6
2026-07-27,Citi Open,ATP500,Hard,1st Round,3,Svajda Z.,Vukic A.,Vukic A.,76.0,105.0,781.0,624.0,3-6 1-6
2026-07-28,Citi Open,ATP500,Hard,1st Round,3,Giron M.,Hewitt C.,Hewitt C.,85.0,612.0,730.0,61.0,3-6 4-6
2026-07-28,Citi Open,ATP500,Hard,1st Round,3,Jodar R.,Fils A.,Jodar R.,24.0,22.0,1927.0,1990.0,7-6 6-3
2026-07-28,Citi Open,ATP500,Hard,1st Round,3,Majchrzak K.,Paul T.,Majchrzak K.,72.0,21.0,857.0,2025.0,7-5 7-6
2026-07-28,Citi Open,ATP500,Hard,1st Round,3,Mannarino A.,Tien L.,Mannarino A.,47.0,16.0,1005.0,2245.0,7-5 6-4
2026-07-28,Citi Open,ATP500,Hard,1st Round,3,Martin A.,Humbert U.,Humbert U.,404.0,29.0,118.0,1575.0,2-6 5-7
2026-07-28,Citi Open,ATP500,Hard,1st Round,3,Michelsen A.,McDonald M.,Michelsen A.,40.0,145.0,1165.0,422.0,6-4 7-5
2026-07-28,Citi Open,ATP500,Hard,1st Round,3,Nakashima B.,Etcheverry T.,Nakashima B.,33.0,31.0,1360.0,1510.0,6-3 6-4
2026-07-28,Citi Open,ATP500,Hard,1st Round,3,Shelton B.,Damm M.,Shelton B.,8.0,104.0,3580.0,628.0,6-4 4-6 6-4
2026-07-28,Citi Open,ATP500,Hard,1st Round,3,Svajda T.,Mensik J.,Mensik J.,436.0,17.0,106.0,2205.0,2-6 7-6 3-6
2026-07-28,Citi Open,ATP500,Hard,1st Round,3,Tiafoe F.,Atmane T.,Atmane T.,19.0,56.0,2180.0,967.0,6-4 3-6 4-6
2026-07-28,Los Cabos Open,ATP250,Hard,1st Round,3,Blanch Dar.,Wong C.,Wong C.,226.0,108.0,249.0,588.0,3-6 4-6
2026-07-28,Los Cabos Open,ATP250,Hard,1st Round,3,Boyer T.,Diallo G.,Boyer T.,162.0,99.0,350.0,645.0,7-5 6-2
2026-07-28,Los Cabos Open,ATP250,Hard,1st Round,3,Hernandez A.,Tomic B.,Tomic B.,498.0,171.0,89.0,339.0,1-6 0-6
2026-07-28,Los Cabos Open,ATP250,Hard,1st Round,3,Kovacevic A.,Norrie C.,Norrie C.,95.0,39.0,673.0,1165.0,4-6 1-6
2026-07-29,Citi Open,ATP500,Hard,1st Round,3,Tsitsipas S.,De Minaur A.,De Minaur A.,51.0,6.0,980.0,3660.0,4-6 6-3 3-6
2026-07-29,Citi Open,ATP500,Hard,2nd Round,3,Majchrzak K.,Fritz T.,Fritz T.,72.0,10.0,857.0,3300.0,3-6 4-6
2026-07-29,Citi Open,ATP500,Hard,2nd Round,3,Vukic A.,Musetti L.,Musetti L.,105.0,15.0,624.0,2315.0,3-6 7-5 3-6
2026-07-29,Los Cabos Open,ATP250,Hard,1st Round,3,Gea A.,Kwon S.,Gea A.,127.0,158.0,502.0,360.0,6-4 6-7 6-2
2026-07-29,Los Cabos Open,ATP250,Hard,1st Round,3,Kouame M.,Winter E.,Winter E.,213.0,391.0,263.0,124.0,1-6 4-6
2026-07-29,Los Cabos Open,ATP250,Hard,1st Round,3,Landaluce M.,Zheng M.,Zheng M.,63.0,118.0,920.0,552.0,4-6 3-6
2026-07-29,Los Cabos Open,ATP250,Hard,1st Round,3,Mayo A.,Duckworth J.,Duckworth J.,689.0,83.0,49.0,746.0,6-4 3-6 4-6
2026-07-29,Los Cabos Open,ATP250,Hard,1st Round,3,Moutet C.,Brooksby J.,Brooksby J.,57.0,77.0,965.0,770.0,4-6 4-6
2026-07-29,Los Cabos Open,ATP250,Hard,1st Round,3,Shapovalov D.,Hijikata R.,Shapovalov D.,68.0,93.0,890.0,677.0,2-6 6-3 6-2
2026-07-29,Los Cabos Open,ATP250,Hard,1st Round,3,Shimabukuro S.,Pacheco Mendez R.,Pacheco Mendez R.,94.0,320.0,677.0,163.0,7-6 5-7 2-6
2026-07-29,Los Cabos Open,ATP250,Hard,1st Round,3,Svrcina D.,Walton A.,Svrcina D.,116.0,96.0,554.0,670.0,6-7 7-6 6-3
2026-07-30,Citi Open,ATP500,Hard,2nd Round,3,Hewitt C.,De Minaur A.,De Minaur A.,612.0,6.0,61.0,3660.0,2-6 3-6
2026-07-30,Citi Open,ATP500,Hard,2nd Round,3,Jodar R.,Nishikori K.,Jodar R.,24.0,721.0,1927.0,45.0,6-3 6-2
2026-07-30,Citi Open,ATP500,Hard,2nd Round,3,Mensik J.,Nakashima B.,Nakashima B.,17.0,33.0,2205.0,1360.0,6-7 6-3 4-6
2026-07-30,Citi Open,ATP500,Hard,2nd Round,3,Michelsen A.,Mannarino A.,Michelsen A.,40.0,47.0,1165.0,1005.0,6-4 7-6
2026-07-30,Citi Open,ATP500,Hard,2nd Round,3,Shelton B.,Humbert U.,Shelton B.,8.0,29.0,3580.0,1575.0,6-7 6-3 6-4
2026-07-30,Citi Open,ATP500,Hard,2nd Round,3,Tabilo A.,Atmane T.,Tabilo A.,30.0,56.0,1558.0,967.0,6-3 7-6
2026-07-30,Los Cabos Open,ATP250,Hard,2nd Round,3,Brooksby J.,Winter E.,Brooksby J.,77.0,391.0,770.0,124.0,6-3 6-4
2026-07-30,Los Cabos Open,ATP250,Hard,2nd Round,3,Duckworth J.,Norrie C.,Norrie C.,83.0,39.0,746.0,1165.0,4-6 4-6
2026-07-30,Los Cabos Open,ATP250,Hard,2nd Round,3,Khachanov K.,Tomic B.,Tomic B.,26.0,171.0,1780.0,339.0,2-6 4-6
2026-07-30,Los Cabos Open,ATP250,Hard,2nd Round,3,Lehecka J.,Wong C.,Wong C.,12.0,108.0,2470.0,588.0,6-1 3-6 4-6
2026-07-30,Los Cabos Open,ATP250,Hard,2nd Round,3,Pacheco Mendez R.,Shapovalov D.,Shapovalov D.,320.0,68.0,163.0,890.0,3-6 2-6
2026-07-30,Los Cabos Open,ATP250,Hard,2nd Round,3,Zheng M.,Gea A.,Gea A.,118.0,127.0,552.0,502.0,6-0 4-6 0-6
2026-07-31,Citi Open,ATP500,Hard,Quarterfinals,3,Fritz T.,Michelsen A.,Fritz T.,10.0,40.0,3300.0,1165.0,6-1 3-6 7-6
2026-07-31,Citi Open,ATP500,Hard,Quarterfinals,3,Musetti L.,Jodar R.,Jodar R.,15.0,24.0,2315.0,1927.0,6-1 1-6 4-6
2026-07-31,Citi Open,ATP500,Hard,Quarterfinals,3,Nakashima B.,De Minaur A.,Nakashima B.,33.0,6.0,1360.0,3660.0,7-6 6-4
2026-07-31,Los Cabos Open,ATP250,Hard,Quarterfinals,3,Gea A.,Cerundolo F.,Gea A.,127.0,20.0,502.0,2060.0,6-7 6-4 6-0
2026-07-31,Los Cabos Open,ATP250,Hard,Quarterfinals,3,Norrie C.,Tomic B.,Norrie C.,39.0,171.0,1165.0,339.0,6-1 6-0
2026-07-31,Los Cabos Open,ATP250,Hard,Quarterfinals,3,Shapovalov D.,Svrcina D.,Shapovalov D.,68.0,116.0,890.0,554.0,6-4 6-2
2026-07-31,Los Cabos Open,ATP250,Hard,Quarterfinals,3,Wong C.,Brooksby J.,Wong C.,108.0,77.0,588.0,770.0,6-1 7-5
2026-08-01,Citi Open,ATP500,Hard,Quarterfinals,3,Shelton B.,Tabilo A.,Tabilo A.,8.0,30.0,3580.0,1558.0,6-4 5-7 4-6
2026-08-01,Citi Open,ATP500,Hard,Semifinals,3,Fritz T.,Nakashima B.,Fritz T.,10.0,33.0,3300.0,1360.0,6-3 3-6 6-3
2026-08-01,Los Cabos Open,ATP250,Hard,Semifinals,3,Norrie C.,Shapovalov D.,Shapovalov D.,39.0,68.0,1165.0,890.0,3-6 7-5 4-6
2026-08-01,Los Cabos Open,ATP250,Hard,Semifinals,3,Wong C.,Gea A.,Gea A.,108.0,127.0,588.0,502.0,6-7 3-6
2026-08-02,Canadian Open,Masters 1000,Hard,1st Round,3,Hijikata R.,Munar J.,Munar J.,93.0,45.0,677.0,1020.0,6-7 3-6
2026-08-02,Canadian Open,Masters 1000,Hard,1st Round,3,Shang J.,Vallejo D.,Shang J.,281.0,66.0,195.0,918.0,6-3 6-3
2026-08-02,Citi Open,ATP500,Hard,Semifinals,3,Jodar R.,Tabilo A.,Jodar R.,24.0,30.0,1927.0,1558.0,6-7 6-4 6-4
2026-08-02,Los Cabos Open,ATP250,Hard,The Final,3,Shapovalov D.,Gea A.,Gea A.,68.0,127.0,890.0,502.0,3-6 4-6
2026-08-03,Canadian Open,Masters 1000,Hard,1st Round,3,Berrettini M.,Navone M.,Navone M.,40.0,44.0,1088.0,1030.0,3-6 7-6 3-6
2026-08-03,Canadian Open,Masters 1000,Hard,1st Round,3,Borges N.,Kovacevic A.,Borges N.,55.0,95.0,970.0,676.0,6-7 6-2 6-4
2026-08-03,Canadian Open,Masters 1000,Hard,1st Round,3,Duckworth J.,O Connell C.,Duckworth J.,86.0,133.0,721.0,461.0,6-3 6-1
2026-08-03,Canadian Open,Masters 1000,Hard,1st Round,3,Hanfmann Y.,Bonzi B.,Hanfmann Y.,57.0,103.0,961.0,639.0,6-1 4-6 6-2
2026-08-03,Canadian Open,Masters 1000,Hard,1st Round,3,Kopriva V.,Galarneau A.,Kopriva V.,71.0,175.0,868.0,320.0,6-4 6-4
2026-08-03,Canadian Open,Masters 1000,Hard,1st Round,3,Landaluce M.,Mejia N.,Mejia N.,64.0,129.0,920.0,485.0,6-4 4-6 3-6
2026-08-03,Canadian Open,Masters 1000,Hard,1st Round,3,Van Assche L.,Droguet T.,Droguet T.,49.0,119.0,998.0,532.0,4-6 6-2 6-7
2026-08-03,Citi Open,ATP500,Hard,The Final,3,Fritz T.,Jodar R.,Fritz T.,10.0,24.0,3300.0,1927.0,7-6 6-4
2026-08-04,Canadian Open,Masters 1000,Hard,1st Round,3,Baez S.,Bellucci M.,Baez S.,48.0,80.0,1000.0,754.0,7-5 6-3
2026-08-04,Canadian Open,Masters 1000,Hard,1st Round,3,Brooksby J.,Walton A.,Brooksby J.,74.0,97.0,810.0,654.0,6-3 6-4
2026-08-04,Canadian Open,Masters 1000,Hard,1st Round,3,Burruchaga R.,Popyrin A.,Popyrin A.,56.0,139.0,962.0,430.0,6-4 5-7 3-6
2026-08-04,Canadian Open,Masters 1000,Hard,1st Round,3,Cerundolo J.M.,Medjedovic H.,Cerundolo J.M.,52.0,73.0,989.0,844.0,6-4 6-2
2026-08-04,Canadian Open,Masters 1000,Hard,1st Round,3,Cilic M.,Shimabukuro S.,Cilic M.,85.0,94.0,721.0,677.0,7-6 6-1
2026-08-04,Canadian Open,Masters 1000,Hard,1st Round,3,Damm M.,Tsitsipas S.,Tsitsipas S.,100.0,53.0,650.0,980.0,4-6 4-6
2026-08-04,Canadian Open,Masters 1000,Hard,1st Round,3,Draper J.,Atmane T.,Atmane T.,143.0,46.0,410.0,1007.0,3-6 6-2 2-6
2026-08-04,Canadian Open,Masters 1000,Hard,1st Round,3,Fearnley J.,Mannarino A.,Fearnley J.,110.0,47.0,574.0,1005.0,7-6 6-4
2026-08-04,Canadian Open,Masters 1000,Hard,1st Round,3,Griekspoor T.,Sonego L.,Griekspoor T.,69.0,88.0,885.0,718.0,7-6 7-5
2026-08-04,Canadian Open,Masters 1000,Hard,1st Round,3,Hurkacz H.,Giron M.,Hurkacz H.,72.0,81.0,865.0,745.0,7-5 4-6 6-2
2026-08-04,Canadian Open,Masters 1000,Hard,1st Round,3,Jacquet K.,Diallo G.,Diallo G.,121.0,108.0,521.0,595.0,7-6 3-6 2-6
2026-08-04,Canadian Open,Masters 1000,Hard,1st Round,3,Majchrzak K.,Monfils G.,Monfils G.,67.0,347.0,907.0,150.0,4-6 4-6
2026-08-04,Canadian Open,Masters 1000,Hard,1st Round,3,Marozsan F.,Mochizuki S.,Marozsan F.,61.0,117.0,930.0,547.0,6-4 6-3
2026-08-04,Canadian Open,Masters 1000,Hard,1st Round,3,Merida Aguilar D.,Draxl L.,Merida Aguilar D.,63.0,209.0,925.0,265.0,3-6 6-4 6-4
2026-08-04,Canadian Open,Masters 1000,Hard,1st Round,3,Moutet C.,Fucsovics M.,Moutet C.,59.0,83.0,945.0,740.0,6-1 6-2
2026-08-04,Canadian Open,Masters 1000,Hard,1st Round,3,Royer V.,Carreno Busta P.,Royer V.,78.0,68.0,763.0,891.0,1-6 7-5 6-2
2026-08-04,Canadian Open,Masters 1000,Hard,1st Round,3,Struff J.L.,Michelsen A.,Michelsen A.,41.0,42.0,1066.0,1065.0,1-6 6-3 1-6
2026-08-04,Canadian Open,Masters 1000,Hard,1st Round,3,Tirante T.A.,Chan D.,Tirante T.A.,65.0,606.0,919.0,63.0,6-3 1-6 7-6
2026-08-04,Canadian Open,Masters 1000,Hard,1st Round,3,Ugo Carabelli C.,Norrie C.,Norrie C.,76.0,37.0,790.0,1255.0,6-7 4-6
2026-08-04,Canadian Open,Masters 1000,Hard,1st Round,3,Van De Zandschulp B.,Mpetshi G.,Van De Zandschulp B.,70.0,91.0,882.0,690.0,6-2 3-6 6-3
2026-08-04,Canadian Open,Masters 1000,Hard,1st Round,3,Vukic A.,Altmaier D.,Altmaier D.,101.0,60.0,649.0,939.0,7-6 6-7 4-6
2026-08-04,Canadian Open,Masters 1000,Hard,1st Round,3,Zheng M.,Kecmanovic M.,Kecmanovic M.,113.0,62.0,565.0,925.0,4-6 6-4 6-7
2026-08-04,Canadian Open,Masters 1000,Hard,2nd Round,3,Lehecka J.,Kopriva V.,Lehecka J.,12.0,71.0,2380.0,868.0,6-4 6-2
2026-08-04,Canadian Open,Masters 1000,Hard,2nd Round,3,Nakashima B.,Altmaier D.,Nakashima B.,31.0,60.0,1510.0,939.0,6-2 6-1
2026-08-04,Canadian Open,Masters 1000,Hard,2nd Round,3,Rublev A.,Shang J.,Shang J.,16.0,281.0,2230.0,195.0,5-7 6-4 6-7
2026-08-05,Canadian Open,Masters 1000,Hard,2nd Round,3,Arnaldi M.,Marozsan F.,Arnaldi M.,35.0,61.0,1299.0,930.0,7-5 2-6 6-4
2026-08-05,Canadian Open,Masters 1000,Hard,2nd Round,3,Baez S.,Bergs Z.,Bergs Z.,48.0,34.0,1000.0,1340.0,6-3 3-6 2-6
2026-08-05,Canadian Open,Masters 1000,Hard,2nd Round,3,Borges N.,Etcheverry T.,Borges N.,55.0,30.0,970.0,1510.0,6-4 6-2
2026-08-05,Canadian Open,Masters 1000,Hard,2nd Round,3,Cerundolo F.,Michelsen A.,Michelsen A.,23.0,42.0,2010.0,1065.0,3-6 4-6
2026-08-05,Canadian Open,Masters 1000,Hard,2nd Round,3,Cerundolo J.M.,Ruud C.,Ruud C.,52.0,14.0,989.0,2345.0,1-6 2-6
2026-08-05,Canadian Open,Masters 1000,Hard,2nd Round,3,Cilic M.,Tiafoe F.,Tiafoe F.,85.0,20.0,721.0,2105.0,7-5 2-6 2-6
2026-08-05,Canadian Open,Masters 1000,Hard,2nd Round,3,Cobolli F.,Hanfmann Y.,Hanfmann Y.,8.0,57.0,3330.0,961.0,6-7 6-7
2026-08-05,Canadian Open,Masters 1000,Hard,2nd Round,3,Collignon R.,Popyrin A.,Popyrin A.,38.0,139.0,1234.0,430.0,4-6 3-6
2026-08-05,Canadian Open,Masters 1000,Hard,2nd Round,3,Duckworth J.,De Minaur A.,De Minaur A.,86.0,7.0,721.0,3560.0,2-6 6-7
2026-08-05,Canadian Open,Masters 1000,Hard,2nd Round,3,Fearnley J.,Mensik J.,Mensik J.,110.0,17.0,574.0,2205.0,3-6 6-3 3-6
2026-08-05,Canadian Open,Masters 1000,Hard,2nd Round,3,Griekspoor T.,Zverev A.,Griekspoor T.,69.0,3.0,885.0,8120.0,6-7 6-2 6-4
2026-08-05,Canadian Open,Masters 1000,Hard,2nd Round,3,Jodar R.,Moutet C.,Jodar R.,15.0,59.0,2243.0,945.0,4-6 6-1 6-3
2026-08-05,Canadian Open,Masters 1000,Hard,2nd Round,3,Khachanov K.,Atmane T.,Atmane T.,39.0,46.0,1130.0,1007.0,4-6 6-7
2026-08-05,Canadian Open,Masters 1000,Hard,2nd Round,3,Mejia N.,Musetti L.,Musetti L.,129.0,13.0,485.0,2375.0,6-7 2-6
2026-08-05,Canadian Open,Masters 1000,Hard,2nd Round,3,Merida Aguilar D.,Humbert U.,Merida Aguilar D.,63.0,28.0,925.0,1625.0,6-3 6-3
2026-08-05,Canadian Open,Masters 1000,Hard,2nd Round,3,Navone M.,Vacherot V.,Navone M.,44.0,18.0,1030.0,2176.0,1-6 6-3 6-3
2026-08-05,Canadian Open,Masters 1000,Hard,2nd Round,3,Norrie C.,Buse I.,Norrie C.,37.0,33.0,1255.0,1350.0,6-3 6-3
2026-08-05,Canadian Open,Masters 1000,Hard,2nd Round,3,Rinderknech A.,Kecmanovic M.,Rinderknech A.,29.0,62.0,1623.0,925.0,6-7 6-4 6-4
2026-08-05,Canadian Open,Masters 1000,Hard,2nd Round,3,Shelton B.,Brooksby J.,Shelton B.,10.0,74.0,2680.0,810.0,6-3 7-5
2026-08-05,Canadian Open,Masters 1000,Hard,2nd Round,3,Svajda Z.,Fils A.,Fils A.,87.0,24.0,719.0,1940.0,4-6 6-3 1-6
2026-08-05,Canadian Open,Masters 1000,Hard,2nd Round,3,Tabilo A.,Hurkacz H.,Hurkacz H.,26.0,72.0,1728.0,865.0,4-6 6-7
2026-08-05,Canadian Open,Masters 1000,Hard,2nd Round,3,Tirante T.A.,Fritz T.,Tirante T.A.,65.0,9.0,919.0,3230.0,7-5 6-3
2026-08-05,Canadian Open,Masters 1000,Hard,2nd Round,3,Tsitsipas S.,Fonseca J.,Fonseca J.,53.0,27.0,980.0,1700.0,6-7 5-7
2026-08-06,Canadian Open,Masters 1000,Hard,2nd Round,3,Droguet T.,Faria J.,Droguet T.,119.0,79.0,532.0,760.0,7-6 6-2
2026-08-06,Canadian Open,Masters 1000,Hard,2nd Round,3,Medvedev D.,Van De Zandschulp B.,Van De Zandschulp B.,6.0,70.0,3620.0,882.0,3-6 6-7
2026-08-06,Canadian Open,Masters 1000,Hard,2nd Round,3,Monfils G.,Tien L.,Tien L.,347.0,19.0,150.0,2155.0,3-6 6-0 3-6
2026-08-06,Canadian Open,Masters 1000,Hard,2nd Round,3,Paul T.,Royer V.,Paul T.,21.0,78.0,2075.0,763.0,6-4 7-6
2026-08-06,Canadian Open,Masters 1000,Hard,3rd Round,3,De Minaur A.,Norrie C.,Norrie C.,7.0,37.0,3560.0,1255.0,7-5 6-7 1-6
2026-08-06,Canadian Open,Masters 1000,Hard,3rd Round,3,Fils A.,Navone M.,Fils A.,24.0,44.0,1940.0,1030.0,6-3 6-2
2026-08-06,Canadian Open,Masters 1000,Hard,3rd Round,3,Hanfmann Y.,Borges N.,Borges N.,57.0,55.0,961.0,970.0,4-6 2-6
2026-08-06,Canadian Open,Masters 1000,Hard,3rd Round,3,Lehecka J.,Blockx A.,Lehecka J.,12.0,32.0,2380.0,1353.0,6-3 6-4
2026-08-06,Canadian Open,Masters 1000,Hard,3rd Round,3,Shang J.,Darderi L.,Darderi L.,281.0,22.0,195.0,2025.0,6-4 1-6 4-6
2026-08-07,Canadian Open,Masters 1000,Hard,3rd Round,3,Atmane T.,Mensik J.,Mensik J.,46.0,17.0,1007.0,2205.0,5-7 4-6
2026-08-07,Canadian Open,Masters 1000,Hard,3rd Round,3,Griekspoor T.,Arnaldi M.,Griekspoor T.,69.0,35.0,885.0,1299.0,3-6 6-4 6-3
2026-08-07,Canadian Open,Masters 1000,Hard,3rd Round,3,Hurkacz H.,Van De Zandschulp B.,Van De Zandschulp B.,72.0,70.0,865.0,882.0,6-3 6-7 5-7
2026-08-07,Canadian Open,Masters 1000,Hard,3rd Round,3,Jodar R.,Musetti L.,Jodar R.,15.0,13.0,2243.0,2375.0,6-4 6-3
2026-08-07,Canadian Open,Masters 1000,Hard,3rd Round,3,Michelsen A.,Merida Aguilar D.,Merida Aguilar D.,42.0,63.0,1065.0,925.0,4-6 7-6 1-6
2026-08-07,Canadian Open,Masters 1000,Hard,3rd Round,3,Nakashima B.,Droguet T.,Nakashima B.,31.0,119.0,1510.0,532.0,4-6 6-2 7-5
2026-08-07,Canadian Open,Masters 1000,Hard,3rd Round,3,Shelton B.,Bergs Z.,Shelton B.,10.0,34.0,2680.0,1340.0,6-3 6-2
2026-08-08,Canadian Open,Masters 1000,Hard,3rd Round,3,Paul T.,Tien L.,Tien L.,21.0,19.0,2075.0,2155.0,3-6 2-6
2026-08-08,Canadian Open,Masters 1000,Hard,3rd Round,3,Ruud C.,Fonseca J.,Fonseca J.,14.0,27.0,2345.0,1700.0,6-7 3-6
2026-08-08,Canadian Open,Masters 1000,Hard,3rd Round,3,Tirante T.A.,Popyrin A.,Tirante T.A.,65.0,139.0,919.0,430.0,6-3 6-4
2026-08-08,Canadian Open,Masters 1000,Hard,4th Round,3,Borges N.,Darderi L.,Darderi L.,55.0,22.0,970.0,2025.0,6-4 3-6 5-7
2026-08-08,Canadian Open,Masters 1000,Hard,4th Round,3,Nakashima B.,Rinderknech A.,Nakashima B.,31.0,29.0,1510.0,1623.0,7-6 5-7 7-5
2026-08-09,Canadian Open,Masters 1000,Hard,4th Round,3,Lehecka J.,Jodar R.,Jodar R.,12.0,15.0,2380.0,2243.0,3-6 3-6
2026-08-09,Canadian Open,Masters 1000,Hard,4th Round,3,Merida Aguilar D.,Griekspoor T.,Merida Aguilar D.,63.0,69.0,925.0,885.0,6-3 6-1
2026-08-09,Canadian Open,Masters 1000,Hard,4th Round,3,Norrie C.,Fils A.,Fils A.,37.0,24.0,1255.0,1940.0,2-6 6-7
2026-08-09,Canadian Open,Masters 1000,Hard,4th Round,3,Shelton B.,Fonseca J.,Shelton B.,10.0,27.0,2680.0,1700.0,6-3 7-6
2026-08-09,Canadian Open,Masters 1000,Hard,4th Round,3,Tirante T.A.,Tien L.,Tien L.,65.0,19.0,919.0,2155.0,4-6 4-6
2026-08-10,Canadian Open,Masters 1000,Hard,4th Round,3,Mensik J.,Van De Zandschulp B.,Mensik J.,17.0,70.0,2205.0,882.0,6-4 7-5
2026-08-11,Canadian Open,Masters 1000,Hard,Quarterfinals,3,Jodar R.,Fils A.,Jodar R.,15.0,24.0,2243.0,1940.0,7-6 6-3
2026-08-11,Canadian Open,Masters 1000,Hard,Quarterfinals,3,Mensik J.,Shelton B.,Shelton B.,17.0,10.0,2205.0,2680.0,3-6 1-6
2026-08-11,Canadian Open,Masters 1000,Hard,Quarterfinals,3,Nakashima B.,Darderi L.,Nakashima B.,31.0,22.0,1510.0,2025.0,6-2 6-3
2026-08-12,Canadian Open,Masters 1000,Hard,Quarterfinals,3,Merida Aguilar D.,Tien L.,Tien L.,63.0,19.0,925.0,2155.0,3-6 2-6
2026-08-12,Canadian Open,Masters 1000,Hard,Semifinals,3,Nakashima B.,Jodar R.,Nakashima B.,31.0,15.0,1510.0,2243.0,7-6 6-4
2026-08-13,Canadian Open,Masters 1000,Hard,Semifinals,3,Tien L.,Shelton B.,Shelton B.,19.0,10.0,2155.0,2680.0,2-6 3-6
2026-08-13,Western & Southern Financial Group Masters,Masters 1000,Hard,1st Round,3,Burruchaga R.,Struff J.L.,Struff J.L.,61.0,43.0,962.0,1069.0,6-7 6-2 3-6
2026-08-13,Western & Southern Financial Group Masters,Masters 1000,Hard,1st Round,3,Kecmanovic M.,Ugo Carabelli C.,Kecmanovic M.,66.0,76.0,930.0,790.0,6-3 6-3
2026-08-13,Western & Southern Financial Group Masters,Masters 1000,Hard,1st Round,3,Landaluce M.,Draper J.,Landaluce M.,67.0,143.0,922.0,410.0,6-3 7-5
2026-08-13,Western & Southern Financial Group Masters,Masters 1000,Hard,1st Round,3,Navone M.,Collignon R.,Navone M.,44.0,38.0,1066.0,1222.0,6-3 7-6
2026-08-13,Western & Southern Financial Group Masters,Masters 1000,Hard,1st Round,3,Norrie C.,Prizmic D.,Norrie C.,35.0,101.0,1345.0,652.0,3-6 6-1 6-4
2026-08-13,Western & Southern Financial Group Masters,Masters 1000,Hard,1st Round,3,Shapovalov D.,Mannarino A.,Shapovalov D.,48.0,52.0,1045.0,1005.0,6-1 6-4
2026-08-13,Western & Southern Financial Group Masters,Masters 1000,Hard,1st Round,3,Tirante T.A.,Choinski J.,Tirante T.A.,50.0,77.0,1011.0,770.0,7-6 6-7 7-6
2026-08-14,Canadian Open,Masters 1000,Hard,The Final,3,Shelton B.,Nakashima B.,Shelton B.,10.0,31.0,2680.0,1510.0,6-3 7-6
2026-08-14,Western & Southern Financial Group Masters,Masters 1000,Hard,1st Round,3,Berrettini M.,Droguet T.,Berrettini M.,42.0,111.0,1085.0,594.0,3-6 6-1 6-4
2026-08-14,Western & Southern Financial Group Masters,Masters 1000,Hard,1st Round,3,Carreno Busta P.,Machac T.,Carreno Busta P.,72.0,62.0,885.0,960.0,6-3 6-2
2026-08-14,Western & Southern Financial Group Masters,Masters 1000,Hard,1st Round,3,Cerundolo J.M.,Lajal M.,Cerundolo J.M.,51.0,159.0,1006.0,361.0,6-4 6-4
2026-08-14,Western & Southern Financial Group Masters,Masters 1000,Hard,1st Round,3,De Jong J.,Michelsen A.,Michelsen A.,106.0,41.0,618.0,1090.0,4-6 4-6
2026-08-14,Western & Southern Financial Group Masters,Masters 1000,Hard,1st Round,3,Dimitrov G.,Baez S.,Baez S.,138.0,53.0,432.0,1005.0,6-1 3-6 4-6
2026-08-14,Western & Southern Financial Group Masters,Masters 1000,Hard,1st Round,3,Halys Q.,Kopriva V.,Halys Q.,57.0,71.0,980.0,886.0,7-6 6-4
2026-08-14,Western & Southern Financial Group Masters,Masters 1000,Hard,1st Round,3,Hijikata R.,Monfils G.,Hijikata R.,95.0,305.0,673.0,180.0,2-6 7-6 6-3
2026-08-14,Western & Southern Financial Group Masters,Masters 1000,Hard,1st Round,3,Jacquet K.,Vallejo D.,Vallejo D.,119.0,70.0,551.0,914.0,2-6 4-6
2026-08-14,Western & Southern Financial Group Masters,Masters 1000,Hard,1st Round,3,Kokkinakis T.,Borges N.,Borges N.,440.0,47.0,108.0,1045.0,7-5 6-7 6-7
2026-08-14,Western & Southern Financial Group Masters,Masters 1000,Hard,1st Round,3,Medjedovic H.,Trungelliti M.,Trungelliti M.,73.0,91.0,854.0,693.0,5-7 6-7
2026-08-14,Western & Southern Financial Group Masters,Masters 1000,Hard,1st Round,3,Mejia N.,Walton A.,Walton A.,122.0,98.0,530.0,670.0,6-7 0-6
2026-08-14,Western & Southern Financial Group Masters,Masters 1000,Hard,1st Round,3,Merida Aguilar D.,Cilic M.,Merida Aguilar D.,40.0,80.0,1117.0,751.0,3-6 6-1 6-1
2026-08-14,Western & Southern Financial Group Masters,Masters 1000,Hard,1st Round,3,O Connell C.,Majchrzak K.,O Connell C.,129.0,68.0,491.0,917.0,6-4 7-6
2026-08-14,Western & Southern Financial Group Masters,Masters 1000,Hard,1st Round,3,Royer V.,Tsitsipas S.,Tsitsipas S.,78.0,49.0,768.0,1020.0,6-7 5-7
2026-08-14,Western & Southern Financial Group Masters,Masters 1000,Hard,1st Round,3,Shevchenko A.,Van De Zandschulp B.,Van De Zandschulp B.,89.0,59.0,699.0,969.0,4-6 4-6
2026-08-14,Western & Southern Financial Group Masters,Masters 1000,Hard,1st Round,3,Shimabukuro S.,Hurkacz H.,Hurkacz H.,90.0,69.0,697.0,915.0,2-6 4-6
2026-08-14,Western & Southern Financial Group Masters,Masters 1000,Hard,1st Round,3,Sonego L.,Shang J.,Sonego L.,88.0,228.0,718.0,245.0,6-3 6-3
2026-08-14,Western & Southern Financial Group Masters,Masters 1000,Hard,1st Round,3,Svajda Z.,Bellucci M.,Bellucci M.,84.0,81.0,749.0,751.0,6-7 6-7
2026-08-14,Western & Southern Financial Group Masters,Masters 1000,Hard,1st Round,3,Van Assche L.,Hanfmann Y.,Hanfmann Y.,54.0,55.0,1001.0,986.0,2-6 4-6
2026-08-14,Western & Southern Financial Group Masters,Masters 1000,Hard,1st Round,3,Wolf J.J.,Duckworth J.,Duckworth J.,285.0,86.0,195.0,743.0,5-7 6-7
2026-08-14,Western & Southern Financial Group Masters,Masters 1000,Hard,1st Round,3,Wong C.,Altmaier D.,Altmaier D.,93.0,65.0,680.0,944.0,6-3 3-6 4-6
2026-08-14,Western & Southern Financial Group Masters,Masters 1000,Hard,1st Round,3,Zheng M.,Marozsan F.,Zheng M.,110.0,63.0,595.0,950.0,3-6 6-1 7-6
2026-08-15,Western & Southern Financial Group Masters,Masters 1000,Hard,1st Round,3,Faria J.,Brooksby J.,Faria J.,79.0,74.0,762.0,840.0,6-3 6-2
2026-08-15,Western & Southern Financial Group Masters,Masters 1000,Hard,1st Round,3,Khachanov K.,Kovacevic A.,Kovacevic A.,39.0,96.0,1140.0,673.0,7-5 3-6 6-7
2026-08-15,Western & Southern Financial Group Masters,Masters 1000,Hard,2nd Round,3,Arnaldi M.,Landaluce M.,Landaluce M.,34.0,67.0,1349.0,922.0,4-6 6-4 4-6
2026-08-15,Western & Southern Financial Group Masters,Masters 1000,Hard,2nd Round,3,Atmane T.,Etcheverry T.,Atmane T.,45.0,31.0,1057.0,1470.0,6-3 7-6
2026-08-15,Western & Southern Financial Group Masters,Masters 1000,Hard,2nd Round,3,Blockx A.,Navone M.,Blockx A.,32.0,44.0,1396.0,1066.0,6-3 6-4
2026-08-15,Western & Southern Financial Group Masters,Masters 1000,Hard,2nd Round,3,Darderi L.,Hijikata R.,Hijikata R.,20.0,95.0,2175.0,673.0,4-6 2-6
2026-08-15,Western & Southern Financial Group Masters,Masters 1000,Hard,2nd Round,3,Fery A.,Duckworth J.,Fery A.,37.0,86.0,1285.0,743.0,6-4 2-6 7-6
2026-08-15,Western & Southern Financial Group Masters,Masters 1000,Hard,2nd Round,3,Halys Q.,De Minaur A.,De Minaur A.,57.0,8.0,980.0,3560.0,6-1 3-6 6-7
2026-08-15,Western & Southern Financial Group Masters,Masters 1000,Hard,2nd Round,3,Kecmanovic M.,Cobolli F.,Cobolli F.,66.0,10.0,930.0,3330.0,1-6 6-4 3-6
2026-08-15,Western & Southern Financial Group Masters,Masters 1000,Hard,2nd Round,3,Lehecka J.,Berrettini M.,Lehecka J.,14.0,42.0,2470.0,1085.0,6-4 6-7 6-3
2026-08-15,Western & Southern Financial Group Masters,Masters 1000,Hard,2nd Round,3,Mensik J.,Bellucci M.,Mensik J.,16.0,81.0,2395.0,751.0,7-5 2-6 7-6
2026-08-15,Western & Southern Financial Group Masters,Masters 1000,Hard,2nd Round,3,Paul T.,Hurkacz H.,Paul T.,24.0,69.0,2075.0,915.0,6-4 6-7 6-3
2026-08-15,Western & Southern Financial Group Masters,Masters 1000,Hard,2nd Round,3,Struff J.L.,Tabilo A.,Tabilo A.,43.0,29.0,1069.0,1688.0,3-6 4-6
2026-08-15,Western & Southern Financial Group Masters,Masters 1000,Hard,2nd Round,3,Tirante T.A.,Djokovic N.,Tirante T.A.,50.0,5.0,1011.0,3760.0,2-6 6-4 6-4
2026-08-15,Western & Southern Financial Group Masters,Masters 1000,Hard,2nd Round,3,Vacherot V.,Vallejo D.,Vallejo D.,19.0,70.0,2186.0,914.0,3-6 3-6
2026-08-16,Western & Southern Financial Group Masters,Masters 1000,Hard,2nd Round,3,Auger-Aliassime F.,Tsitsipas S.,Auger-Aliassime F.,4.0,49.0,4740.0,1020.0,6-3 7-5
2026-08-16,Western & Southern Financial Group Masters,Masters 1000,Hard,2nd Round,3,Borges N.,Cerundolo F.,Borges N.,47.0,25.0,1045.0,1970.0,6-4 6-4
2026-08-16,Western & Southern Financial Group Masters,Masters 1000,Hard,2nd Round,3,Buse I.,Walton A.,Walton A.,36.0,98.0,1335.0,670.0,4-6 3-6
2026-08-16,Western & Southern Financial Group Masters,Masters 1000,Hard,2nd Round,3,Fonseca J.,Van De Zandschulp B.,Fonseca J.,26.0,59.0,1800.0,969.0,6-4 7-6
2026-08-16,Western & Southern Financial Group Masters,Masters 1000,Hard,2nd Round,3,Fritz T.,Michelsen A.,Fritz T.,9.0,41.0,3375.0,1090.0,6-3 6-4
2026-08-16,Western & Southern Financial Group Masters,Masters 1000,Hard,2nd Round,3,Hanfmann Y.,Fils A.,Fils A.,55.0,21.0,986.0,2140.0,6-7 1-6
2026-08-16,Western & Southern Financial Group Masters,Masters 1000,Hard,2nd Round,3,Jodar R.,Shapovalov D.,Jodar R.,11.0,48.0,2621.0,1045.0,7-5 4-6 7-5
2026-08-16,Western & Southern Financial Group Masters,Masters 1000,Hard,2nd Round,3,Medvedev D.,Trungelliti M.,Medvedev D.,7.0,91.0,3580.0,693.0,6-4 7-5
2026-08-16,Western & Southern Financial Group Masters,Masters 1000,Hard,2nd Round,3,Merida Aguilar D.,Bergs Z.,Merida Aguilar D.,40.0,33.0,1117.0,1365.0,6-3 6-2
2026-08-16,Western & Southern Financial Group Masters,Masters 1000,Hard,2nd Round,3,Musetti L.,Altmaier D.,Musetti L.,15.0,65.0,2415.0,944.0,6-4 6-2
2026-08-16,Western & Southern Financial Group Masters,Masters 1000,Hard,2nd Round,3,Nakashima B.,Kovacevic A.,Nakashima B.,22.0,96.0,2135.0,673.0,6-2 7-5
2026-08-16,Western & Southern Financial Group Masters,Masters 1000,Hard,2nd Round,3,Rinderknech A.,Cerundolo J.M.,Cerundolo J.M.,28.0,51.0,1723.0,1006.0,6-4 6-7 6-7
2026-08-16,Western & Southern Financial Group Masters,Masters 1000,Hard,2nd Round,3,Rublev A.,Carreno Busta P.,Rublev A.,18.0,72.0,2230.0,885.0,7-6 6-1
2026-08-16,Western & Southern Financial Group Masters,Masters 1000,Hard,2nd Round,3,Tien L.,Baez S.,Tien L.,12.0,53.0,2545.0,1005.0,6-3 7-6
2026-08-16,Western & Southern Financial Group Masters,Masters 1000,Hard,2nd Round,3,Zheng M.,Humbert U.,Zheng M.,110.0,30.0,595.0,1585.0,6-4 6-3
2026-08-16,Western & Southern Financial Group Masters,Masters 1000,Hard,2nd Round,3,Zverev A.,Norrie C.,Zverev A.,3.0,35.0,8090.0,1345.0,3-6 6-3 6-3
2026-08-17,Western & Southern Financial Group Masters,Masters 1000,Hard,2nd Round,3,Faria J.,Shelton B.,Faria J.,79.0,6.0,762.0,3670.0,6-4 6-4
2026-08-17,Western & Southern Financial Group Masters,Masters 1000,Hard,2nd Round,3,Sonego L.,Tiafoe F.,Tiafoe F.,88.0,23.0,718.0,2130.0,3-6 4-6
2026-08-17,Western & Southern Financial Group Masters,Masters 1000,Hard,3rd Round,3,Cobolli F.,Blockx A.,Cobolli F.,10.0,32.0,3330.0,1396.0,7-5 4-6 7-5
2026-08-17,Western & Southern Financial Group Masters,Masters 1000,Hard,3rd Round,3,Fery A.,De Minaur A.,De Minaur A.,37.0,8.0,1285.0,3560.0,5-7 6-7
2026-08-17,Western & Southern Financial Group Masters,Masters 1000,Hard,3rd Round,3,Jodar R.,Tabilo A.,Jodar R.,11.0,29.0,2621.0,1688.0,6-2 6-1
2026-08-17,Western & Southern Financial Group Masters,Masters 1000,Hard,3rd Round,3,Tirante T.A.,Landaluce M.,Tirante T.A.,50.0,67.0,1011.0,922.0,7-6 7-6
2026-08-18,Western & Southern Financial Group Masters,Masters 1000,Hard,3rd Round,3,Atmane T.,Zverev A.,Zverev A.,45.0,3.0,1057.0,8090.0,6-7 6-7
2026-08-18,Western & Southern Financial Group Masters,Masters 1000,Hard,3rd Round,3,Fils A.,Lehecka J.,Fils A.,21.0,14.0,2140.0,2470.0,6-1 6-7 6-3
2026-08-18,Western & Southern Financial Group Masters,Masters 1000,Hard,3rd Round,3,Fritz T.,Merida Aguilar D.,Fritz T.,9.0,40.0,3375.0,1117.0,6-3 6-4
2026-08-18,Western & Southern Financial Group Masters,Masters 1000,Hard,3rd Round,3,Hijikata R.,Mensik J.,Mensik J.,95.0,16.0,673.0,2395.0,3-6 4-6
2026-08-18,Western & Southern Financial Group Masters,Masters 1000,Hard,3rd Round,3,Nakashima B.,Medvedev D.,Nakashima B.,22.0,7.0,2135.0,3580.0,6-7 7-6 6-1
2026-08-18,Western & Southern Financial Group Masters,Masters 1000,Hard,3rd Round,3,Rublev A.,Borges N.,Borges N.,18.0,47.0,2230.0,1045.0,3-6 4-6
2026-08-18,Western & Southern Financial Group Masters,Masters 1000,Hard,3rd Round,3,Vallejo D.,Paul T.,Paul T.,70.0,24.0,914.0,2075.0,6-3 3-6 4-6
2026-08-18,Western & Southern Financial Group Masters,Masters 1000,Hard,3rd Round,3,Walton A.,Faria J.,Faria J.,98.0,79.0,670.0,762.0,6-4 4-6 6-7
2026-08-18,Western & Southern Financial Group Masters,Masters 1000,Hard,3rd Round,3,Zheng M.,Musetti L.,Musetti L.,110.0,15.0,595.0,2415.0,1-6 3-6
2026-08-19,Western & Southern Financial Group Masters,Masters 1000,Hard,3rd Round,3,Cerundolo J.M.,Auger-Aliassime F.,Auger-Aliassime F.,51.0,4.0,1006.0,4740.0,5-7 1-6
2026-08-19,Western & Southern Financial Group Masters,Masters 1000,Hard,3rd Round,3,Tien L.,Tiafoe F.,Tiafoe F.,12.0,23.0,2545.0,2130.0,4-6 6-4 4-6
2026-08-19,Western & Southern Financial Group Masters,Masters 1000,Hard,4th Round,3,Fils A.,De Minaur A.,Fils A.,21.0,8.0,2140.0,3560.0,6-3 6-4
2026-08-19,Western & Southern Financial Group Masters,Masters 1000,Hard,4th Round,3,Jodar R.,Cobolli F.,Cobolli F.,11.0,10.0,2621.0,3330.0,6-4 6-7 3-6
2026-08-19,Western & Southern Financial Group Masters,Masters 1000,Hard,4th Round,3,Nakashima B.,Borges N.,Nakashima B.,22.0,47.0,2135.0,1045.0,6-3 6-7 6-3
2026-08-19,Western & Southern Financial Group Masters,Masters 1000,Hard,4th Round,3,Paul T.,Zverev A.,Paul T.,24.0,3.0,2075.0,8090.0,4-6 7-6 6-4
2026-08-19,Western & Southern Financial Group Masters,Masters 1000,Hard,4th Round,3,Tirante T.A.,Mensik J.,Tirante T.A.,50.0,16.0,1011.0,2395.0,5-7 6-4 6-4
2026-08-20,Western & Southern Financial Group Masters,Masters 1000,Hard,4th Round,3,Auger-Aliassime F.,Tiafoe F.,Tiafoe F.,4.0,23.0,4740.0,2130.0,3-6 4-6
2026-08-20,Western & Southern Financial Group Masters,Masters 1000,Hard,4th Round,3,Faria J.,Musetti L.,Musetti L.,79.0,15.0,762.0,2415.0,5-7 2-6
2026-08-20,Western & Southern Financial Group Masters,Masters 1000,Hard,4th Round,3,Fritz T.,O Connell C.,Fritz T.,9.0,129.0,3375.0,491.0,6-4 6-3
2026-08-20,Western & Southern Financial Group Masters,Masters 1000,Hard,Quarterfinals,3,Cobolli F.,Paul T.,Cobolli F.,10.0,24.0,3330.0,2075.0,2-6 6-3 6-4
2026-08-21,Western & Southern Financial Group Masters,Masters 1000,Hard,Quarterfinals,3,Fils A.,Tirante T.A.,Fils A.,21.0,50.0,2140.0,1011.0,6-3 6-2
2026-08-21,Western & Southern Financial Group Masters,Masters 1000,Hard,Quarterfinals,3,Fritz T.,Nakashima B.,Nakashima B.,9.0,22.0,3375.0,2135.0,6-7 6-4 3-6
2026-08-22,Western & Southern Financial Group Masters,Masters 1000,Hard,Quarterfinals,3,Musetti L.,Tiafoe F.,Tiafoe F.,15.0,23.0,2415.0,2130.0,6-7 5-7
2026-08-22,Western & Southern Financial Group Masters,Masters 1000,Hard,Semifinals,3,Fils A.,Cobolli F.,Fils A.,21.0,10.0,2140.0,3330.0,6-3 6-4
2026-08-23,Western & Southern Financial Group Masters,Masters 1000,Hard,Semifinals,3,Nakashima B.,Tiafoe F.,Tiafoe F.,22.0,23.0,2135.0,2130.0,5-7 3-6
2026-08-23,Western & Southern Financial Group Masters,Masters 1000,Hard,The Final,3,Tiafoe F.,Fils A.,Fils A.,23.0,21.0,2130.0,2140.0,3-6 6-1 0-6
2026-08-23,Winston-Salem Open at Wake Forest University,ATP250,Hard,1st Round,3,Bellucci M.,Landaluce M.,Bellucci M.,96.0,65.0,656.0,922.0,6-4 6-7 6-1
2026-08-23,Winston-Salem Open at Wake Forest University,ATP250,Hard,1st Round,3,Mpetshi G.,Brooksby J.,Brooksby J.,104.0,73.0,600.0,800.0,3-6 2-6
2026-08-23,Winston-Salem Open at Wake Forest University,ATP250,Hard,1st Round,3,Shimabukuro S.,Kecmanovic M.,Kecmanovic M.,87.0,64.0,705.0,925.0,4-6 3-6
2026-08-23,Winston-Salem Open at Wake Forest University,ATP250,Hard,1st Round,3,Wu Y.,Comesana F.,Comesana F.,113.0,123.0,551.0,503.0,3-6 4-6
2026-08-24,Winston-Salem Open at Wake Forest University,ATP250,Hard,1st Round,3,Bonzi B.,Majchrzak K.,Bonzi B.,109.0,72.0,572.0,827.0,6-4 7-6
2026-08-24,Winston-Salem Open at Wake Forest University,ATP250,Hard,1st Round,3,Duckworth J.,Vandecasteele Q.,Duckworth J.,79.0,456.0,763.0,102.0,6-2 6-1
2026-08-24,Winston-Salem Open at Wake Forest University,ATP250,Hard,1st Round,3,Gorzny S.,Hewitt C.,Hewitt C.,760.0,368.0,39.0,139.0,6-1 6-7 4-6
2026-08-24,Winston-Salem Open at Wake Forest University,ATP250,Hard,1st Round,3,Grenier H.,Safiullin R.,Grenier H.,255.0,98.0,218.0,634.0,7-6 4-6 6-3
2026-08-24,Winston-Salem Open at Wake Forest University,ATP250,Hard,1st Round,3,Hijikata R.,Blanch Dar.,Hijikata R.,85.0,241.0,709.0,232.0,6-4 7-6
2026-08-24,Winston-Salem Open at Wake Forest University,ATP250,Hard,1st Round,3,Rottgering M.,Choinski J.,Rottgering M.,389.0,75.0,127.0,773.0,7-5 2-6 6-4
2026-08-24,Winston-Salem Open at Wake Forest University,ATP250,Hard,1st Round,3,Shelbayh A.,Damm M.,Damm M.,256.0,92.0,218.0,675.0,4-6 6-7
2026-08-24,Winston-Salem Open at Wake Forest University,ATP250,Hard,1st Round,3,Sonego L.,Herbert P.,Sonego L.,91.0,288.0,683.0,194.0,7-6 4-6 6-3
2026-08-24,Winston-Salem Open at Wake Forest University,ATP250,Hard,1st Round,3,Suresh D.,Giron M.,Suresh D.,394.0,77.0,124.0,765.0,6-3 7-5
2026-08-24,Winston-Salem Open at Wake Forest University,ATP250,Hard,1st Round,3,Walton A.,De Jong J.,Walton A.,93.0,99.0,670.0,628.0,6-2 6-4
2026-08-24,Winston-Salem Open at Wake Forest University,ATP250,Hard,2nd Round,3,Brooksby J.,Tsitsipas S.,Tsitsipas S.,73.0,53.0,800.0,1000.0,4-6 6-7
2026-08-25,Winston-Salem Open at Wake Forest University,ATP250,Hard,1st Round,3,Kovacevic A.,Balshaw F.,Kovacevic A.,89.0,257.0,690.0,218.0,6-4 7-6
2026-08-25,Winston-Salem Open at Wake Forest University,ATP250,Hard,2nd Round,3,Bellucci M.,Darderi L.,Darderi L.,96.0,22.0,656.0,2175.0,6-2 4-6 2-6
2026-08-25,Winston-Salem Open at Wake Forest University,ATP250,Hard,2nd Round,3,Buse I.,Walton A.,Buse I.,36.0,93.0,1310.0,670.0,6-2 5-7 6-3
2026-08-25,Winston-Salem Open at Wake Forest University,ATP250,Hard,2nd Round,3,Comesana F.,Altmaier D.,Altmaier D.,123.0,57.0,503.0,964.0,1-6 6-7
2026-08-25,Winston-Salem Open at Wake Forest University,ATP250,Hard,2nd Round,3,Damm M.,Medvedev D.,Damm M.,92.0,8.0,675.0,3580.0,7-5 6-3
2026-08-25,Winston-Salem Open at Wake Forest University,ATP250,Hard,2nd Round,3,Duckworth J.,Navone M.,Duckworth J.,79.0,48.0,763.0,1065.0,6-3 7-6
2026-08-25,Winston-Salem Open at Wake Forest University,ATP250,Hard,2nd Round,3,Fery A.,Hewitt C.,Fery A.,37.0,368.0,1253.0,139.0,6-1 7-5
2026-08-25,Winston-Salem Open at Wake Forest University,ATP250,Hard,2nd Round,3,Halys Q.,Bonzi B.,Bonzi B.,52.0,109.0,1030.0,572.0,6-2 6-7 3-6
2026-08-25,Winston-Salem Open at Wake Forest University,ATP250,Hard,2nd Round,3,Hijikata R.,Collignon R.,Hijikata R.,85.0,38.0,709.0,1207.0,3-6 7-6 7-6
2026-08-25,Winston-Salem Open at Wake Forest University,ATP250,Hard,2nd Round,3,Kovacevic A.,Van Assche L.,Kovacevic A.,89.0,40.0,690.0,1140.0,6-1 7-6
2026-08-25,Winston-Salem Open at Wake Forest University,ATP250,Hard,2nd Round,3,Machac T.,Rottgering M.,Rottgering M.,58.0,389.0,960.0,127.0,2-6 6-7
2026-08-25,Winston-Salem Open at Wake Forest University,ATP250,Hard,2nd Round,3,Suresh D.,Cerundolo J.M.,Cerundolo J.M.,394.0,51.0,124.0,1040.0,6-7 3-6
2026-08-25,Winston-Salem Open at Wake Forest University,ATP250,Hard,2nd Round,3,Vallejo D.,Van De Zandschulp B.,Van De Zandschulp B.,61.0,71.0,948.0,834.0,2-6 0-6
2026-08-26,Winston-Salem Open at Wake Forest University,ATP250,Hard,2nd Round,3,Baez S.,Grenier H.,Baez S.,50.0,255.0,1044.0,218.0,7-5 7-6
2026-08-26,Winston-Salem Open at Wake Forest University,ATP250,Hard,2nd Round,3,Mannarino A.,Sonego L.,Sonego L.,67.0,91.0,895.0,683.0,1-6 6-7
2026-08-26,Winston-Salem Open at Wake Forest University,ATP250,Hard,2nd Round,3,Marozsan F.,Kecmanovic M.,Marozsan F.,63.0,64.0,930.0,925.0,6-3 6-4
2026-08-26,Winston-Salem Open at Wake Forest University,ATP250,Hard,3rd Round,3,Buse I.,Altmaier D.,Buse I.,36.0,57.0,1310.0,964.0,7-6 7-5
2026-08-26,Winston-Salem Open at Wake Forest University,ATP250,Hard,3rd Round,3,Fery A.,Rottgering M.,Fery A.,37.0,389.0,1253.0,127.0,6-3 6-3
2026-08-26,Winston-Salem Open at Wake Forest University,ATP250,Hard,3rd Round,3,Hijikata R.,Bonzi B.,Bonzi B.,85.0,109.0,709.0,572.0,1-6 1-6
2026-08-26,Winston-Salem Open at Wake Forest University,ATP250,Hard,3rd Round,3,Kovacevic A.,Tsitsipas S.,Kovacevic A.,89.0,53.0,690.0,1000.0,6-3 7-6
2026-08-26,Winston-Salem Open at Wake Forest University,ATP250,Hard,3rd Round,3,Sonego L.,Duckworth J.,Duckworth J.,91.0,79.0,683.0,763.0,5-7 3-6
2026-08-26,Winston-Salem Open at Wake Forest University,ATP250,Hard,3rd Round,3,Van De Zandschulp B.,Darderi L.,Van De Zandschulp B.,71.0,22.0,834.0,2175.0,6-1 6-0
2026-08-27,Winston-Salem Open at Wake Forest University,ATP250,Hard,3rd Round,3,Marozsan F.,Damm M.,Marozsan F.,63.0,92.0,930.0,675.0,2-6 6-3 6-3
2026-08-27,Winston-Salem Open at Wake Forest University,ATP250,Hard,Quarterfinals,3,Bonzi B.,Van De Zandschulp B.,Bonzi B.,109.0,71.0,572.0,834.0,7-6 6-4
2026-08-27,Winston-Salem Open at Wake Forest University,ATP250,Hard,Quarterfinals,3,Cerundolo J.M.,Buse I.,Buse I.,51.0,36.0,1040.0,1310.0,6-7 6-4 2-6
2026-08-28,Winston-Salem Open at Wake Forest University,ATP250,Hard,Quarterfinals,3,Fery A.,Kovacevic A.,Fery A.,37.0,89.0,1253.0,690.0,3-6 7-5 6-3
2026-08-28,Winston-Salem Open at Wake Forest University,ATP250,Hard,Quarterfinals,3,Marozsan F.,Duckworth J.,Duckworth J.,63.0,79.0,930.0,763.0,7-6 2-6 4-6
2026-08-28,Winston-Salem Open at Wake Forest University,ATP250,Hard,Semifinals,3,Buse I.,Bonzi B.,Buse I.,36.0,109.0,1310.0,572.0,6-2 4-6 6-1
2026-08-29,Winston-Salem Open at Wake Forest University,ATP250,Hard,The Final,3,Fery A.,Buse I.,Buse I.,37.0,36.0,1253.0,1310.0,3-6 2-6
